date,ticker,fields,reference_action,current_action,reference_confirmation,current_confirmation,reference_landscape,current_landscape,reason
2026-08-18,AMZN,landscape,hold,hold,58.39,58.39,"{""opportunityRange"": {""low"": 255.01, ""high"": 261.4}, ""reduceRange"": {""low"": 263.18, ""high"": 269.57}, ""invalidation"": 250.36, ""currentPrice"": 259.45}","{""opportunityRange"": {""low"": 252.39, ""high"": 264.03}, ""reduceRange"": {""low"": 274.37, ""high"": 286.01}, ""invalidation"": 250.36, ""currentPrice"": 259.45}","same fixed D/R/E; current validated structure path, positive ranges, baseline-break override; final action selects confirmation direction"
2026-08-18,FFAI,"confirmation,state,landscape,action,confidence",hold,accumulate,31.37,68.63,"{""opportunityRange"": {""low"": -0.46, ""high"": 0.66}, ""reduceRange"": {""low"": 3.23, ""high"": 4.35}, ""invalidation"": -0.62, ""currentPrice"": 3.31}","{""opportunityRange"": {""low"": 2.74, ""high"": 3.86}, ""reduceRange"": {""low"": 4.33, ""high"": 5.45}, ""invalidation"": 2.28, ""currentPrice"": 3.31}","same fixed D/R/E; current validated structure path, positive ranges, baseline-break override; final action selects confirmation direction"
2026-08-18,MU,landscape,accumulate,accumulate,51.39,51.39,"{""opportunityRange"": {""low"": 880.46, ""high"": 969.6}, ""reduceRange"": {""low"": 986.2, ""high"": 1075.34}, ""invalidation"": 863.88, ""currentPrice"": 940.76}","{""opportunityRange"": {""low"": 870.85, ""high"": 979.21}, ""reduceRange"": {""low"": 1200.82, ""high"": 1309.18}, ""invalidation"": 860.34, ""currentPrice"": 940.76}","same fixed D/R/E; current validated structure path, positive ranges, baseline-break override; final action selects confirmation direction"
2026-08-18,NFLX,landscape,hold,hold,54.89,54.89,"{""opportunityRange"": {""low"": 74.43, ""high"": 76.98}, ""reduceRange"": {""low"": 77.57, ""high"": 80.12}, ""invalidation"": 73.88, ""currentPrice"": 77.77}","{""opportunityRange"": {""low"": 63.32, ""high"": 67.22}, ""reduceRange"": {""low"": 76.89, ""high"": 80.79}, ""invalidation"": 60.89, ""currentPrice"": 77.77}","same fixed D/R/E; current validated structure path, positive ranges, baseline-break override; final action selects confirmation direction"
2026-08-18,SPCX,landscape,hold,hold,50.93,50.93,"{""opportunityRange"": {""low"": 97.25, ""high"": 114.27}, ""reduceRange"": {""low"": 141.29, ""high"": 158.31}, ""invalidation"": 95.62, ""currentPrice"": 143.34}","{""opportunityRange"": {""low"": 97.25, ""high"": 114.27}, ""reduceRange"": {""low"": 141.29, ""high"": 158.31}, ""invalidation"": 95.63, ""currentPrice"": 143.34}","same fixed D/R/E; current validated structure path, positive ranges, baseline-break override; final action selects confirmation direction"
2026-08-19,CRCL,landscape,hold,hold,58.54,58.54,"{""opportunityRange"": {""low"": 65.77, ""high"": 74.51}, ""reduceRange"": {""low"": 82.67, ""high"": 91.41}, ""invalidation"": 64.93, ""currentPrice"": 78.59}","{""opportunityRange"": {""low"": 65.77, ""high"": 74.51}, ""reduceRange"": {""low"": 82.67, ""high"": 91.41}, ""invalidation"": 64.94, ""currentPrice"": 78.59}","same fixed D/R/E; current validated structure path, positive ranges, baseline-break override; final action selects confirmation direction"
2026-08-19,FFAI,landscape,accumulate,accumulate,73.07,73.07,"{""opportunityRange"": {""low"": 3.03, ""high"": 3.34}, ""reduceRange"": {""low"": 3.57, ""high"": 3.88}, ""invalidation"": 2.32, ""currentPrice"": 3.23}","{""opportunityRange"": {""low"": 2.8, ""high"": 3.56}, ""reduceRange"": {""low"": 3.8, ""high"": 4.56}, ""invalidation"": 2.32, ""currentPrice"": 3.23}","same fixed D/R/E; current validated structure path, positive ranges, baseline-break override; final action selects confirmation direction"
2026-08-19,GOOGL,"state,landscape",hold,hold,61.97,61.97,"{""opportunityRange"": {""low"": 335.23, ""high"": 343.33}, ""reduceRange"": {""low"": 345.31, ""high"": 353.4}, ""invalidation"": 329.9, ""currentPrice"": 344.72}","{""opportunityRange"": {""low"": 332.74, ""high"": 345.82}, ""reduceRange"": {""low"": 351.47, ""high"": 364.55}, ""invalidation"": 329.9, ""currentPrice"": 344.72}","same fixed D/R/E; current validated structure path, positive ranges, baseline-break override; final action selects confirmation direction"
2026-08-19,HIMS,landscape,hold,hold,42.6,42.6,"{""opportunityRange"": {""low"": 28.15, ""high"": 30.58}, ""reduceRange"": {""low"": 31.1, ""high"": 33.53}, ""invalidation"": 27.54, ""currentPrice"": 31.09}","{""opportunityRange"": {""low"": 29.32, ""high"": 30.96}, ""reduceRange"": {""low"": 31.49, ""high"": 33.13}, ""invalidation"": 28.49, ""currentPrice"": 31.09}","same fixed D/R/E; current validated structure path, positive ranges, baseline-break override; final action selects confirmation direction"
2026-08-19,META,landscape,hold,hold,71.58,71.58,"{""opportunityRange"": {""low"": 506.27, ""high"": 539.37}, ""reduceRange"": {""low"": 558.81, ""high"": 591.91}, ""invalidation"": 503.12, ""currentPrice"": 546.03}","{""opportunityRange"": {""low"": 506.27, ""high"": 539.37}, ""reduceRange"": {""low"": 558.81, ""high"": 591.91}, ""invalidation"": 503.11, ""currentPrice"": 546.03}","same fixed D/R/E; current validated structure path, positive ranges, baseline-break override; final action selects confirmation direction"
2026-08-19,MU,"confirmation,state,landscape,action,confidence",accumulate,hold,52.55,47.45,"{""opportunityRange"": {""low"": 885.06, ""high"": 971.86}, ""reduceRange"": {""low"": 987.96, ""high"": 1074.76}, ""invalidation"": 864.65, ""currentPrice"": 937.1}","{""opportunityRange"": {""low"": 686.86, ""high"": 788.9}, ""reduceRange"": {""low"": 980.34, ""high"": 1082.38}, ""invalidation"": 91.1, ""currentPrice"": 937.1}","same fixed D/R/E; current validated structure path, positive ranges, baseline-break override; final action selects confirmation direction"
2026-08-19,SOFI,"state,landscape,action,confidence",accumulate,hold,70.93,70.93,"{""opportunityRange"": {""low"": 17.73, ""high"": 18.43}, ""reduceRange"": {""low"": 18.61, ""high"": 19.31}, ""invalidation"": 17.55, ""currentPrice"": 18.42}","{""opportunityRange"": {""low"": 17.39, ""high"": 18.31}, ""reduceRange"": {""low"": 18.5, ""high"": 19.42}, ""invalidation"": 17.15, ""currentPrice"": 18.42}","same fixed D/R/E; current validated structure path, positive ranges, baseline-break override; final action selects confirmation direction"
2026-08-20,FFAI,"state,landscape",hold,hold,60.06,60.06,"{""opportunityRange"": {""low"": 2.98, ""high"": 3.3}, ""reduceRange"": {""low"": 3.5, ""high"": 3.82}, ""invalidation"": 2.7, ""currentPrice"": 3.24}","{""opportunityRange"": {""low"": 2.6, ""high"": 3.17}, ""reduceRange"": {""low"": 3.38, ""high"": 3.95}, ""invalidation"": 2.35, ""currentPrice"": 3.24}","same fixed D/R/E; current validated structure path, positive ranges, baseline-break override; final action selects confirmation direction"
2026-08-20,META,landscape,hold,hold,67.61,67.61,"{""opportunityRange"": {""low"": 524.02, ""high"": 552.89}, ""reduceRange"": {""low"": 557.52, ""high"": 586.39}, ""invalidation"": 513.62, ""currentPrice"": 545.83}","{""opportunityRange"": {""low"": 522.61, ""high"": 554.29}, ""reduceRange"": {""low"": 564.29, ""high"": 595.97}, ""invalidation"": 513.62, ""currentPrice"": 545.83}","same fixed D/R/E; current validated structure path, positive ranges, baseline-break override; final action selects confirmation direction"
2026-08-20,MPT,"state,landscape",hold,hold,54.1,54.1,"{""opportunityRange"": {""low"": 3.89, ""high"": 4.07}, ""reduceRange"": {""low"": 4.11, ""high"": 4.28}, ""invalidation"": 3.73, ""currentPrice"": 4.08}","{""opportunityRange"": {""low"": 3.85, ""high"": 4.11}, ""reduceRange"": {""low"": 4.23, ""high"": 4.49}, ""invalidation"": 3.73, ""currentPrice"": 4.08}","same fixed D/R/E; current validated structure path, positive ranges, baseline-break override; final action selects confirmation direction"
2026-08-20,ORCL,"state,landscape",hold,hold,55.78,55.78,"{""opportunityRange"": {""low"": 134.14, ""high"": 141.47}, ""reduceRange"": {""low"": 143.12, ""high"": 150.45}, ""invalidation"": 129.29, ""currentPrice"": 142.07}","{""opportunityRange"": {""low"": 132.35, ""high"": 143.25}, ""reduceRange"": {""low"": 151.75, ""high"": 162.65}, ""invalidation"": 129.29, ""currentPrice"": 142.07}","same fixed D/R/E; current validated structure path, positive ranges, baseline-break override; final action selects confirmation direction"
2026-08-20,PLTR,"state,landscape",hold,hold,58.57,58.57,"{""opportunityRange"": {""low"": 166.9, ""high"": 172.62}, ""reduceRange"": {""low"": 174.42, ""high"": 180.14}, ""invalidation"": 160.47, ""currentPrice"": 173.96}","{""opportunityRange"": {""low"": 149.82, ""high"": 160.9}, ""reduceRange"": {""low"": 171.74, ""high"": 182.82}, ""invalidation"": 148.71, ""currentPrice"": 173.96}","same fixed D/R/E; current validated structure path, positive ranges, baseline-break override; final action selects confirmation direction"
2026-08-20,TEM,landscape,strong_buy,strong_buy,89.97,89.97,"{""opportunityRange"": {""low"": 59.35, ""high"": 66.65}, ""reduceRange"": {""low"": 100.67, ""high"": 107.97}, ""invalidation"": 58.66, ""currentPrice"": 66.65}","{""opportunityRange"": {""low"": 59.35, ""high"": 66.65}, ""reduceRange"": {""low"": 100.67, ""high"": 107.97}, ""invalidation"": 58.65, ""currentPrice"": 66.65}","same fixed D/R/E; current validated structure path, positive ranges, baseline-break override; final action selects confirmation direction"
2026-08-20,TSLA,"state,landscape",hold,hold,46.35,46.35,"{""opportunityRange"": {""low"": 326.03, ""high"": 341.85}, ""reduceRange"": {""low"": 344.85, ""high"": 360.66}, ""invalidation"": 318.39, ""currentPrice"": 345.13}","{""opportunityRange"": {""low"": 323.92, ""high"": 343.96}, ""reduceRange"": {""low"": 422.84, ""high"": 442.88}, ""invalidation"": 318.39, ""currentPrice"": 345.13}","same fixed D/R/E; current validated structure path, positive ranges, baseline-break override; final action selects confirmation direction"
2026-08-20,XE,landscape,hold,hold,35.46,35.46,"{""opportunityRange"": {""low"": 11.75, ""high"": 14.83}, ""reduceRange"": {""low"": 18.41, ""high"": 21.49}, ""invalidation"": 11.42, ""currentPrice"": 18.29}","{""opportunityRange"": {""low"": 11.75, ""high"": 14.83}, ""reduceRange"": {""low"": 18.41, ""high"": 21.49}, ""invalidation"": 11.43, ""currentPrice"": 18.29}","same fixed D/R/E; current validated structure path, positive ranges, baseline-break override; final action selects confirmation direction"
2026-08-21,AMD,"state,landscape",hold,hold,66.67,66.67,"{""opportunityRange"": {""low"": 450.6, ""high"": 471.3}, ""reduceRange"": {""low"": 477.27, ""high"": 497.96}, ""invalidation"": 442.58, ""currentPrice"": 473.25}","{""opportunityRange"": {""low"": 440.46, ""high"": 481.44}, ""reduceRange"": {""low"": 564.24, ""high"": 605.22}, ""invalidation"": 436.55, ""currentPrice"": 473.25}","same fixed D/R/E; current validated structure path, positive ranges, baseline-break override; final action selects confirmation direction"
2026-08-21,BABA,landscape,hold,hold,67.26,67.26,"{""opportunityRange"": {""low"": 115.74, ""high"": 121.92}, ""reduceRange"": {""low"": 123.11, ""high"": 129.29}, ""invalidation"": 113.95, ""currentPrice"": 119.34}","{""opportunityRange"": {""low"": 115.22, ""high"": 122.44}, ""reduceRange"": {""low"": 128.28, ""high"": 135.5}, ""invalidation"": 113.95, ""currentPrice"": 119.34}","same fixed D/R/E; current validated structure path, positive ranges, baseline-break override; final action selects confirmation direction"
2026-08-21,CRCL,landscape,hold,hold,88.09,88.09,"{""opportunityRange"": {""low"": 71.09, ""high"": 80.87}, ""reduceRange"": {""low"": 89.05, ""high"": 98.83}, ""invalidation"": 70.15, ""currentPrice"": 87.98}","{""opportunityRange"": {""low"": 71.09, ""high"": 80.87}, ""reduceRange"": {""low"": 89.05, ""high"": 98.83}, ""invalidation"": 70.16, ""currentPrice"": 87.98}","same fixed D/R/E; current validated structure path, positive ranges, baseline-break override; final action selects confirmation direction"
2026-08-21,FFAI,landscape,hold,hold,75.85,75.85,"{""opportunityRange"": {""low"": 2.75, ""high"": 3.38}, ""reduceRange"": {""low"": 3.57, ""high"": 4.2}, ""invalidation"": 2.57, ""currentPrice"": 3.2}","{""opportunityRange"": {""low"": 2.62, ""high"": 3.5}, ""reduceRange"": {""low"": 8.09, ""high"": 8.97}, ""invalidation"": 2.5, ""currentPrice"": 3.2}","same fixed D/R/E; current validated structure path, positive ranges, baseline-break override; final action selects confirmation direction"
2026-08-21,GOOGL,state,hold,hold,50.63,50.63,"{""opportunityRange"": {""low"": 333.05, ""high"": 343.47}, ""reduceRange"": {""low"": 345.38, ""high"": 355.8}, ""invalidation"": 330.05, ""currentPrice"": 344.82}","{""opportunityRange"": {""low"": 333.05, ""high"": 343.47}, ""reduceRange"": {""low"": 345.38, ""high"": 355.8}, ""invalidation"": 330.05, ""currentPrice"": 344.82}","same fixed D/R/E; current validated structure path, positive ranges, baseline-break override; final action selects confirmation direction"
2026-08-21,NFLX,state,hold,hold,49.8,49.8,"{""opportunityRange"": {""low"": 75.96, ""high"": 79.2}, ""reduceRange"": {""low"": 79.76, ""high"": 82.99}, ""invalidation"": 75.09, ""currentPrice"": 79.59}","{""opportunityRange"": {""low"": 75.96, ""high"": 79.2}, ""reduceRange"": {""low"": 79.76, ""high"": 82.99}, ""invalidation"": 75.09, ""currentPrice"": 79.59}","same fixed D/R/E; current validated structure path, positive ranges, baseline-break override; final action selects confirmation direction"
2026-08-21,NOW,landscape,hold,hold,58.14,58.14,"{""opportunityRange"": {""low"": 112.94, ""high"": 122.76}, ""reduceRange"": {""low"": 127.28, ""high"": 137.1}, ""invalidation"": 112.01, ""currentPrice"": 128.48}","{""opportunityRange"": {""low"": 112.94, ""high"": 122.76}, ""reduceRange"": {""low"": 127.28, ""high"": 137.1}, ""invalidation"": 112, ""currentPrice"": 128.48}","same fixed D/R/E; current validated structure path, positive ranges, baseline-break override; final action selects confirmation direction"
2026-08-21,PLTR,landscape,strong_buy,strong_buy,83.54,83.54,"{""opportunityRange"": {""low"": 170.32, ""high"": 182.54}, ""reduceRange"": {""low"": 201.41, ""high"": 213.63}, ""invalidation"": 169.15, ""currentPrice"": 179.94}","{""opportunityRange"": {""low"": 170.32, ""high"": 182.54}, ""reduceRange"": {""low"": 201.41, ""high"": 213.63}, ""invalidation"": 169.16, ""currentPrice"": 179.94}","same fixed D/R/E; current validated structure path, positive ranges, baseline-break override; final action selects confirmation direction"
2026-08-21,SPCX,landscape,accumulate,accumulate,73.68,73.68,"{""opportunityRange"": {""low"": 123.88, ""high"": 139.66}, ""reduceRange"": {""low"": 164.51, ""high"": 180.29}, ""invalidation"": 122.37, ""currentPrice"": 136.97}","{""opportunityRange"": {""low"": 123.88, ""high"": 139.66}, ""reduceRange"": {""low"": 164.51, ""high"": 180.29}, ""invalidation"": 122.38, ""currentPrice"": 136.97}","same fixed D/R/E; current validated structure path, positive ranges, baseline-break override; final action selects confirmation direction"
2026-08-21,UNH,landscape,hold,hold,67.65,67.65,"{""opportunityRange"": {""low"": 377.22, ""high"": 388.61}, ""reduceRange"": {""low"": 391.04, ""high"": 402.43}, ""invalidation"": 371.5, ""currentPrice"": 390.11}","{""opportunityRange"": {""low"": 375.76, ""high"": 390.06}, ""reduceRange"": {""low"": 454.47, ""high"": 468.77}, ""invalidation"": 371.5, ""currentPrice"": 390.11}","same fixed D/R/E; current validated structure path, positive ranges, baseline-break override; final action selects confirmation direction"
2026-08-24,BABA,landscape,hold,hold,66.35,66.35,"{""opportunityRange"": {""low"": 114.67, ""high"": 119.95}, ""reduceRange"": {""low"": 121.13, ""high"": 126.41}, ""invalidation"": 111.32, ""currentPrice"": 118.47}","{""opportunityRange"": {""low"": 113.74, ""high"": 120.88}, ""reduceRange"": {""low"": 127.46, ""high"": 134.6}, ""invalidation"": 111.32, ""currentPrice"": 118.47}","same fixed D/R/E; current validated structure path, positive ranges, baseline-break override; final action selects confirmation direction"
2026-08-24,FFAI,"state,landscape,action,confidence",sell,hold,78.15,78.15,"{""opportunityRange"": {""low"": 2.5, ""high"": 2.82}, ""reduceRange"": {""low"": 2.99, ""high"": 3.31}, ""invalidation"": 3.61, ""currentPrice"": 3.01}","{""opportunityRange"": {""low"": 2.25, ""high"": 3.07}, ""reduceRange"": {""low"": 3.34, ""high"": 4.16}, ""invalidation"": 1.81, ""currentPrice"": 3.01}","same fixed D/R/E; current validated structure path, positive ranges, baseline-break override; final action selects confirmation direction"
2026-08-24,GEV,landscape,hold,hold,68.92,68.92,"{""opportunityRange"": {""low"": 915.67, ""high"": 969.05}, ""reduceRange"": {""low"": 980.28, ""high"": 1033.66}, ""invalidation"": 900.48, ""currentPrice"": 942.1}","{""opportunityRange"": {""low"": 907.68, ""high"": 977.04}, ""reduceRange"": {""low"": 1161.26, ""high"": 1230.62}, ""invalidation"": 900.48, ""currentPrice"": 942.1}","same fixed D/R/E; current validated structure path, positive ranges, baseline-break override; final action selects confirmation direction"
2026-08-24,HIMS,landscape,accumulate,accumulate,54.88,54.88,"{""opportunityRange"": {""low"": 28.87, ""high"": 32.07}, ""reduceRange"": {""low"": 32.65, ""high"": 35.84}, ""invalidation"": 28.51, ""currentPrice"": 31.08}","{""opportunityRange"": {""low"": 28.87, ""high"": 32.07}, ""reduceRange"": {""low"": 32.65, ""high"": 35.84}, ""invalidation"": 28.5, ""currentPrice"": 31.08}","same fixed D/R/E; current validated structure path, positive ranges, baseline-break override; final action selects confirmation direction"
2026-08-24,MPT,"state,landscape",hold,hold,50.24,50.24,"{""opportunityRange"": {""low"": 3.92, ""high"": 4.09}, ""reduceRange"": {""low"": 4.13, ""high"": 4.3}, ""invalidation"": 3.76, ""currentPrice"": 4.12}","{""opportunityRange"": {""low"": 3.96, ""high"": 4.21}, ""reduceRange"": {""low"": 4.25, ""high"": 4.5}, ""invalidation"": 3.94, ""currentPrice"": 4.12}","same fixed D/R/E; current validated structure path, positive ranges, baseline-break override; final action selects confirmation direction"
2026-08-24,NFLX,landscape,hold,hold,51.8,51.8,"{""opportunityRange"": {""low"": 76.53, ""high"": 79.25}, ""reduceRange"": {""low"": 79.8, ""high"": 82.52}, ""invalidation"": 75.45, ""currentPrice"": 80.01}","{""opportunityRange"": {""low"": 63.29, ""high"": 66.89}, ""reduceRange"": {""low"": 79.36, ""high"": 82.96}, ""invalidation"": 62.95, ""currentPrice"": 80.01}","same fixed D/R/E; current validated structure path, positive ranges, baseline-break override; final action selects confirmation direction"
2026-08-24,NOK,"state,landscape,action,confidence",hold,trim,60.07,60.07,"{""opportunityRange"": {""low"": 9.22, ""high"": 9.88}, ""reduceRange"": {""low"": 10, ""high"": 10.66}, ""invalidation"": 9.14, ""currentPrice"": 9.96}","{""opportunityRange"": {""low"": 7.99, ""high"": 8.75}, ""reduceRange"": {""low"": 9.95, ""high"": 10.71}, ""invalidation"": 10.92, ""currentPrice"": 9.96}","same fixed D/R/E; current validated structure path, positive ranges, baseline-break override; final action selects confirmation direction"
2026-08-24,PLTR,"state,landscape",hold,hold,56.72,56.72,"{""opportunityRange"": {""low"": 167.55, ""high"": 174.68}, ""reduceRange"": {""low"": 176.57, ""high"": 183.7}, ""invalidation"": 164.57, ""currentPrice"": 175.89}","{""opportunityRange"": {""low"": 171.02, ""high"": 176.95}, ""reduceRange"": {""low"": 178.88, ""high"": 184.81}, ""invalidation"": 167.31, ""currentPrice"": 175.89}","same fixed D/R/E; current validated structure path, positive ranges, baseline-break override; final action selects confirmation direction"
2026-08-24,SOFI,"state,landscape,action,confidence",accumulate,hold,59.79,59.79,"{""opportunityRange"": {""low"": 17.86, ""high"": 18.54}, ""reduceRange"": {""low"": 18.75, ""high"": 19.43}, ""invalidation"": 17.36, ""currentPrice"": 18.24}","{""opportunityRange"": {""low"": 14.22, ""high"": 15.54}, ""reduceRange"": {""low"": 18.43, ""high"": 19.75}, ""invalidation"": 13.97, ""currentPrice"": 18.24}","same fixed D/R/E; current validated structure path, positive ranges, baseline-break override; final action selects confirmation direction"
2026-08-24,TSLA,"state,landscape",hold,hold,45.02,45.02,"{""opportunityRange"": {""low"": 338.24, ""high"": 349.06}, ""reduceRange"": {""low"": 352.55, ""high"": 363.37}, ""invalidation"": 326.45, ""currentPrice"": 348.95}","{""opportunityRange"": {""low"": 320.47, ""high"": 341.77}, ""reduceRange"": {""low"": 347.31, ""high"": 368.61}, ""invalidation"": 317.47, ""currentPrice"": 348.95}","same fixed D/R/E; current validated structure path, positive ranges, baseline-break override; final action selects confirmation direction"
2026-08-25,HIMS,landscape,accumulate,accumulate,60.93,60.93,"{""opportunityRange"": {""low"": 28.49, ""high"": 32.35}, ""reduceRange"": {""low"": 37.12, ""high"": 40.98}, ""invalidation"": 28.13, ""currentPrice"": 31.75}","{""opportunityRange"": {""low"": 28.49, ""high"": 32.35}, ""reduceRange"": {""low"": 37.12, ""high"": 40.98}, ""invalidation"": 28.12, ""currentPrice"": 31.75}","same fixed D/R/E; current validated structure path, positive ranges, baseline-break override; final action selects confirmation direction"
2026-08-25,MPT,"state,landscape",hold,hold,54.47,54.47,"{""opportunityRange"": {""low"": 3.91, ""high"": 4.09}, ""reduceRange"": {""low"": 4.12, ""high"": 4.3}, ""invalidation"": 3.76, ""currentPrice"": 4.11}","{""opportunityRange"": {""low"": 4, ""high"": 4.12}, ""reduceRange"": {""low"": 4.15, ""high"": 4.27}, ""invalidation"": 3.95, ""currentPrice"": 4.11}","same fixed D/R/E; current validated structure path, positive ranges, baseline-break override; final action selects confirmation direction"
2026-08-25,NFLX,"landscape,action",accumulate,strong_buy,77.55,77.55,"{""opportunityRange"": {""low"": 79.24, ""high"": 83.01}, ""reduceRange"": {""low"": 83.65, ""high"": 87.42}, ""invalidation"": 78.1, ""currentPrice"": 82.23}","{""opportunityRange"": {""low"": 79.09, ""high"": 83.15}, ""reduceRange"": {""low"": 89.06, ""high"": 93.12}, ""invalidation"": 78.1, ""currentPrice"": 82.23}","same fixed D/R/E; current validated structure path, positive ranges, baseline-break override; final action selects confirmation direction"
2026-08-25,NOK,state,hold,hold,54.35,54.35,"{""opportunityRange"": {""low"": 9.4, ""high"": 10.18}, ""reduceRange"": {""low"": 10.59, ""high"": 11.37}, ""invalidation"": 9.26, ""currentPrice"": 10.35}","{""opportunityRange"": {""low"": 9.4, ""high"": 10.18}, ""reduceRange"": {""low"": 10.59, ""high"": 11.37}, ""invalidation"": 9.26, ""currentPrice"": 10.35}","same fixed D/R/E; current validated structure path, positive ranges, baseline-break override; final action selects confirmation direction"
2026-08-25,ORCL,landscape,hold,hold,73.62,73.62,"{""opportunityRange"": {""low"": 109.29, ""high"": 119.71}, ""reduceRange"": {""low"": 142.73, ""high"": 153.15}, ""invalidation"": 108.29, ""currentPrice"": 144.76}","{""opportunityRange"": {""low"": 109.29, ""high"": 119.71}, ""reduceRange"": {""low"": 142.73, ""high"": 153.15}, ""invalidation"": 108.3, ""currentPrice"": 144.76}","same fixed D/R/E; current validated structure path, positive ranges, baseline-break override; final action selects confirmation direction"
2026-08-25,PLTR,"state,landscape",hold,hold,54.47,54.47,"{""opportunityRange"": {""low"": 167.71, ""high"": 174.81}, ""reduceRange"": {""low"": 176.65, ""high"": 183.74}, ""invalidation"": 163.15, ""currentPrice"": 172.73}","{""opportunityRange"": {""low"": 155.32, ""high"": 167.44}, ""reduceRange"": {""low"": 172.43, ""high"": 184.55}, ""invalidation"": 154.1, ""currentPrice"": 172.73}","same fixed D/R/E; current validated structure path, positive ranges, baseline-break override; final action selects confirmation direction"
2026-08-25,TSLA,"state,landscape,action,confidence",accumulate,hold,67.31,67.31,"{""opportunityRange"": {""low"": 338.6, ""high"": 354.58}, ""reduceRange"": {""low"": 357.81, ""high"": 373.78}, ""invalidation"": 335.58, ""currentPrice"": 350.25}","{""opportunityRange"": {""low"": 286.63, ""high"": 308.13}, ""reduceRange"": {""low"": 355.04, ""high"": 376.54}, ""invalidation"": 284.58, ""currentPrice"": 350.25}","same fixed D/R/E; current validated structure path, positive ranges, baseline-break override; final action selects confirmation direction"
2026-08-25,ZETA,state,hold,hold,54.01,54.01,"{""opportunityRange"": {""low"": 25.14, ""high"": 27.24}, ""reduceRange"": {""low"": 28.48, ""high"": 30.58}, ""invalidation"": 24.92, ""currentPrice"": 27.88}","{""opportunityRange"": {""low"": 25.14, ""high"": 27.24}, ""reduceRange"": {""low"": 28.48, ""high"": 30.58}, ""invalidation"": 24.92, ""currentPrice"": 27.88}","same fixed D/R/E; current validated structure path, positive ranges, baseline-break override; final action selects confirmation direction"
2026-08-26,BABA,landscape,hold,hold,58.19,58.19,"{""opportunityRange"": {""low"": 113.27, ""high"": 119.01}, ""reduceRange"": {""low"": 120, ""high"": 125.74}, ""invalidation"": 110.62, ""currentPrice"": 119.83}","{""opportunityRange"": {""low"": 112.88, ""high"": 119.4}, ""reduceRange"": {""low"": 128.96, ""high"": 135.48}, ""invalidation"": 110.62, ""currentPrice"": 119.83}","same fixed D/R/E; current validated structure path, positive ranges, baseline-break override; final action selects confirmation direction"
2026-08-26,HIMS,landscape,hold,hold,36.47,36.47,"{""opportunityRange"": {""low"": 24.76, ""high"": 28.06}, ""reduceRange"": {""low"": 28.63, ""high"": 31.93}, ""invalidation"": 24.11, ""currentPrice"": 29.83}","{""opportunityRange"": {""low"": 23.18, ""high"": 26.6}, ""reduceRange"": {""low"": 28.57, ""high"": 31.99}, ""invalidation"": 22.82, ""currentPrice"": 29.83}","same fixed D/R/E; current validated structure path, positive ranges, baseline-break override; final action selects confirmation direction"
2026-08-26,META,landscape,accumulate,accumulate,64.15,64.15,"{""opportunityRange"": {""low"": 560.52, ""high"": 581.01}, ""reduceRange"": {""low"": 585.86, ""high"": 606.35}, ""invalidation"": 530.73, ""currentPrice"": 576.14}","{""opportunityRange"": {""low"": 555.42, ""high"": 586.1}, ""reduceRange"": {""low"": 670.74, ""high"": 701.42}, ""invalidation"": 530.73, ""currentPrice"": 576.14}","same fixed D/R/E; current validated structure path, positive ranges, baseline-break override; final action selects confirmation direction"
2026-08-26,MPT,"state,landscape,action,confidence",trim,hold,56.36,56.36,"{""opportunityRange"": {""low"": 3.92, ""high"": 4.04}, ""reduceRange"": {""low"": 4.07, ""high"": 4.19}, ""invalidation"": 4.25, ""currentPrice"": 4.08}","{""opportunityRange"": {""low"": 3.87, ""high"": 4.09}, ""reduceRange"": {""low"": 4.2, ""high"": 4.42}, ""invalidation"": 3.61, ""currentPrice"": 4.08}","same fixed D/R/E; current validated structure path, positive ranges, baseline-break override; final action selects confirmation direction"
2026-08-26,NFLX,landscape,hold,hold,47.22,47.22,"{""opportunityRange"": {""low"": 79.38, ""high"": 83.08}, ""reduceRange"": {""low"": 83.68, ""high"": 87.38}, ""invalidation"": 78.67, ""currentPrice"": 81.46}","{""opportunityRange"": {""low"": 79.33, ""high"": 83.13}, ""reduceRange"": {""low"": 89.19, ""high"": 92.99}, ""invalidation"": 78.67, ""currentPrice"": 81.46}","same fixed D/R/E; current validated structure path, positive ranges, baseline-break override; final action selects confirmation direction"
2026-08-26,NVDA,landscape,hold,hold,55.94,55.94,"{""opportunityRange"": {""low"": 202.9, ""high"": 210.99}, ""reduceRange"": {""low"": 212.56, ""high"": 220.65}, ""invalidation"": 199.6, ""currentPrice"": 209.66}","{""opportunityRange"": {""low"": 201.8, ""high"": 212.08}, ""reduceRange"": {""low"": 223.27, ""high"": 233.55}, ""invalidation"": 199.6, ""currentPrice"": 209.66}","same fixed D/R/E; current validated structure path, positive ranges, baseline-break override; final action selects confirmation direction"
2026-08-26,ORCL,"landscape,action",accumulate,buy,82.07,82.07,"{""opportunityRange"": {""low"": 144.65, ""high"": 150.19}, ""reduceRange"": {""low"": 151.79, ""high"": 157.33}, ""invalidation"": 141.65, ""currentPrice"": 148.87}","{""opportunityRange"": {""low"": 142.16, ""high"": 152.68}, ""reduceRange"": {""low"": 164.01, ""high"": 174.53}, ""invalidation"": 141.16, ""currentPrice"": 148.87}","same fixed D/R/E; current validated structure path, positive ranges, baseline-break override; final action selects confirmation direction"
2026-08-26,SOFI,landscape,hold,hold,76.13,76.13,"{""opportunityRange"": {""low"": 17.57, ""high"": 18.71}, ""reduceRange"": {""low"": 18.91, ""high"": 20.05}, ""invalidation"": 17.36, ""currentPrice"": 18.84}","{""opportunityRange"": {""low"": 17.45, ""high"": 18.83}, ""reduceRange"": {""low"": 19.05, ""high"": 20.43}, ""invalidation"": 17.32, ""currentPrice"": 18.84}","same fixed D/R/E; current validated structure path, positive ranges, baseline-break override; final action selects confirmation direction"
2026-08-26,SPCX,landscape,buy,buy,77.15,77.15,"{""opportunityRange"": {""low"": 132.16, ""high"": 145.62}, ""reduceRange"": {""low"": 161.17, ""high"": 174.63}, ""invalidation"": 130.86, ""currentPrice"": 139.63}","{""opportunityRange"": {""low"": 132.16, ""high"": 145.62}, ""reduceRange"": {""low"": 161.17, ""high"": 174.63}, ""invalidation"": 130.85, ""currentPrice"": 139.63}","same fixed D/R/E; current validated structure path, positive ranges, baseline-break override; final action selects confirmation direction"
2026-08-26,XE,landscape,accumulate,accumulate,67.41,67.41,"{""opportunityRange"": {""low"": 16.41, ""high"": 18.29}, ""reduceRange"": {""low"": 18.8, ""high"": 20.68}, ""invalidation"": 15.07, ""currentPrice"": 18.26}","{""opportunityRange"": {""low"": 15.83, ""high"": 18.87}, ""reduceRange"": {""low"": 22.47, ""high"": 25.51}, ""invalidation"": 15.07, ""currentPrice"": 18.26}","same fixed D/R/E; current validated structure path, positive ranges, baseline-break override; final action selects confirmation direction"
2026-08-26,ZETA,"state,landscape,action,confidence",accumulate,hold,77.77,77.77,"{""opportunityRange"": {""low"": 27.14, ""high"": 28.48}, ""reduceRange"": {""low"": 28.81, ""high"": 30.15}, ""invalidation"": 26.34, ""currentPrice"": 28.23}","{""opportunityRange"": {""low"": 25.48, ""high"": 27.58}, ""reduceRange"": {""low"": 28.43, ""high"": 30.53}, ""invalidation"": 24.86, ""currentPrice"": 28.23}","same fixed D/R/E; current validated structure path, positive ranges, baseline-break override; final action selects confirmation direction"
2026-08-27,AMD,landscape,hold,hold,48.54,48.54,"{""opportunityRange"": {""low"": 405.37, ""high"": 442.69}, ""reduceRange"": {""low"": 470.78, ""high"": 508.1}, ""invalidation"": 401.66, ""currentPrice"": 476.67}","{""opportunityRange"": {""low"": 405.37, ""high"": 442.69}, ""reduceRange"": {""low"": 470.78, ""high"": 508.1}, ""invalidation"": 401.65, ""currentPrice"": 476.67}","same fixed D/R/E; current validated structure path, positive ranges, baseline-break override; final action selects confirmation direction"
2026-08-27,AMZN,landscape,hold,hold,60.74,60.74,"{""opportunityRange"": {""low"": 251.28, ""high"": 258.96}, ""reduceRange"": {""low"": 260.49, ""high"": 268.17}, ""invalidation"": 247.19, ""currentPrice"": 256.26}","{""opportunityRange"": {""low"": 253.08, ""high"": 257.16}, ""reduceRange"": {""low"": 258.72, ""high"": 262.8}, ""invalidation"": 247.19, ""currentPrice"": 256.26}","same fixed D/R/E; current validated structure path, positive ranges, baseline-break override; final action selects confirmation direction"
2026-08-27,CRCL,landscape,accumulate,accumulate,82.75,82.75,"{""opportunityRange"": {""low"": 90.86, ""high"": 95.38}, ""reduceRange"": {""low"": 96.96, ""high"": 101.48}, ""invalidation"": 88.06, ""currentPrice"": 94.24}","{""opportunityRange"": {""low"": 88.74, ""high"": 94.66}, ""reduceRange"": {""low"": 96.26, ""high"": 102.18}, ""invalidation"": 82.56, ""currentPrice"": 94.24}","same fixed D/R/E; current validated structure path, positive ranges, baseline-break override; final action selects confirmation direction"
2026-08-27,GEV,landscape,hold,hold,64.63,64.63,"{""opportunityRange"": {""low"": 900.74, ""high"": 943.27}, ""reduceRange"": {""low"": 953.96, ""high"": 996.49}, ""invalidation"": 866.79, ""currentPrice"": 953.83}","{""opportunityRange"": {""low"": 891.16, ""high"": 952.84}, ""reduceRange"": {""low"": 963.54, ""high"": 1025.22}, ""invalidation"": 866.79, ""currentPrice"": 953.83}","same fixed D/R/E; current validated structure path, positive ranges, baseline-break override; final action selects confirmation direction"
2026-08-27,GOOGL,"state,landscape",hold,hold,65.95,65.95,"{""opportunityRange"": {""low"": 333.5, ""high"": 343.33}, ""reduceRange"": {""low"": 345.03, ""high"": 354.85}, ""invalidation"": 330.91, ""currentPrice"": 340.65}","{""opportunityRange"": {""low"": 309.56, ""high"": 320.26}, ""reduceRange"": {""low"": 344.59, ""high"": 355.29}, ""invalidation"": 203.31, ""currentPrice"": 340.65}","same fixed D/R/E; current validated structure path, positive ranges, baseline-break override; final action selects confirmation direction"
2026-08-27,NVDA,state,hold,hold,81.71,81.71,"{""opportunityRange"": {""low"": 211.47, ""high"": 224.57}, ""reduceRange"": {""low"": 229.99, ""high"": 243.09}, ""invalidation"": 210.2, ""currentPrice"": 227.98}","{""opportunityRange"": {""low"": 211.47, ""high"": 224.57}, ""reduceRange"": {""low"": 229.99, ""high"": 243.09}, ""invalidation"": 210.2, ""currentPrice"": 227.98}","same fixed D/R/E; current validated structure path, positive ranges, baseline-break override; final action selects confirmation direction"
2026-08-27,SOFI,"state,landscape",hold,hold,74.97,74.97,"{""opportunityRange"": {""low"": 17.65, ""high"": 18.77}, ""reduceRange"": {""low"": 18.98, ""high"": 20.1}, ""invalidation"": 17.32, ""currentPrice"": 19.18}","{""opportunityRange"": {""low"": 17.52, ""high"": 18.9}, ""reduceRange"": {""low"": 19.65, ""high"": 21.03}, ""invalidation"": 17.32, ""currentPrice"": 19.18}","same fixed D/R/E; current validated structure path, positive ranges, baseline-break override; final action selects confirmation direction"
2026-08-27,SPCX,landscape,accumulate,accumulate,77.1,77.1,"{""opportunityRange"": {""low"": 133.49, ""high"": 145.51}, ""reduceRange"": {""low"": 147.49, ""high"": 159.51}, ""invalidation"": 132.27, ""currentPrice"": 140.87}","{""opportunityRange"": {""low"": 130.69, ""high"": 143.27}, ""reduceRange"": {""low"": 147.21, ""high"": 159.79}, ""invalidation"": 128.7, ""currentPrice"": 140.87}","same fixed D/R/E; current validated structure path, positive ranges, baseline-break override; final action selects confirmation direction"
2026-08-28,CRCL,"state,landscape,action,confidence",accumulate,hold,72.34,72.34,"{""opportunityRange"": {""low"": 80.78, ""high"": 90.57}, ""reduceRange"": {""low"": 92.11, ""high"": 101.9}, ""invalidation"": 79.43, ""currentPrice"": 87.14}","{""opportunityRange"": {""low"": 72.67, ""high"": 82.39}, ""reduceRange"": {""low"": 92.14, ""high"": 101.86}, ""invalidation"": 70.37, ""currentPrice"": 87.14}","same fixed D/R/E; current validated structure path, positive ranges, baseline-break override; final action selects confirmation direction"
2026-08-28,META,landscape,hold,hold,64.13,64.13,"{""opportunityRange"": {""low"": 507.27, ""high"": 538.37}, ""reduceRange"": {""low"": 575.48, ""high"": 606.58}, ""invalidation"": 504.3, ""currentPrice"": 578.02}","{""opportunityRange"": {""low"": 507.27, ""high"": 538.37}, ""reduceRange"": {""low"": 575.48, ""high"": 606.58}, ""invalidation"": 504.31, ""currentPrice"": 578.02}","same fixed D/R/E; current validated structure path, positive ranges, baseline-break override; final action selects confirmation direction"
2026-08-28,MSFT,landscape,strong_buy,strong_buy,72.49,72.49,"{""opportunityRange"": {""low"": 503.44, ""high"": 522.44}, ""reduceRange"": {""low"": 544.22, ""high"": 563.22}, ""invalidation"": 501.62, ""currentPrice"": 513.53}","{""opportunityRange"": {""low"": 503.44, ""high"": 522.44}, ""reduceRange"": {""low"": 544.22, ""high"": 563.22}, ""invalidation"": 501.63, ""currentPrice"": 513.53}","same fixed D/R/E; current validated structure path, positive ranges, baseline-break override; final action selects confirmation direction"
2026-08-28,MU,landscape,hold,hold,48.91,48.91,"{""opportunityRange"": {""low"": 851.61, ""high"": 915.93}, ""reduceRange"": {""low"": 929.79, ""high"": 994.11}, ""invalidation"": 834.52, ""currentPrice"": 932.86}","{""opportunityRange"": {""low"": 695.06, ""high"": 780.7}, ""reduceRange"": {""low"": 919.13, ""high"": 1004.77}, ""invalidation"": 641.8, ""currentPrice"": 932.86}","same fixed D/R/E; current validated structure path, positive ranges, baseline-break override; final action selects confirmation direction"
2026-08-28,NVDA,"state,landscape",hold,hold,38.09,38.09,"{""opportunityRange"": {""low"": 209.59, ""high"": 221.89}, ""reduceRange"": {""low"": 224.01, ""high"": 236.31}, ""invalidation"": 207.3, ""currentPrice"": 217.55}","{""opportunityRange"": {""low"": 183.3, ""high"": 196.74}, ""reduceRange"": {""low"": 223.44, ""high"": 236.88}, ""invalidation"": 179.28, ""currentPrice"": 217.55}","same fixed D/R/E; current validated structure path, positive ranges, baseline-break override; final action selects confirmation direction"
2026-08-28,TSLA,landscape,hold,hold,55.58,55.58,"{""opportunityRange"": {""low"": 338.42, ""high"": 351.63}, ""reduceRange"": {""low"": 354.7, ""high"": 367.91}, ""invalidation"": 329.31, ""currentPrice"": 348.75}","{""opportunityRange"": {""low"": 334.8, ""high"": 355.24}, ""reduceRange"": {""low"": 402.94, ""high"": 423.38}, ""invalidation"": 329.31, ""currentPrice"": 348.75}","same fixed D/R/E; current validated structure path, positive ranges, baseline-break override; final action selects confirmation direction"
2026-08-28,TSM,landscape,hold,hold,46.6,46.6,"{""opportunityRange"": {""low"": 397.57, ""high"": 415.43}, ""reduceRange"": {""low"": 421.11, ""high"": 438.97}, ""invalidation"": 395.76, ""currentPrice"": 417.52}","{""opportunityRange"": {""low"": 397.57, ""high"": 415.43}, ""reduceRange"": {""low"": 421.11, ""high"": 438.97}, ""invalidation"": 395.77, ""currentPrice"": 417.52}","same fixed D/R/E; current validated structure path, positive ranges, baseline-break override; final action selects confirmation direction"
2026-08-28,UNH,state,hold,hold,52.91,52.91,"{""opportunityRange"": {""low"": 377.5, ""high"": 390.82}, ""reduceRange"": {""low"": 395.9, ""high"": 409.22}, ""invalidation"": 371.9, ""currentPrice"": 392.95}","{""opportunityRange"": {""low"": 377.5, ""high"": 390.82}, ""reduceRange"": {""low"": 395.9, ""high"": 409.22}, ""invalidation"": 371.9, ""currentPrice"": 392.95}","same fixed D/R/E; current validated structure path, positive ranges, baseline-break override; final action selects confirmation direction"
2026-08-31,AAPL,"state,landscape,action,confidence",hold,accumulate,58.12,58.12,"{""opportunityRange"": {""low"": 308.99, ""high"": 316.27}, ""reduceRange"": {""low"": 318.04, ""high"": 325.32}, ""invalidation"": 306.07, ""currentPrice"": 316.85}","{""opportunityRange"": {""low"": 306.83, ""high"": 318.43}, ""reduceRange"": {""low"": 338.83, ""high"": 350.43}, ""invalidation"": 305.7, ""currentPrice"": 316.85}","same fixed D/R/E; current validated structure path, positive ranges, baseline-break override; final action selects confirmation direction"
2026-08-31,AMD,"confirmation,state,landscape,action,confidence",accumulate,hold,53.48,46.52,"{""opportunityRange"": {""low"": 454.6, ""high"": 473.57}, ""reduceRange"": {""low"": 478.75, ""high"": 497.72}, ""invalidation"": 442.27, ""currentPrice"": 470.72}","{""opportunityRange"": {""low"": 407.16, ""high"": 440.9}, ""reduceRange"": {""low"": 471.36, ""high"": 505.1}, ""invalidation"": 141.83, ""currentPrice"": 470.72}","same fixed D/R/E; current validated structure path, positive ranges, baseline-break override; final action selects confirmation direction"
2026-08-31,AMZN,"state,landscape",hold,hold,50.6,50.6,"{""opportunityRange"": {""low"": 251.74, ""high"": 260.92}, ""reduceRange"": {""low"": 262.67, ""high"": 271.85}, ""invalidation"": 248.43, ""currentPrice"": 259.77}","{""opportunityRange"": {""low"": 253.5, ""high"": 259.16}, ""reduceRange"": {""low"": 260.93, ""high"": 266.59}, ""invalidation"": 248.43, ""currentPrice"": 259.77}","same fixed D/R/E; current validated structure path, positive ranges, baseline-break override; final action selects confirmation direction"
2026-08-31,FFAI,"state,landscape,action",hold,avoid,77.15,77.15,"{""opportunityRange"": {""low"": 1.98, ""high"": 2.33}, ""reduceRange"": {""low"": 2.44, ""high"": 2.8}, ""invalidation"": 1.87, ""currentPrice"": 2.26}","{""opportunityRange"": null, ""reduceRange"": null, ""invalidation"": null, ""currentPrice"": 2.26}","same fixed D/R/E; current validated structure path, positive ranges, baseline-break override; final action selects confirmation direction"
2026-08-31,GOOGL,"state,landscape",hold,hold,51.51,51.51,"{""opportunityRange"": {""low"": 332.62, ""high"": 341.2}, ""reduceRange"": {""low"": 343.06, ""high"": 351.64}, ""invalidation"": 330.66, ""currentPrice"": 339.35}","{""opportunityRange"": {""low"": 309.01, ""high"": 320.81}, ""reduceRange"": {""low"": 341.45, ""high"": 353.25}, ""invalidation"": 203.61, ""currentPrice"": 339.35}","same fixed D/R/E; current validated structure path, positive ranges, baseline-break override; final action selects confirmation direction"
2026-08-31,MSFT,"state,landscape",hold,hold,62.4,62.4,"{""opportunityRange"": {""low"": 487.55, ""high"": 503.9}, ""reduceRange"": {""low"": 506.7, ""high"": 523.04}, ""invalidation"": 482.95, ""currentPrice"": 507.29}","{""opportunityRange"": {""low"": 486.75, ""high"": 504.69}, ""reduceRange"": {""low"": 508.47, ""high"": 526.41}, ""invalidation"": 482.95, ""currentPrice"": 507.29}","same fixed D/R/E; current validated structure path, positive ranges, baseline-break override; final action selects confirmation direction"
2026-08-31,MU,"state,landscape",hold,hold,55.69,55.69,"{""opportunityRange"": {""low"": 896.59, ""high"": 936.99}, ""reduceRange"": {""low"": 949.73, ""high"": 990.13}, ""invalidation"": 869.78, ""currentPrice"": 958.73}","{""opportunityRange"": {""low"": 888.32, ""high"": 971.86}, ""reduceRange"": {""low"": 1213.23, ""high"": 1296.77}, ""invalidation"": 880.22, ""currentPrice"": 958.73}","same fixed D/R/E; current validated structure path, positive ranges, baseline-break override; final action selects confirmation direction"
2026-08-31,NOK,landscape,hold,hold,57.55,57.55,"{""opportunityRange"": {""low"": 9.93, ""high"": 10.34}, ""reduceRange"": {""low"": 10.44, ""high"": 10.85}, ""invalidation"": 9.76, ""currentPrice"": 10.14}","{""opportunityRange"": {""low"": 9.53, ""high"": 10.17}, ""reduceRange"": {""low"": 10.32, ""high"": 10.96}, ""invalidation"": 9.37, ""currentPrice"": 10.14}","same fixed D/R/E; current validated structure path, positive ranges, baseline-break override; final action selects confirmation direction"
2026-08-31,SPCX,landscape,accumulate,accumulate,80.74,80.74,"{""opportunityRange"": {""low"": 135.98, ""high"": 146.46}, ""reduceRange"": {""low"": 148.26, ""high"": 158.74}, ""invalidation"": 134.42, ""currentPrice"": 143.69}","{""opportunityRange"": {""low"": 133.35, ""high"": 144.85}, ""reduceRange"": {""low"": 147.75, ""high"": 159.25}, ""invalidation"": 132.23, ""currentPrice"": 143.69}","same fixed D/R/E; current validated structure path, positive ranges, baseline-break override; final action selects confirmation direction"
2026-08-31,ZETA,landscape,hold,hold,83.32,83.32,"{""opportunityRange"": {""low"": 25.94, ""high"": 28.32}, ""reduceRange"": {""low"": 37.01, ""high"": 39.39}, ""invalidation"": 25.72, ""currentPrice"": 30.97}","{""opportunityRange"": {""low"": 25.94, ""high"": 28.32}, ""reduceRange"": {""low"": 37.01, ""high"": 39.39}, ""invalidation"": 25.71, ""currentPrice"": 30.97}","same fixed D/R/E; current validated structure path, positive ranges, baseline-break override; final action selects confirmation direction"
2026-09-01,HIMS,"state,landscape",hold,hold,73.68,73.68,"{""opportunityRange"": {""low"": 26.58, ""high"": 28.9}, ""reduceRange"": {""low"": 29.43, ""high"": 31.75}, ""invalidation"": 25.72, ""currentPrice"": 28.44}","{""opportunityRange"": {""low"": 12.09, ""high"": 15.33}, ""reduceRange"": {""low"": 28.97, ""high"": 32.21}, ""invalidation"": 11.77, ""currentPrice"": 28.44}","same fixed D/R/E; current validated structure path, positive ranges, baseline-break override; final action selects confirmation direction"
2026-09-01,MPT,landscape,accumulate,accumulate,58.26,58.26,"{""opportunityRange"": {""low"": 3.9, ""high"": 4.08}, ""reduceRange"": {""low"": 4.11, ""high"": 4.29}, ""invalidation"": 3.84, ""currentPrice"": 4.03}","{""opportunityRange"": {""low"": 3.88, ""high"": 4.1}, ""reduceRange"": {""low"": 4.15, ""high"": 4.37}, ""invalidation"": 3.84, ""currentPrice"": 4.03}","same fixed D/R/E; current validated structure path, positive ranges, baseline-break override; final action selects confirmation direction"
2026-09-01,MU,"state,landscape",hold,hold,61.15,61.15,"{""opportunityRange"": {""low"": 896.69, ""high"": 937.06}, ""reduceRange"": {""low"": 949.66, ""high"": 990.03}, ""invalidation"": 862.94, ""currentPrice"": 933.44}","{""opportunityRange"": {""low"": 859.52, ""high"": 924.39}, ""reduceRange"": {""low"": 937.41, ""high"": 1002.28}, ""invalidation"": 835.71, ""currentPrice"": 933.44}","same fixed D/R/E; current validated structure path, positive ranges, baseline-break override; final action selects confirmation direction"
2026-09-01,NFLX,landscape,trim,trim,52.57,52.57,"{""opportunityRange"": {""low"": 76.89, ""high"": 80.18}, ""reduceRange"": {""low"": 80.73, ""high"": 84.02}, ""invalidation"": 85, ""currentPrice"": 80.81}","{""opportunityRange"": {""low"": 63.43, ""high"": 67.11}, ""reduceRange"": {""low"": 80.53, ""high"": 84.21}, ""invalidation"": 85.19, ""currentPrice"": 80.81}","same fixed D/R/E; current validated structure path, positive ranges, baseline-break override; final action selects confirmation direction"
2026-09-01,TSLA,landscape,accumulate,accumulate,65.83,65.83,"{""opportunityRange"": {""low"": 338.58, ""high"": 356.85}, ""reduceRange"": {""low"": 360.17, ""high"": 378.44}, ""invalidation"": 336.46, ""currentPrice"": 356.09}","{""opportunityRange"": {""low"": 336.6, ""high"": 358.82}, ""reduceRange"": {""low"": 402.05, ""high"": 424.27}, ""invalidation"": 334.48, ""currentPrice"": 356.09}","same fixed D/R/E; current validated structure path, positive ranges, baseline-break override; final action selects confirmation direction"
2026-09-02,AMZN,landscape,hold,hold,67.07,67.07,"{""opportunityRange"": {""low"": 249.26, ""high"": 255.11}, ""reduceRange"": {""low"": 256.69, ""high"": 262.54}, ""invalidation"": 244.35, ""currentPrice"": 254.98}","{""opportunityRange"": {""low"": 246.97, ""high"": 257.39}, ""reduceRange"": {""low"": 281.97, ""high"": 292.39}, ""invalidation"": 244.35, ""currentPrice"": 254.98}","same fixed D/R/E; current validated structure path, positive ranges, baseline-break override; final action selects confirmation direction"
2026-09-02,CRCL,state,hold,hold,57.98,57.98,"{""opportunityRange"": {""low"": 76.62, ""high"": 86.78}, ""reduceRange"": {""low"": 91.17, ""high"": 101.33}, ""invalidation"": 74.95, ""currentPrice"": 88.64}","{""opportunityRange"": {""low"": 76.62, ""high"": 86.78}, ""reduceRange"": {""low"": 91.17, ""high"": 101.33}, ""invalidation"": 74.95, ""currentPrice"": 88.64}","same fixed D/R/E; current validated structure path, positive ranges, baseline-break override; final action selects confirmation direction"
2026-09-02,FFAI,"state,landscape,action,confidence",sell,hold,87.16,87.16,"{""opportunityRange"": {""low"": -0.13, ""high"": 0.37}, ""reduceRange"": {""low"": 1.92, ""high"": 2.42}, ""invalidation"": 2.6, ""currentPrice"": 1.92}","{""opportunityRange"": {""low"": 1.49, ""high"": 1.87}, ""reduceRange"": {""low"": 1.98, ""high"": 2.36}, ""invalidation"": 1.05, ""currentPrice"": 1.92}","same fixed D/R/E; current validated structure path, positive ranges, baseline-break override; final action selects confirmation direction"
2026-09-02,GEV,"state,landscape",hold,hold,42.19,42.19,"{""opportunityRange"": {""low"": 852.74, ""high"": 900.82}, ""reduceRange"": {""low"": 910.44, ""high"": 958.51}, ""invalidation"": 842.57, ""currentPrice"": 921.94}","{""opportunityRange"": {""low"": 845.08, ""high"": 908.48}, ""reduceRange"": {""low"": 942.86, ""high"": 1006.26}, ""invalidation"": 838.97, ""currentPrice"": 921.94}","same fixed D/R/E; current validated structure path, positive ranges, baseline-break override; final action selects confirmation direction"
2026-09-02,GOOGL,state,hold,hold,66.21,66.21,"{""opportunityRange"": {""low"": 329.53, ""high"": 336.31}, ""reduceRange"": {""low"": 338.17, ""high"": 344.95}, ""invalidation"": 325.48, ""currentPrice"": 337.12}","{""opportunityRange"": {""low"": 329.53, ""high"": 336.31}, ""reduceRange"": {""low"": 338.17, ""high"": 344.95}, ""invalidation"": 325.48, ""currentPrice"": 337.12}","same fixed D/R/E; current validated structure path, positive ranges, baseline-break override; final action selects confirmation direction"
2026-09-02,MPT,state,hold,hold,46.74,46.74,"{""opportunityRange"": {""low"": 3.78, ""high"": 4}, ""reduceRange"": {""low"": 4.1, ""high"": 4.32}, ""invalidation"": 3.61, ""currentPrice"": 4.06}","{""opportunityRange"": {""low"": 3.78, ""high"": 4}, ""reduceRange"": {""low"": 4.1, ""high"": 4.32}, ""invalidation"": 3.61, ""currentPrice"": 4.06}","same fixed D/R/E; current validated structure path, positive ranges, baseline-break override; final action selects confirmation direction"
2026-09-02,NVDA,"state,landscape",hold,hold,45.25,45.25,"{""opportunityRange"": {""low"": 210.66, ""high"": 221.09}, ""reduceRange"": {""low"": 223.05, ""high"": 233.48}, ""invalidation"": 208.79, ""currentPrice"": 224.41}","{""opportunityRange"": {""low"": 209.15, ""high"": 222.59}, ""reduceRange"": {""low"": 229.82, ""high"": 243.26}, ""invalidation"": 207.87, ""currentPrice"": 224.41}","same fixed D/R/E; current validated structure path, positive ranges, baseline-break override; final action selects confirmation direction"
2026-09-02,SPCX,"state,landscape",hold,hold,73.14,73.14,"{""opportunityRange"": {""low"": 134.33, ""high"": 140.54}, ""reduceRange"": {""low"": 142.14, ""high"": 148.35}, ""invalidation"": 130.37, ""currentPrice"": 140.71}","{""opportunityRange"": {""low"": 99.66, ""high"": 110.34}, ""reduceRange"": {""low"": 139.9, ""high"": 150.58}, ""invalidation"": 69.29, ""currentPrice"": 140.71}","same fixed D/R/E; current validated structure path, positive ranges, baseline-break override; final action selects confirmation direction"
2026-09-02,TEM,landscape,hold,hold,58.95,58.95,"{""opportunityRange"": {""low"": 55.63, ""high"": 64.45}, ""reduceRange"": {""low"": 68.76, ""high"": 77.58}, ""invalidation"": 54.78, ""currentPrice"": 61.94}","{""opportunityRange"": {""low"": 55.63, ""high"": 64.45}, ""reduceRange"": {""low"": 68.76, ""high"": 77.58}, ""invalidation"": 54.79, ""currentPrice"": 61.94}","same fixed D/R/E; current validated structure path, positive ranges, baseline-break override; final action selects confirmation direction"
2026-09-03,FFAI,"state,landscape",hold,hold,83.4,83.4,"{""opportunityRange"": {""low"": -0.11, ""high"": 0.35}, ""reduceRange"": {""low"": 1.89, ""high"": 2.35}, ""invalidation"": -0.17, ""currentPrice"": 1.76}","{""opportunityRange"": {""low"": 1.31, ""high"": 1.77}, ""reduceRange"": {""low"": 1.89, ""high"": 2.35}, ""invalidation"": 1.06, ""currentPrice"": 1.76}","same fixed D/R/E; current validated structure path, positive ranges, baseline-break override; final action selects confirmation direction"
2026-09-03,GOOGL,state,hold,hold,57.75,57.75,"{""opportunityRange"": {""low"": 327.27, ""high"": 339.05}, ""reduceRange"": {""low"": 345.66, ""high"": 357.44}, ""invalidation"": 325.48, ""currentPrice"": 342.48}","{""opportunityRange"": {""low"": 327.27, ""high"": 339.05}, ""reduceRange"": {""low"": 345.66, ""high"": 357.44}, ""invalidation"": 325.48, ""currentPrice"": 342.48}","same fixed D/R/E; current validated structure path, positive ranges, baseline-break override; final action selects confirmation direction"
2026-09-03,META,landscape,buy,buy,72.09,72.09,"{""opportunityRange"": {""low"": 590.93, ""high"": 624.21}, ""reduceRange"": {""low"": 669.44, ""high"": 702.72}, ""invalidation"": 587.71, ""currentPrice"": 610.68}","{""opportunityRange"": {""low"": 590.93, ""high"": 624.21}, ""reduceRange"": {""low"": 669.44, ""high"": 702.72}, ""invalidation"": 587.7, ""currentPrice"": 610.68}","same fixed D/R/E; current validated structure path, positive ranges, baseline-break override; final action selects confirmation direction"
2026-09-03,MPT,"confirmation,state,landscape,action,confidence",accumulate,hold,50.67,49.33,"{""opportunityRange"": {""low"": 3.91, ""high"": 4.07}, ""reduceRange"": {""low"": 4.1, ""high"": 4.26}, ""invalidation"": 3.84, ""currentPrice"": 4.04}","{""opportunityRange"": {""low"": 3.91, ""high"": 4.01}, ""reduceRange"": {""low"": 4.05, ""high"": 4.15}, ""invalidation"": 3.84, ""currentPrice"": 4.04}","same fixed D/R/E; current validated structure path, positive ranges, baseline-break override; final action selects confirmation direction"
2026-09-03,NOK,landscape,hold,hold,57.52,57.52,"{""opportunityRange"": {""low"": 9.44, ""high"": 9.85}, ""reduceRange"": {""low"": 9.94, ""high"": 10.35}, ""invalidation"": 9.12, ""currentPrice"": 9.77}","{""opportunityRange"": {""low"": 9.34, ""high"": 9.94}, ""reduceRange"": {""low"": 10.35, ""high"": 10.95}, ""invalidation"": 9.12, ""currentPrice"": 9.77}","same fixed D/R/E; current validated structure path, positive ranges, baseline-break override; final action selects confirmation direction"
2026-09-03,ORCL,"state,landscape",hold,hold,75.06,75.06,"{""opportunityRange"": {""low"": 142.29, ""high"": 152.45}, ""reduceRange"": {""low"": 154.18, ""high"": 164.34}, ""invalidation"": 141.22, ""currentPrice"": 154.04}","{""opportunityRange"": {""low"": 134.16, ""high"": 145.28}, ""reduceRange"": {""low"": 153.7, ""high"": 164.82}, ""invalidation"": 132.05, ""currentPrice"": 154.04}","same fixed D/R/E; current validated structure path, positive ranges, baseline-break override; final action selects confirmation direction"
2026-09-03,SOFI,landscape,hold,hold,68.48,68.48,"{""opportunityRange"": {""low"": 16.28, ""high"": 17.68}, ""reduceRange"": {""low"": 18.65, ""high"": 20.05}, ""invalidation"": 16.15, ""currentPrice"": 18.51}","{""opportunityRange"": {""low"": 16.28, ""high"": 17.68}, ""reduceRange"": {""low"": 18.65, ""high"": 20.05}, ""invalidation"": 16.14, ""currentPrice"": 18.51}","same fixed D/R/E; current validated structure path, positive ranges, baseline-break override; final action selects confirmation direction"
2026-09-03,SPCX,landscape,hold,hold,87.56,87.56,"{""opportunityRange"": {""low"": 132.92, ""high"": 144.68}, ""reduceRange"": {""low"": 219.76, ""high"": 231.52}, ""invalidation"": 131.79, ""currentPrice"": 149.74}","{""opportunityRange"": {""low"": 132.92, ""high"": 144.68}, ""reduceRange"": {""low"": 219.76, ""high"": 231.52}, ""invalidation"": 131.8, ""currentPrice"": 149.74}","same fixed D/R/E; current validated structure path, positive ranges, baseline-break override; final action selects confirmation direction"
2026-09-03,TEM,landscape,hold,hold,65.03,65.03,"{""opportunityRange"": {""low"": 57.01, ""high"": 62.76}, ""reduceRange"": {""low"": 64.01, ""high"": 69.76}, ""invalidation"": 55.29, ""currentPrice"": 64.66}","{""opportunityRange"": {""low"": 36.58, ""high"": 44.96}, ""reduceRange"": {""low"": 62.69, ""high"": 71.07}, ""invalidation"": 35.78, ""currentPrice"": 64.66}","same fixed D/R/E; current validated structure path, positive ranges, baseline-break override; final action selects confirmation direction"
2026-09-03,TSM,"state,landscape",hold,hold,43.07,43.07,"{""opportunityRange"": {""low"": 411.79, ""high"": 421.45}, ""reduceRange"": {""low"": 423.86, ""high"": 433.52}, ""invalidation"": 404.54, ""currentPrice"": 417.01}","{""opportunityRange"": {""low"": 400.06, ""high"": 415.18}, ""reduceRange"": {""low"": 421.13, ""high"": 436.25}, ""invalidation"": 397.83, ""currentPrice"": 417.01}","same fixed D/R/E; current validated structure path, positive ranges, baseline-break override; final action selects confirmation direction"
2026-09-04,AAPL,landscape,accumulate,accumulate,57.02,57.02,"{""opportunityRange"": {""low"": 314.15, ""high"": 323.89}, ""reduceRange"": {""low"": 325.81, ""high"": 335.55}, ""invalidation"": 312.93, ""currentPrice"": 319.97}","{""opportunityRange"": {""low"": 312.73, ""high"": 325.31}, ""reduceRange"": {""low"": 338.28, ""high"": 350.86}, ""invalidation"": 311.51, ""currentPrice"": 319.97}","same fixed D/R/E; current validated structure path, positive ranges, baseline-break override; final action selects confirmation direction"
2026-09-04,MPT,"state,landscape",hold,hold,73.42,73.42,"{""opportunityRange"": {""low"": 3.89, ""high"": 4.05}, ""reduceRange"": {""low"": 4.08, ""high"": 4.24}, ""invalidation"": 3.84, ""currentPrice"": 4.01}","{""opportunityRange"": {""low"": 3.79, ""high"": 3.99}, ""reduceRange"": {""low"": 4.06, ""high"": 4.26}, ""invalidation"": 3.52, ""currentPrice"": 4.01}","same fixed D/R/E; current validated structure path, positive ranges, baseline-break override; final action selects confirmation direction"
2026-09-04,MSFT,state,hold,hold,65.66,65.66,"{""opportunityRange"": {""low"": 476.3, ""high"": 495.02}, ""reduceRange"": {""low"": 505.51, ""high"": 524.23}, ""invalidation"": 474, ""currentPrice"": 499.7}","{""opportunityRange"": {""low"": 476.3, ""high"": 495.02}, ""reduceRange"": {""low"": 505.51, ""high"": 524.23}, ""invalidation"": 474, ""currentPrice"": 499.7}","same fixed D/R/E; current validated structure path, positive ranges, baseline-break override; final action selects confirmation direction"
2026-09-04,MU,landscape,hold,hold,80.69,80.69,"{""opportunityRange"": {""low"": 894.13, ""high"": 975.35}, ""reduceRange"": {""low"": 995.52, ""high"": 1076.74}, ""invalidation"": 886.38, ""currentPrice"": 1016.59}","{""opportunityRange"": {""low"": 894.13, ""high"": 975.35}, ""reduceRange"": {""low"": 995.52, ""high"": 1076.74}, ""invalidation"": 886.39, ""currentPrice"": 1016.59}","same fixed D/R/E; current validated structure path, positive ranges, baseline-break override; final action selects confirmation direction"
2026-09-04,NOK,"state,landscape",hold,hold,51.55,51.55,"{""opportunityRange"": {""low"": 9.3, ""high"": 9.8}, ""reduceRange"": {""low"": 9.89, ""high"": 10.39}, ""invalidation"": 9.12, ""currentPrice"": 10.03}","{""opportunityRange"": {""low"": 9.25, ""high"": 9.85}, ""reduceRange"": {""low"": 10.26, ""high"": 10.86}, ""invalidation"": 9.12, ""currentPrice"": 10.03}","same fixed D/R/E; current validated structure path, positive ranges, baseline-break override; final action selects confirmation direction"
2026-09-04,ORCL,landscape,hold,hold,75.93,75.93,"{""opportunityRange"": {""low"": 151.33, ""high"": 162.19}, ""reduceRange"": {""low"": 340.29, ""high"": 351.15}, ""invalidation"": 150.27, ""currentPrice"": 158.78}","{""opportunityRange"": {""low"": 151.33, ""high"": 162.19}, ""reduceRange"": {""low"": 340.29, ""high"": 351.15}, ""invalidation"": 150.28, ""currentPrice"": 158.78}","same fixed D/R/E; current validated structure path, positive ranges, baseline-break override; final action selects confirmation direction"
2026-09-04,PLTR,landscape,hold,hold,61.88,61.88,"{""opportunityRange"": {""low"": 163.07, ""high"": 175.02}, ""reduceRange"": {""low"": 177.13, ""high"": 189.08}, ""invalidation"": 161.73, ""currentPrice"": 174.33}","{""opportunityRange"": {""low"": 163.07, ""high"": 175.02}, ""reduceRange"": {""low"": 177.13, ""high"": 189.08}, ""invalidation"": 161.74, ""currentPrice"": 174.33}","same fixed D/R/E; current validated structure path, positive ranges, baseline-break override; final action selects confirmation direction"
2026-09-04,TSM,landscape,hold,hold,45.93,45.93,"{""opportunityRange"": {""low"": 411.63, ""high"": 426.21}, ""reduceRange"": {""low"": 428.75, ""high"": 443.33}, ""invalidation"": 410.06, ""currentPrice"": 428.91}","{""opportunityRange"": {""low"": 399.2, ""high"": 415.52}, ""reduceRange"": {""low"": 427.88, ""high"": 444.2}, ""invalidation"": 397.63, ""currentPrice"": 428.91}","same fixed D/R/E; current validated structure path, positive ranges, baseline-break override; final action selects confirmation direction"
2026-09-04,ZETA,"state,landscape,action,confidence",accumulate,hold,67.72,67.72,"{""opportunityRange"": {""low"": 29.14, ""high"": 31.39}, ""reduceRange"": {""low"": 31.79, ""high"": 34.03}, ""invalidation"": 28.78, ""currentPrice"": 31.35}","{""opportunityRange"": {""low"": 29.57, ""high"": 30.96}, ""reduceRange"": {""low"": 31.36, ""high"": 32.74}, ""invalidation"": 28.78, ""currentPrice"": 31.35}","same fixed D/R/E; current validated structure path, positive ranges, baseline-break override; final action selects confirmation direction"
2026-09-08,AMZN,landscape,trim,trim,66.94,66.94,"{""opportunityRange"": {""low"": 249.08, ""high"": 255.39}, ""reduceRange"": {""low"": 256.87, ""high"": 263.17}, ""invalidation"": 265.77, ""currentPrice"": 256.97}","{""opportunityRange"": {""low"": 219.02, ""high"": 228.34}, ""reduceRange"": {""low"": 255.36, ""high"": 264.68}, ""invalidation"": 267.28, ""currentPrice"": 256.97}","same fixed D/R/E; current validated structure path, positive ranges, baseline-break override; final action selects confirmation direction"
2026-09-08,CRCL,"state,landscape,action,confidence",accumulate,hold,72.66,72.66,"{""opportunityRange"": {""low"": 88.74, ""high"": 97.44}, ""reduceRange"": {""low"": 99.11, ""high"": 107.81}, ""invalidation"": 83.59, ""currentPrice"": 96.18}","{""opportunityRange"": {""low"": 79.21, ""high"": 90.15}, ""reduceRange"": {""low"": 97.99, ""high"": 108.93}, ""invalidation"": 78.15, ""currentPrice"": 96.18}","same fixed D/R/E; current validated structure path, positive ranges, baseline-break override; final action selects confirmation direction"
2026-09-08,MU,"state,landscape",hold,hold,72.56,72.56,"{""opportunityRange"": {""low"": 927.98, ""high"": 991.82}, ""reduceRange"": {""low"": 1004.21, ""high"": 1068.05}, ""invalidation"": 902.11, ""currentPrice"": 1000.26}","{""opportunityRange"": {""low"": 909.19, ""high"": 985.56}, ""reduceRange"": {""low"": 997.95, ""high"": 1074.32}, ""invalidation"": 901.57, ""currentPrice"": 1000.26}","same fixed D/R/E; current validated structure path, positive ranges, baseline-break override; final action selects confirmation direction"
2026-09-08,NFLX,landscape,hold,hold,64.22,64.22,"{""opportunityRange"": {""low"": 63.26, ""high"": 67.28}, ""reduceRange"": {""low"": 77.98, ""high"": 82}, ""invalidation"": 62.87, ""currentPrice"": 76.77}","{""opportunityRange"": {""low"": 63.26, ""high"": 67.28}, ""reduceRange"": {""low"": 77.98, ""high"": 82}, ""invalidation"": 62.88, ""currentPrice"": 76.77}","same fixed D/R/E; current validated structure path, positive ranges, baseline-break override; final action selects confirmation direction"
2026-09-08,NVDA,landscape,accumulate,accumulate,58.59,58.59,"{""opportunityRange"": {""low"": 217.75, ""high"": 228.27}, ""reduceRange"": {""low"": 230.12, ""high"": 240.64}, ""invalidation"": 216.55, ""currentPrice"": 225.73}","{""opportunityRange"": {""low"": 213.99, ""high"": 226.15}, ""reduceRange"": {""low"": 229.3, ""high"": 241.46}, ""invalidation"": 212.47, ""currentPrice"": 225.73}","same fixed D/R/E; current validated structure path, positive ranges, baseline-break override; final action selects confirmation direction"
2026-09-08,PLTR,landscape,hold,hold,64.09,64.09,"{""opportunityRange"": {""low"": 165.12, ""high"": 172.12}, ""reduceRange"": {""low"": 174.15, ""high"": 181.15}, ""invalidation"": 158.35, ""currentPrice"": 170.3}","{""opportunityRange"": {""low"": 162.05, ""high"": 175.19}, ""reduceRange"": {""low"": 179.26, ""high"": 192.4}, ""invalidation"": 158.35, ""currentPrice"": 170.3}","same fixed D/R/E; current validated structure path, positive ranges, baseline-break override; final action selects confirmation direction"
2026-09-08,TSLA,"state,landscape,action,confidence",hold,accumulate,77.18,77.18,"{""opportunityRange"": {""low"": 341.89, ""high"": 364.2}, ""reduceRange"": {""low"": 368.22, ""high"": 390.53}, ""invalidation"": 336.37, ""currentPrice"": 368.16}","{""opportunityRange"": {""low"": 356.98, ""high"": 369.21}, ""reduceRange"": {""low"": 373.26, ""high"": 385.49}, ""invalidation"": 349.33, ""currentPrice"": 368.16}","same fixed D/R/E; current validated structure path, positive ranges, baseline-break override; final action selects confirmation direction"
2026-09-08,TSM,landscape,buy,buy,71.54,71.54,"{""opportunityRange"": {""low"": 427.53, ""high"": 445.13}, ""reduceRange"": {""low"": 470.2, ""high"": 487.8}, ""invalidation"": 425.86, ""currentPrice"": 439}","{""opportunityRange"": {""low"": 427.53, ""high"": 445.13}, ""reduceRange"": {""low"": 470.2, ""high"": 487.8}, ""invalidation"": 425.85, ""currentPrice"": 439}","same fixed D/R/E; current validated structure path, positive ranges, baseline-break override; final action selects confirmation direction"
2026-09-09,AMD,landscape,hold,hold,73.65,73.65,"{""opportunityRange"": {""low"": 465.19, ""high"": 500.29}, ""reduceRange"": {""low"": 543.92, ""high"": 579.02}, ""invalidation"": 461.78, ""currentPrice"": 521.09}","{""opportunityRange"": {""low"": 465.19, ""high"": 500.29}, ""reduceRange"": {""low"": 543.92, ""high"": 579.02}, ""invalidation"": 461.79, ""currentPrice"": 521.09}","same fixed D/R/E; current validated structure path, positive ranges, baseline-break override; final action selects confirmation direction"
2026-09-09,AMZN,"state,landscape",hold,hold,72.67,72.67,"{""opportunityRange"": {""low"": 247.99, ""high"": 254.83}, ""reduceRange"": {""low"": 256.3, ""high"": 263.14}, ""invalidation"": 245.49, ""currentPrice"": 252.4}","{""opportunityRange"": {""low"": 219.02, ""high"": 228.34}, ""reduceRange"": {""low"": 255.06, ""high"": 264.38}, ""invalidation"": 193.96, ""currentPrice"": 252.4}","same fixed D/R/E; current validated structure path, positive ranges, baseline-break override; final action selects confirmation direction"
2026-09-09,FFAI,landscape,hold,hold,75.1,75.1,"{""opportunityRange"": {""low"": 1.53, ""high"": 1.88}, ""reduceRange"": {""low"": 1.95, ""high"": 2.3}, ""invalidation"": 1.42, ""currentPrice"": 1.8}","{""opportunityRange"": {""low"": 1.5, ""high"": 1.9}, ""reduceRange"": {""low"": 2.43, ""high"": 2.83}, ""invalidation"": 1.42, ""currentPrice"": 1.8}","same fixed D/R/E; current validated structure path, positive ranges, baseline-break override; final action selects confirmation direction"
2026-09-09,NOW,"state,landscape,action,confidence",hold,trim,58.63,58.63,"{""opportunityRange"": {""low"": 121.18, ""high"": 130.07}, ""reduceRange"": {""low"": 131.77, ""high"": 140.66}, ""invalidation"": 116.98, ""currentPrice"": 131.11}","{""opportunityRange"": {""low"": 122.1, ""high"": 129.16}, ""reduceRange"": {""low"": 130.89, ""high"": 137.95}, ""invalidation"": 140.84, ""currentPrice"": 131.11}","same fixed D/R/E; current validated structure path, positive ranges, baseline-break override; final action selects confirmation direction"
2026-09-09,PLTR,landscape,hold,hold,60.63,60.63,"{""opportunityRange"": {""low"": 167.09, ""high"": 172.39}, ""reduceRange"": {""low"": 174.35, ""high"": 179.65}, ""invalidation"": 163.11, ""currentPrice"": 169.53}","{""opportunityRange"": {""low"": 163.93, ""high"": 175.55}, ""reduceRange"": {""low"": 180.02, ""high"": 191.64}, ""invalidation"": 162.75, ""currentPrice"": 169.53}","same fixed D/R/E; current validated structure path, positive ranges, baseline-break override; final action selects confirmation direction"
2026-09-09,SPCX,"state,landscape,action",hold,avoid,44.02,44.02,"{""opportunityRange"": {""low"": 140.14, ""high"": 148.55}, ""reduceRange"": {""low"": 150.35, ""high"": 158.77}, ""invalidation"": 138.34, ""currentPrice"": 147.55}","{""opportunityRange"": null, ""reduceRange"": null, ""invalidation"": null, ""currentPrice"": 147.55}","same fixed D/R/E; current validated structure path, positive ranges, baseline-break override; final action selects confirmation direction"
2026-09-09,TSLA,state,hold,hold,71.52,71.52,"{""opportunityRange"": {""low"": 343.13, ""high"": 365.73}, ""reduceRange"": {""low"": 369.5, ""high"": 392.1}, ""invalidation"": 340.76, ""currentPrice"": 367.81}","{""opportunityRange"": {""low"": 343.13, ""high"": 365.73}, ""reduceRange"": {""low"": 369.5, ""high"": 392.1}, ""invalidation"": 340.76, ""currentPrice"": 367.81}","same fixed D/R/E; current validated structure path, positive ranges, baseline-break override; final action selects confirmation direction"
2026-09-09,UNH,"state,landscape",hold,hold,70.1,70.1,"{""opportunityRange"": {""low"": 380.57, ""high"": 392.51}, ""reduceRange"": {""low"": 395.14, ""high"": 407.08}, ""invalidation"": 252.16, ""currentPrice"": 393.06}","{""opportunityRange"": {""low"": 379.2, ""high"": 393.88}, ""reduceRange"": {""low"": 396.52, ""high"": 411.2}, ""invalidation"": 252.16, ""currentPrice"": 393.06}","same fixed D/R/E; current validated structure path, positive ranges, baseline-break override; final action selects confirmation direction"
2026-09-10,AAPL,"state,landscape",hold,hold,76.16,76.16,"{""opportunityRange"": {""low"": 318.91, ""high"": 325.39}, ""reduceRange"": {""low"": 327.49, ""high"": 333.96}, ""invalidation"": 314.41, ""currentPrice"": 326.57}","{""opportunityRange"": {""low"": 315.68, ""high"": 324.31}, ""reduceRange"": {""low"": 326.41, ""high"": 335.04}, ""invalidation"": 313.85, ""currentPrice"": 326.57}","same fixed D/R/E; current validated structure path, positive ranges, baseline-break override; final action selects confirmation direction"
2026-09-10,FFAI,landscape,hold,hold,80.67,80.67,"{""opportunityRange"": {""low"": 1.55, ""high"": 1.83}, ""reduceRange"": {""low"": 1.9, ""high"": 2.18}, ""invalidation"": 1.45, ""currentPrice"": 1.71}","{""opportunityRange"": {""low"": 1.51, ""high"": 1.87}, ""reduceRange"": {""low"": 2.24, ""high"": 2.6}, ""invalidation"": 1.45, ""currentPrice"": 1.71}","same fixed D/R/E; current validated structure path, positive ranges, baseline-break override; final action selects confirmation direction"
2026-09-10,GS,"state,landscape",hold,hold,67.88,67.88,"{""opportunityRange"": {""low"": 998.64, ""high"": 1016.68}, ""reduceRange"": {""low"": 1022.59, ""high"": 1040.63}, ""invalidation"": 983.7, ""currentPrice"": 1019.77}","{""opportunityRange"": {""low"": 988.68, ""high"": 1026.64}, ""reduceRange"": {""low"": 1087.68, ""high"": 1125.64}, ""invalidation"": 983.7, ""currentPrice"": 1019.77}","same fixed D/R/E; current validated structure path, positive ranges, baseline-break override; final action selects confirmation direction"
2026-09-10,NVDA,landscape,accumulate,accumulate,51.72,51.72,"{""opportunityRange"": {""low"": 210.87, ""high"": 221.49}, ""reduceRange"": {""low"": 229.61, ""high"": 240.23}, ""invalidation"": 209.79, ""currentPrice"": 218.36}","{""opportunityRange"": {""low"": 210.87, ""high"": 221.49}, ""reduceRange"": {""low"": 229.61, ""high"": 240.23}, ""invalidation"": 209.8, ""currentPrice"": 218.36}","same fixed D/R/E; current validated structure path, positive ranges, baseline-break override; final action selects confirmation direction"
2026-09-10,ORCL,landscape,hold,hold,60.36,60.36,"{""opportunityRange"": {""low"": 108.49, ""high"": 120.51}, ""reduceRange"": {""low"": 151.02, ""high"": 163.04}, ""invalidation"": 107.35, ""currentPrice"": 152.94}","{""opportunityRange"": {""low"": 108.49, ""high"": 120.51}, ""reduceRange"": {""low"": 151.02, ""high"": 163.04}, ""invalidation"": 107.34, ""currentPrice"": 152.94}","same fixed D/R/E; current validated structure path, positive ranges, baseline-break override; final action selects confirmation direction"
2026-09-11,AAPL,landscape,hold,hold,73.47,73.47,"{""opportunityRange"": {""low"": 315.41, ""high"": 329.37}, ""reduceRange"": {""low"": 337.59, ""high"": 351.55}, ""invalidation"": 314.05, ""currentPrice"": 332.27}","{""opportunityRange"": {""low"": 315.41, ""high"": 329.37}, ""reduceRange"": {""low"": 337.59, ""high"": 351.55}, ""invalidation"": 314.06, ""currentPrice"": 332.27}","same fixed D/R/E; current validated structure path, positive ranges, baseline-break override; final action selects confirmation direction"
2026-09-11,BABA,landscape,hold,hold,62.6,62.6,"{""opportunityRange"": {""low"": 105.29, ""high"": 109.67}, ""reduceRange"": {""low"": 110.34, ""high"": 114.72}, ""invalidation"": 104.29, ""currentPrice"": 109.3}","{""opportunityRange"": {""low"": 105.28, ""high"": 109.68}, ""reduceRange"": {""low"": 114.73, ""high"": 119.13}, ""invalidation"": 104.29, ""currentPrice"": 109.3}","same fixed D/R/E; current validated structure path, positive ranges, baseline-break override; final action selects confirmation direction"
2026-09-11,CRCL,"state,landscape",hold,hold,54.67,54.67,"{""opportunityRange"": {""low"": 85.37, ""high"": 90.58}, ""reduceRange"": {""low"": 92.07, ""high"": 97.28}, ""invalidation"": 83.08, ""currentPrice"": 90.6}","{""opportunityRange"": {""low"": 81.1, ""high"": 89.15}, ""reduceRange"": {""low"": 90.65, ""high"": 98.7}, ""invalidation"": 80.12, ""currentPrice"": 90.6}","same fixed D/R/E; current validated structure path, positive ranges, baseline-break override; final action selects confirmation direction"
2026-09-11,GEV,"confirmation,state,landscape,action,confidence",trim,hold,60.66,39.34,"{""opportunityRange"": {""low"": 911.65, ""high"": 948.71}, ""reduceRange"": {""low"": 957.16, ""high"": 994.22}, ""invalidation"": 1009.08, ""currentPrice"": 957.27}","{""opportunityRange"": {""low"": 902.35, ""high"": 958.01}, ""reduceRange"": {""low"": 1113.16, ""high"": 1168.82}, ""invalidation"": 897.04, ""currentPrice"": 957.27}","same fixed D/R/E; current validated structure path, positive ranges, baseline-break override; final action selects confirmation direction"
2026-09-11,MU,"confirmation,state,landscape,action,confidence",accumulate,hold,58.16,41.84,"{""opportunityRange"": {""low"": 944.54, ""high"": 1001.08}, ""reduceRange"": {""low"": 1012.26, ""high"": 1068.81}, ""invalidation"": 937.45, ""currentPrice"": 975.26}","{""opportunityRange"": {""low"": 881.58, ""high"": 951.88}, ""reduceRange"": {""low"": 1005.38, ""high"": 1075.68}, ""invalidation"": 874.49, ""currentPrice"": 975.26}","same fixed D/R/E; current validated structure path, positive ranges, baseline-break override; final action selects confirmation direction"
2026-09-11,SOFI,"state,landscape",hold,hold,60.14,60.14,"{""opportunityRange"": {""low"": 16.54, ""high"": 17.31}, ""reduceRange"": {""low"": 17.48, ""high"": 18.24}, ""invalidation"": 16.11, ""currentPrice"": 17.32}","{""opportunityRange"": {""low"": 16.67, ""high"": 17.18}, ""reduceRange"": {""low"": 17.35, ""high"": 17.86}, ""invalidation"": 16.11, ""currentPrice"": 17.32}","same fixed D/R/E; current validated structure path, positive ranges, baseline-break override; final action selects confirmation direction"
2026-09-11,TEM,landscape,hold,hold,49.36,49.36,"{""opportunityRange"": {""low"": 56.27, ""high"": 59.88}, ""reduceRange"": {""low"": 60.87, ""high"": 64.48}, ""invalidation"": 52.57, ""currentPrice"": 59.01}","{""opportunityRange"": {""low"": 54.81, ""high"": 61.33}, ""reduceRange"": {""low"": 69.7, ""high"": 76.22}, ""invalidation"": 52.57, ""currentPrice"": 59.01}","same fixed D/R/E; current validated structure path, positive ranges, baseline-break override; final action selects confirmation direction"
2026-09-14,AAPL,"state,landscape",hold,hold,68.31,68.31,"{""opportunityRange"": {""low"": 317.89, ""high"": 328.95}, ""reduceRange"": {""low"": 330.97, ""high"": 342.03}, ""invalidation"": 316.44, ""currentPrice"": 333.08}","{""opportunityRange"": {""low"": 316.83, ""high"": 330.01}, ""reduceRange"": {""low"": 338.54, ""high"": 351.72}, ""invalidation"": 315.55, ""currentPrice"": 333.08}","same fixed D/R/E; current validated structure path, positive ranges, baseline-break override; final action selects confirmation direction"
2026-09-14,AMD,landscape,accumulate,accumulate,55.86,55.86,"{""opportunityRange"": {""low"": 472.09, ""high"": 506.44}, ""reduceRange"": {""low"": 511.95, ""high"": 546.29}, ""invalidation"": 467.72, ""currentPrice"": 493.41}","{""opportunityRange"": {""low"": 471.24, ""high"": 507.28}, ""reduceRange"": {""low"": 568.78, ""high"": 604.82}, ""invalidation"": 467.72, ""currentPrice"": 493.41}","same fixed D/R/E; current validated structure path, positive ranges, baseline-break override; final action selects confirmation direction"
2026-09-14,AMZN,state,hold,hold,65.67,65.67,"{""opportunityRange"": {""low"": 246.91, ""high"": 252.9}, ""reduceRange"": {""low"": 254.34, ""high"": 260.33}, ""invalidation"": 237.35, ""currentPrice"": 253.54}","{""opportunityRange"": {""low"": 246.91, ""high"": 252.9}, ""reduceRange"": {""low"": 254.34, ""high"": 260.33}, ""invalidation"": 237.35, ""currentPrice"": 253.54}","same fixed D/R/E; current validated structure path, positive ranges, baseline-break override; final action selects confirmation direction"
2026-09-14,BABA,landscape,hold,hold,64.11,64.11,"{""opportunityRange"": {""low"": 106.08, ""high"": 109.36}, ""reduceRange"": {""low"": 110.04, ""high"": 113.32}, ""invalidation"": 100.03, ""currentPrice"": 109.23}","{""opportunityRange"": {""low"": 105.53, ""high"": 109.91}, ""reduceRange"": {""low"": 113.15, ""high"": 117.53}, ""invalidation"": 100.03, ""currentPrice"": 109.23}","same fixed D/R/E; current validated structure path, positive ranges, baseline-break override; final action selects confirmation direction"
2026-09-14,ORCL,landscape,hold,hold,66.53,66.53,"{""opportunityRange"": {""low"": 107.65, ""high"": 121.35}, ""reduceRange"": {""low"": 145.73, ""high"": 159.43}, ""invalidation"": 106.35, ""currentPrice"": 144.79}","{""opportunityRange"": {""low"": 107.65, ""high"": 121.35}, ""reduceRange"": {""low"": 145.73, ""high"": 159.43}, ""invalidation"": 106.34, ""currentPrice"": 144.79}","same fixed D/R/E; current validated structure path, positive ranges, baseline-break override; final action selects confirmation direction"
2026-09-14,UNH,"state,landscape",hold,hold,62.52,62.52,"{""opportunityRange"": {""low"": 372.67, ""high"": 383.75}, ""reduceRange"": {""low"": 386.48, ""high"": 397.56}, ""invalidation"": 358.24, ""currentPrice"": 383.55}","{""opportunityRange"": {""low"": 373.89, ""high"": 382.53}, ""reduceRange"": {""low"": 385.29, ""high"": 393.93}, ""invalidation"": 358.24, ""currentPrice"": 383.55}","same fixed D/R/E; current validated structure path, positive ranges, baseline-break override; final action selects confirmation direction"
2026-09-14,ZETA,state,hold,hold,51.72,51.72,"{""opportunityRange"": {""low"": 28.24, ""high"": 30.6}, ""reduceRange"": {""low"": 31.15, ""high"": 33.51}, ""invalidation"": 27.72, ""currentPrice"": 31.01}","{""opportunityRange"": {""low"": 28.24, ""high"": 30.6}, ""reduceRange"": {""low"": 31.15, ""high"": 33.51}, ""invalidation"": 27.72, ""currentPrice"": 31.01}","same fixed D/R/E; current validated structure path, positive ranges, baseline-break override; final action selects confirmation direction"
2026-09-15,AAPL,"state,landscape",hold,hold,64.96,64.96,"{""opportunityRange"": {""low"": 321.57, ""high"": 330.41}, ""reduceRange"": {""low"": 332.33, ""high"": 341.17}, ""invalidation"": 319.71, ""currentPrice"": 331.34}","{""opportunityRange"": {""low"": 316.18, ""high"": 328.62}, ""reduceRange"": {""low"": 330.54, ""high"": 342.97}, ""invalidation"": 314.96, ""currentPrice"": 331.34}","same fixed D/R/E; current validated structure path, positive ranges, baseline-break override; final action selects confirmation direction"
2026-09-15,GEV,landscape,hold,hold,73.23,73.23,"{""opportunityRange"": {""low"": 849.1, ""high"": 892.8}, ""reduceRange"": {""low"": 901.73, ""high"": 945.43}, ""invalidation"": 792.52, ""currentPrice"": 882.81}","{""opportunityRange"": {""low"": 841.41, ""high"": 900.5}, ""reduceRange"": {""low"": 909.52, ""high"": 968.6}, ""invalidation"": 792.52, ""currentPrice"": 882.81}","same fixed D/R/E; current validated structure path, positive ranges, baseline-break override; final action selects confirmation direction"
2026-09-15,GS,landscape,hold,hold,73.15,73.15,"{""opportunityRange"": {""low"": 950.83, ""high"": 994.08}, ""reduceRange"": {""low"": 1001.34, ""high"": 1044.59}, ""invalidation"": 730.17, ""currentPrice"": 976.67}","{""opportunityRange"": {""low"": 955.93, ""high"": 988.97}, ""reduceRange"": {""low"": 996.24, ""high"": 1029.28}, ""invalidation"": 730.17, ""currentPrice"": 976.67}","same fixed D/R/E; current validated structure path, positive ranges, baseline-break override; final action selects confirmation direction"
2026-09-15,HIMS,"state,landscape",hold,hold,66.55,66.55,"{""opportunityRange"": {""low"": 26.3, ""high"": 28.07}, ""reduceRange"": {""low"": 28.46, ""high"": 30.23}, ""invalidation"": 25.69, ""currentPrice"": 27.85}","{""opportunityRange"": {""low"": 23.02, ""high"": 25.46}, ""reduceRange"": {""low"": 28.12, ""high"": 30.56}, ""invalidation"": 22.78, ""currentPrice"": 27.85}","same fixed D/R/E; current validated structure path, positive ranges, baseline-break override; final action selects confirmation direction"
2026-09-15,LULU,"state,landscape",hold,hold,51.07,51.07,"{""opportunityRange"": {""low"": 95.59, ""high"": 100.39}, ""reduceRange"": {""low"": 101.65, ""high"": 106.44}, ""invalidation"": 93.91, ""currentPrice"": 98.37}","{""opportunityRange"": {""low"": 82.94, ""high"": 90.76}, ""reduceRange"": {""low"": 100.13, ""high"": 107.95}, ""invalidation"": 73.4, ""currentPrice"": 98.37}","same fixed D/R/E; current validated structure path, positive ranges, baseline-break override; final action selects confirmation direction"
2026-09-15,META,landscape,hold,hold,80.81,80.81,"{""opportunityRange"": {""low"": 598.33, ""high"": 634.21}, ""reduceRange"": {""low"": 669.9, ""high"": 705.78}, ""invalidation"": 594.9, ""currentPrice"": 670.24}","{""opportunityRange"": {""low"": 598.33, ""high"": 634.21}, ""reduceRange"": {""low"": 669.9, ""high"": 705.78}, ""invalidation"": 594.89, ""currentPrice"": 670.24}","same fixed D/R/E; current validated structure path, positive ranges, baseline-break override; final action selects confirmation direction"
2026-09-15,MU,"state,landscape",hold,hold,67.06,67.06,"{""opportunityRange"": {""low"": 879.43, ""high"": 923.82}, ""reduceRange"": {""low"": 934.83, ""high"": 979.21}, ""invalidation"": 850.93, ""currentPrice"": 927.6}","{""opportunityRange"": {""low"": 865.42, ""high"": 937.82}, ""reduceRange"": {""low"": 1000.55, ""high"": 1072.95}, ""invalidation"": 850.93, ""currentPrice"": 927.6}","same fixed D/R/E; current validated structure path, positive ranges, baseline-break override; final action selects confirmation direction"
2026-09-15,NOK,landscape,trim,trim,50.8,50.8,"{""opportunityRange"": {""low"": 8.99, ""high"": 9.67}, ""reduceRange"": {""low"": 9.8, ""high"": 10.48}, ""invalidation"": 10.71, ""currentPrice"": 9.84}","{""opportunityRange"": {""low"": 7.96, ""high"": 8.78}, ""reduceRange"": {""low"": 9.73, ""high"": 10.55}, ""invalidation"": 10.78, ""currentPrice"": 9.84}","same fixed D/R/E; current validated structure path, positive ranges, baseline-break override; final action selects confirmation direction"
2026-09-15,TEM,landscape,hold,hold,87.59,87.59,"{""opportunityRange"": {""low"": 59.59, ""high"": 66.57}, ""reduceRange"": {""low"": 69.47, ""high"": 76.45}, ""invalidation"": 58.92, ""currentPrice"": 68.85}","{""opportunityRange"": {""low"": 59.59, ""high"": 66.57}, ""reduceRange"": {""low"": 69.47, ""high"": 76.45}, ""invalidation"": 58.91, ""currentPrice"": 68.85}","same fixed D/R/E; current validated structure path, positive ranges, baseline-break override; final action selects confirmation direction"
2026-09-15,TSLA,landscape,accumulate,accumulate,60.82,60.82,"{""opportunityRange"": {""low"": 341.21, ""high"": 362.41}, ""reduceRange"": {""low"": 370.18, ""high"": 391.38}, ""invalidation"": 339.16, ""currentPrice"": 356.58}","{""opportunityRange"": {""low"": 341.21, ""high"": 362.41}, ""reduceRange"": {""low"": 370.18, ""high"": 391.38}, ""invalidation"": 339.15, ""currentPrice"": 356.58}","same fixed D/R/E; current validated structure path, positive ranges, baseline-break override; final action selects confirmation direction"
2026-09-15,UNH,landscape,sell,sell,70.15,70.15,"{""opportunityRange"": null, ""reduceRange"": {""low"": 374.6, ""high"": 377.26}, ""invalidation"": 379.74, ""currentPrice"": 375.93}","{""opportunityRange"": {""low"": 358.68, ""high"": 368.33}, ""reduceRange"": {""low"": 374.6, ""high"": 377.26}, ""invalidation"": 379.74, ""currentPrice"": 375.93}","same fixed D/R/E; current validated structure path, positive ranges, baseline-break override; final action selects confirmation direction"
2026-09-16,MSFT,landscape,hold,hold,65.33,65.33,"{""opportunityRange"": {""low"": 477.28, ""high"": 494.22}, ""reduceRange"": {""low"": 501.47, ""high"": 518.41}, ""invalidation"": 475.63, ""currentPrice"": 490.3}","{""opportunityRange"": {""low"": 477.28, ""high"": 494.22}, ""reduceRange"": {""low"": 501.47, ""high"": 518.41}, ""invalidation"": 475.64, ""currentPrice"": 490.3}","same fixed D/R/E; current validated structure path, positive ranges, baseline-break override; final action selects confirmation direction"
2026-09-16,NOW,"state,landscape,action,confidence",accumulate,hold,67.56,67.56,"{""opportunityRange"": {""low"": 135.61, ""high"": 142.57}, ""reduceRange"": {""low"": 144.23, ""high"": 151.19}, ""invalidation"": 132.64, ""currentPrice"": 139.82}","{""opportunityRange"": {""low"": 125.34, ""high"": 135.88}, ""reduceRange"": {""low"": 142.44, ""high"": 152.98}, ""invalidation"": 124.3, ""currentPrice"": 139.82}","same fixed D/R/E; current validated structure path, positive ranges, baseline-break override; final action selects confirmation direction"
2026-09-16,TEM,landscape,hold,hold,83.98,83.98,"{""opportunityRange"": {""low"": 61.59, ""high"": 68.43}, ""reduceRange"": {""low"": 69.54, ""high"": 76.38}, ""invalidation"": 60.25, ""currentPrice"": 69.97}","{""opportunityRange"": {""low"": 53.82, ""high"": 60.9}, ""reduceRange"": {""low"": 69.42, ""high"": 76.5}, ""invalidation"": 52.07, ""currentPrice"": 69.97}","same fixed D/R/E; current validated structure path, positive ranges, baseline-break override; final action selects confirmation direction"
2026-09-16,TSLA,landscape,hold,hold,54.57,54.57,"{""opportunityRange"": {""low"": 347.15, ""high"": 367.38}, ""reduceRange"": {""low"": 370.64, ""high"": 390.87}, ""invalidation"": 345.06, ""currentPrice"": 358.08}","{""opportunityRange"": {""low"": 341.41, ""high"": 362.87}, ""reduceRange"": {""low"": 370.02, ""high"": 391.48}, ""invalidation"": 339.33, ""currentPrice"": 358.08}","same fixed D/R/E; current validated structure path, positive ranges, baseline-break override; final action selects confirmation direction"
2026-09-17,AAPL,"state,landscape",hold,hold,70.26,70.26,"{""opportunityRange"": {""low"": 321.9, ""high"": 334.3}, ""reduceRange"": {""low"": 337.23, ""high"": 349.63}, ""invalidation"": 320.71, ""currentPrice"": 337}","{""opportunityRange"": {""low"": 321.9, ""high"": 334.3}, ""reduceRange"": {""low"": 337.23, ""high"": 349.63}, ""invalidation"": 320.72, ""currentPrice"": 337}","same fixed D/R/E; current validated structure path, positive ranges, baseline-break override; final action selects confirmation direction"
2026-09-17,HIMS,landscape,hold,hold,70.53,70.53,"{""opportunityRange"": {""low"": 26.58, ""high"": 27.94}, ""reduceRange"": {""low"": 28.32, ""high"": 29.68}, ""invalidation"": 25.7, ""currentPrice"": 27.89}","{""opportunityRange"": {""low"": 26.39, ""high"": 28.87}, ""reduceRange"": {""low"": 33.22, ""high"": 35.7}, ""invalidation"": 26.15, ""currentPrice"": 27.89}","same fixed D/R/E; current validated structure path, positive ranges, baseline-break override; final action selects confirmation direction"
2026-09-17,LULU,"confirmation,state,landscape,action,confidence",hold,accumulate,46.76,53.24,"{""opportunityRange"": {""low"": 94.2, ""high"": 98.42}, ""reduceRange"": {""low"": 99.56, ""high"": 103.78}, ""invalidation"": 86.43, ""currentPrice"": 99.39}","{""opportunityRange"": {""low"": 94.57, ""high"": 102.37}, ""reduceRange"": {""low"": 105.1, ""high"": 112.9}, ""invalidation"": 93.82, ""currentPrice"": 99.39}","same fixed D/R/E; current validated structure path, positive ranges, baseline-break override; final action selects confirmation direction"
2026-09-17,MSFT,state,hold,hold,63.69,63.69,"{""opportunityRange"": {""low"": 477.29, ""high"": 494.63}, ""reduceRange"": {""low"": 501.29, ""high"": 518.63}, ""invalidation"": 475.61, ""currentPrice"": 497.75}","{""opportunityRange"": {""low"": 477.29, ""high"": 494.63}, ""reduceRange"": {""low"": 501.29, ""high"": 518.63}, ""invalidation"": 475.61, ""currentPrice"": 497.75}","same fixed D/R/E; current validated structure path, positive ranges, baseline-break override; final action selects confirmation direction"
2026-09-17,NOK,"state,landscape,action,confidence",accumulate,hold,70.75,70.75,"{""opportunityRange"": {""low"": 10.16, ""high"": 10.74}, ""reduceRange"": {""low"": 10.88, ""high"": 11.46}, ""invalidation"": 10.02, ""currentPrice"": 10.6}","{""opportunityRange"": {""low"": 9.2, ""high"": 10.1}, ""reduceRange"": {""low"": 10.72, ""high"": 11.62}, ""invalidation"": 9.11, ""currentPrice"": 10.6}","same fixed D/R/E; current validated structure path, positive ranges, baseline-break override; final action selects confirmation direction"
2026-09-17,TEM,landscape,hold,hold,90.06,90.06,"{""opportunityRange"": {""low"": 68.97, ""high"": 77.33}, ""reduceRange"": {""low"": 100.14, ""high"": 108.5}, ""invalidation"": 68.16, ""currentPrice"": 80.36}","{""opportunityRange"": {""low"": 68.97, ""high"": 77.33}, ""reduceRange"": {""low"": 100.14, ""high"": 108.5}, ""invalidation"": 68.17, ""currentPrice"": 80.36}","same fixed D/R/E; current validated structure path, positive ranges, baseline-break override; final action selects confirmation direction"
2026-09-17,TSLA,landscape,hold,hold,48.7,48.7,"{""opportunityRange"": {""low"": 343.04, ""high"": 365.24}, ""reduceRange"": {""low"": 369.5, ""high"": 391.7}, ""invalidation"": 340.93, ""currentPrice"": 366.2}","{""opportunityRange"": {""low"": 343.04, ""high"": 365.24}, ""reduceRange"": {""low"": 369.5, ""high"": 391.7}, ""invalidation"": 340.92, ""currentPrice"": 366.2}","same fixed D/R/E; current validated structure path, positive ranges, baseline-break override; final action selects confirmation direction"
2026-09-18,AAPL,state,hold,hold,69.05,69.05,"{""opportunityRange"": {""low"": 322.54, ""high"": 334.64}, ""reduceRange"": {""low"": 338.34, ""high"": 350.44}, ""invalidation"": 321.39, ""currentPrice"": 336.13}","{""opportunityRange"": {""low"": 322.54, ""high"": 334.64}, ""reduceRange"": {""low"": 338.34, ""high"": 350.44}, ""invalidation"": 321.39, ""currentPrice"": 336.13}","same fixed D/R/E; current validated structure path, positive ranges, baseline-break override; final action selects confirmation direction"
2026-09-18,HIMS,landscape,hold,hold,71.33,71.33,"{""opportunityRange"": {""low"": 26.5, ""high"": 28.94}, ""reduceRange"": {""low"": 33.24, ""high"": 35.68}, ""invalidation"": 26.26, ""currentPrice"": 27.99}","{""opportunityRange"": {""low"": 26.5, ""high"": 28.94}, ""reduceRange"": {""low"": 33.24, ""high"": 35.68}, ""invalidation"": 26.27, ""currentPrice"": 27.99}","same fixed D/R/E; current validated structure path, positive ranges, baseline-break override; final action selects confirmation direction"
2026-09-18,LULU,landscape,hold,hold,51.08,51.08,"{""opportunityRange"": {""low"": 92.37, ""high"": 98.37}, ""reduceRange"": {""low"": 99.47, ""high"": 105.47}, ""invalidation"": 85.04, ""currentPrice"": 98.06}","{""opportunityRange"": {""low"": 91.55, ""high"": 99.19}, ""reduceRange"": {""low"": 104.37, ""high"": 112.01}, ""invalidation"": 85.04, ""currentPrice"": 98.06}","same fixed D/R/E; current validated structure path, positive ranges, baseline-break override; final action selects confirmation direction"
2026-09-18,NOK,"state,landscape,action,confidence",accumulate,hold,69.61,69.61,"{""opportunityRange"": {""low"": 10.22, ""high"": 10.77}, ""reduceRange"": {""low"": 10.91, ""high"": 11.46}, ""invalidation"": 10.03, ""currentPrice"": 10.68}","{""opportunityRange"": {""low"": 9.18, ""high"": 10.06}, ""reduceRange"": {""low"": 10.74, ""high"": 11.62}, ""invalidation"": 9.06, ""currentPrice"": 10.68}","same fixed D/R/E; current validated structure path, positive ranges, baseline-break override; final action selects confirmation direction"
2026-09-18,SOFI,"state,landscape",hold,hold,61.79,61.79,"{""opportunityRange"": {""low"": 16.21, ""high"": 16.83}, ""reduceRange"": {""low"": 16.99, ""high"": 17.61}, ""invalidation"": 15.5, ""currentPrice"": 16.96}","{""opportunityRange"": {""low"": 15.98, ""high"": 17.06}, ""reduceRange"": {""low"": 18.95, ""high"": 20.03}, ""invalidation"": 15.5, ""currentPrice"": 16.96}","same fixed D/R/E; current validated structure path, positive ranges, baseline-break override; final action selects confirmation direction"
2026-09-18,SPCX,landscape,hold,hold,73.46,73.46,"{""opportunityRange"": {""low"": 139.29, ""high"": 149.67}, ""reduceRange"": {""low"": 151.57, ""high"": 161.95}, ""invalidation"": 134.46, ""currentPrice"": 152.71}","{""opportunityRange"": {""low"": 98.71, ""high"": 111.29}, ""reduceRange"": {""low"": 150.47, ""high"": 163.05}, ""invalidation"": 92.45, ""currentPrice"": 152.71}","same fixed D/R/E; current validated structure path, positive ranges, baseline-break override; final action selects confirmation direction"
2026-09-18,TSLA,"state,landscape",hold,hold,65.98,65.98,"{""opportunityRange"": {""low"": 348.54, ""high"": 363.1}, ""reduceRange"": {""low"": 366.36, ""high"": 380.92}, ""invalidation"": 340.25, ""currentPrice"": 364.27}","{""opportunityRange"": {""low"": 286.53, ""high"": 308.23}, ""reduceRange"": {""low"": 362.79, ""high"": 384.49}, ""invalidation"": 270.69, ""currentPrice"": 364.27}","same fixed D/R/E; current validated structure path, positive ranges, baseline-break override; final action selects confirmation direction"
2026-09-18,TSM,"state,landscape,action,confidence",accumulate,hold,68.69,68.69,"{""opportunityRange"": {""low"": 424.39, ""high"": 435.85}, ""reduceRange"": {""low"": 438.43, ""high"": 449.89}, ""invalidation"": 421.78, ""currentPrice"": 434.67}","{""opportunityRange"": {""low"": 418.09, ""high"": 433.75}, ""reduceRange"": {""low"": 436.33, ""high"": 451.99}, ""invalidation"": 416.47, ""currentPrice"": 434.67}","same fixed D/R/E; current validated structure path, positive ranges, baseline-break override; final action selects confirmation direction"
2026-09-18,UNH,landscape,hold,hold,65.61,65.61,"{""opportunityRange"": {""low"": 369.22, ""high"": 380.18}, ""reduceRange"": {""low"": 382.59, ""high"": 393.55}, ""invalidation"": 362.93, ""currentPrice"": 376.9}","{""opportunityRange"": {""low"": 366.72, ""high"": 382.68}, ""reduceRange"": {""low"": 395.18, ""high"": 411.14}, ""invalidation"": 362.93, ""currentPrice"": 376.9}","same fixed D/R/E; current validated structure path, positive ranges, baseline-break override; final action selects confirmation direction"
2026-09-21,CRCL,landscape,accumulate,accumulate,70.81,70.81,"{""opportunityRange"": {""low"": 88.77, ""high"": 96.76}, ""reduceRange"": {""low"": 98.56, ""high"": 106.54}, ""invalidation"": 85.33, ""currentPrice"": 94.49}","{""opportunityRange"": {""low"": 82.83, ""high"": 94.49}, ""reduceRange"": {""low"": 96.72, ""high"": 108.38}, ""invalidation"": 81.68, ""currentPrice"": 94.49}","same fixed D/R/E; current validated structure path, positive ranges, baseline-break override; final action selects confirmation direction"
2026-09-21,GEV,"state,landscape",hold,hold,62.19,62.19,"{""opportunityRange"": {""low"": 910.75, ""high"": 944.87}, ""reduceRange"": {""low"": 954.28, ""high"": 988.4}, ""invalidation"": 898.3, ""currentPrice"": 946.22}","{""opportunityRange"": {""low"": 842.67, ""high"": 903.47}, ""reduceRange"": {""low"": 940.94, ""high"": 1001.74}, ""invalidation"": 517.28, ""currentPrice"": 946.22}","same fixed D/R/E; current validated structure path, positive ranges, baseline-break override; final action selects confirmation direction"
2026-09-21,GOOGL,landscape,hold,hold,65.27,65.27,"{""opportunityRange"": {""low"": 339.59, ""high"": 351.08}, ""reduceRange"": {""low"": 353.19, ""high"": 364.68}, ""invalidation"": 337.69, ""currentPrice"": 354.97}","{""opportunityRange"": {""low"": 320.92, ""high"": 334.84}, ""reduceRange"": {""low"": 351.97, ""high"": 365.89}, ""invalidation"": 310.6, ""currentPrice"": 354.97}","same fixed D/R/E; current validated structure path, positive ranges, baseline-break override; final action selects confirmation direction"
2026-09-21,MU,landscape,buy,buy,70.65,70.65,"{""opportunityRange"": {""low"": 1003.95, ""high"": 1074.79}, ""reduceRange"": {""low"": 1219.58, ""high"": 1290.42}, ""invalidation"": 997.17, ""currentPrice"": 1043.96}","{""opportunityRange"": {""low"": 1003.95, ""high"": 1074.79}, ""reduceRange"": {""low"": 1219.58, ""high"": 1290.42}, ""invalidation"": 997.16, ""currentPrice"": 1043.96}","same fixed D/R/E; current validated structure path, positive ranges, baseline-break override; final action selects confirmation direction"
2026-09-21,NFLX,state,hold,hold,65.15,65.15,"{""opportunityRange"": {""low"": 68.89, ""high"": 72.73}, ""reduceRange"": {""low"": 73.37, ""high"": 77.21}, ""invalidation"": 67.67, ""currentPrice"": 73.36}","{""opportunityRange"": {""low"": 68.89, ""high"": 72.73}, ""reduceRange"": {""low"": 73.37, ""high"": 77.21}, ""invalidation"": 67.67, ""currentPrice"": 73.36}","same fixed D/R/E; current validated structure path, positive ranges, baseline-break override; final action selects confirmation direction"
2026-09-21,NOK,"state,landscape",hold,hold,68.56,68.56,"{""opportunityRange"": {""low"": 10.35, ""high"": 10.78}, ""reduceRange"": {""low"": 10.92, ""high"": 11.35}, ""invalidation"": 10.17, ""currentPrice"": 10.94}","{""opportunityRange"": {""low"": 10.19, ""high"": 10.93}, ""reduceRange"": {""low"": 11.07, ""high"": 11.81}, ""invalidation"": 10.11, ""currentPrice"": 10.94}","same fixed D/R/E; current validated structure path, positive ranges, baseline-break override; final action selects confirmation direction"
2026-09-21,NOW,"state,landscape",hold,hold,44.81,44.81,"{""opportunityRange"": {""low"": 133.48, ""high"": 141.48}, ""reduceRange"": {""low"": 142.98, ""high"": 150.97}, ""invalidation"": 131.79, ""currentPrice"": 137.68}","{""opportunityRange"": {""low"": 128.2, ""high"": 137.58}, ""reduceRange"": {""low"": 142.28, ""high"": 151.66}, ""invalidation"": 126.15, ""currentPrice"": 137.68}","same fixed D/R/E; current validated structure path, positive ranges, baseline-break override; final action selects confirmation direction"
2026-09-21,TSLA,landscape,buy,buy,69.48,69.48,"{""opportunityRange"": {""low"": 362.86, ""high"": 384.7}, ""reduceRange"": {""low"": 487.71, ""high"": 509.55}, ""invalidation"": 360.77, ""currentPrice"": 375.3}","{""opportunityRange"": {""low"": 362.86, ""high"": 384.7}, ""reduceRange"": {""low"": 487.71, ""high"": 509.55}, ""invalidation"": 360.78, ""currentPrice"": 375.3}","same fixed D/R/E; current validated structure path, positive ranges, baseline-break override; final action selects confirmation direction"
2026-09-21,UNH,landscape,accumulate,accumulate,57.03,57.03,"{""opportunityRange"": {""low"": 368.35, ""high"": 379.12}, ""reduceRange"": {""low"": 381.38, ""high"": 392.15}, ""invalidation"": 362.63, ""currentPrice"": 377.56}","{""opportunityRange"": {""low"": 366.22, ""high"": 381.24}, ""reduceRange"": {""low"": 393.62, ""high"": 408.64}, ""invalidation"": 362.63, ""currentPrice"": 377.56}","same fixed D/R/E; current validated structure path, positive ranges, baseline-break override; final action selects confirmation direction"
2026-09-21,XE,"state,landscape",hold,hold,48.98,48.98,"{""opportunityRange"": {""low"": 12.34, ""high"": 14.5}, ""reduceRange"": {""low"": 17.2, ""high"": 19.36}, ""invalidation"": 11.23, ""currentPrice"": 16.37}","{""opportunityRange"": {""low"": 12.34, ""high"": 14.5}, ""reduceRange"": {""low"": 15.81, ""high"": 17.97}, ""invalidation"": 11.23, ""currentPrice"": 16.37}","same fixed D/R/E; current validated structure path, positive ranges, baseline-break override; final action selects confirmation direction"
2026-09-21,ZETA,state,hold,hold,67.79,67.79,"{""opportunityRange"": {""low"": 28.46, ""high"": 30.78}, ""reduceRange"": {""low"": 31.65, ""high"": 33.97}, ""invalidation"": 28.07, ""currentPrice"": 31.15}","{""opportunityRange"": {""low"": 28.46, ""high"": 30.78}, ""reduceRange"": {""low"": 31.65, ""high"": 33.97}, ""invalidation"": 28.07, ""currentPrice"": 31.15}","same fixed D/R/E; current validated structure path, positive ranges, baseline-break override; final action selects confirmation direction"
2026-09-22,CRCL,"state,landscape",hold,hold,68.07,68.07,"{""opportunityRange"": {""low"": 86.92, ""high"": 94.52}, ""reduceRange"": {""low"": 96.22, ""high"": 103.82}, ""invalidation"": 85.69, ""currentPrice"": 94.59}","{""opportunityRange"": {""low"": 84.43, ""high"": 93.67}, ""reduceRange"": {""low"": 95.4, ""high"": 104.64}, ""invalidation"": 81.79, ""currentPrice"": 94.59}","same fixed D/R/E; current validated structure path, positive ranges, baseline-break override; final action selects confirmation direction"
2026-09-22,GOOGL,"state,landscape",hold,hold,55.09,55.09,"{""opportunityRange"": {""low"": 341.58, ""high"": 350.74}, ""reduceRange"": {""low"": 352.97, ""high"": 362.13}, ""invalidation"": 337.47, ""currentPrice"": 351.16}","{""opportunityRange"": {""low"": 320.6, ""high"": 335.54}, ""reduceRange"": {""low"": 350.08, ""high"": 365.02}, ""invalidation"": 310.38, ""currentPrice"": 351.16}","same fixed D/R/E; current validated structure path, positive ranges, baseline-break override; final action selects confirmation direction"
2026-09-22,GS,state,hold,hold,70.36,70.36,"{""opportunityRange"": {""low"": 895.11, ""high"": 942.87}, ""reduceRange"": {""low"": 954.24, ""high"": 1002}, ""invalidation"": 869.66, ""currentPrice"": 949.49}","{""opportunityRange"": {""low"": 895.11, ""high"": 942.87}, ""reduceRange"": {""low"": 954.24, ""high"": 1002}, ""invalidation"": 869.66, ""currentPrice"": 949.49}","same fixed D/R/E; current validated structure path, positive ranges, baseline-break override; final action selects confirmation direction"
2026-09-22,HIMS,landscape,hold,hold,64.18,64.18,"{""opportunityRange"": {""low"": 26.77, ""high"": 29.55}, ""reduceRange"": {""low"": 33.07, ""high"": 35.85}, ""invalidation"": 26.5, ""currentPrice"": 30.43}","{""opportunityRange"": {""low"": 26.77, ""high"": 29.55}, ""reduceRange"": {""low"": 33.07, ""high"": 35.85}, ""invalidation"": 26.51, ""currentPrice"": 30.43}","same fixed D/R/E; current validated structure path, positive ranges, baseline-break override; final action selects confirmation direction"
2026-09-22,MSFT,"state,landscape",hold,hold,41.27,41.27,"{""opportunityRange"": {""low"": 484.47, ""high"": 494.75}, ""reduceRange"": {""low"": 497.47, ""high"": 507.75}, ""invalidation"": 478.56, ""currentPrice"": 498}","{""opportunityRange"": {""low"": 487.91, ""high"": 498.63}, ""reduceRange"": {""low"": 501.43, ""high"": 512.15}, ""invalidation"": 483.76, ""currentPrice"": 498}","same fixed D/R/E; current validated structure path, positive ranges, baseline-break override; final action selects confirmation direction"
2026-09-22,PDD,landscape,hold,hold,59.82,59.82,"{""opportunityRange"": {""low"": 75.81, ""high"": 78.89}, ""reduceRange"": {""low"": 79.92, ""high"": 83}, ""invalidation"": 75.52, ""currentPrice"": 80.35}","{""opportunityRange"": {""low"": 75.81, ""high"": 78.89}, ""reduceRange"": {""low"": 79.92, ""high"": 83}, ""invalidation"": 75.51, ""currentPrice"": 80.35}","same fixed D/R/E; current validated structure path, positive ranges, baseline-break override; final action selects confirmation direction"
2026-09-22,PLTR,landscape,hold,hold,65.62,65.62,"{""opportunityRange"": {""low"": 171.69, ""high"": 182.25}, ""reduceRange"": {""low"": 202.24, ""high"": 212.8}, ""invalidation"": 170.69, ""currentPrice"": 184.99}","{""opportunityRange"": {""low"": 171.69, ""high"": 182.25}, ""reduceRange"": {""low"": 202.24, ""high"": 212.8}, ""invalidation"": 170.68, ""currentPrice"": 184.99}","same fixed D/R/E; current validated structure path, positive ranges, baseline-break override; final action selects confirmation direction"
2026-09-22,SOFI,landscape,hold,hold,35.42,35.42,"{""opportunityRange"": {""low"": 16.13, ""high"": 17.01}, ""reduceRange"": {""low"": 17.18, ""high"": 18.06}, ""invalidation"": 15.48, ""currentPrice"": 17.16}","{""opportunityRange"": {""low"": 16, ""high"": 17.14}, ""reduceRange"": {""low"": 18.92, ""high"": 20.06}, ""invalidation"": 15.48, ""currentPrice"": 17.16}","same fixed D/R/E; current validated structure path, positive ranges, baseline-break override; final action selects confirmation direction"
2026-09-22,SPCX,"state,landscape",hold,hold,70.33,70.33,"{""opportunityRange"": {""low"": 139.91, ""high"": 150.75}, ""reduceRange"": {""low"": 152.5, ""high"": 163.34}, ""invalidation"": 135.43, ""currentPrice"": 154.72}","{""opportunityRange"": {""low"": 147.86, ""high"": 153.38}, ""reduceRange"": {""low"": 155.16, ""high"": 160.68}, ""invalidation"": 143.84, ""currentPrice"": 154.72}","same fixed D/R/E; current validated structure path, positive ranges, baseline-break override; final action selects confirmation direction"
2026-09-22,XE,landscape,hold,hold,51.15,51.15,"{""opportunityRange"": {""low"": 15.51, ""high"": 16.65}, ""reduceRange"": {""low"": 16.95, ""high"": 18.09}, ""invalidation"": 13.89, ""currentPrice"": 16.36}","{""opportunityRange"": {""low"": 15.03, ""high"": 17.13}, ""reduceRange"": {""low"": 18.11, ""high"": 20.21}, ""invalidation"": 13.89, ""currentPrice"": 16.36}","same fixed D/R/E; current validated structure path, positive ranges, baseline-break override; final action selects confirmation direction"
2026-09-23,AMZN,"state,landscape",hold,hold,50.76,50.76,"{""opportunityRange"": {""low"": 240.61, ""high"": 248.6}, ""reduceRange"": {""low"": 250.07, ""high"": 258.06}, ""invalidation"": 236.46, ""currentPrice"": 249.27}","{""opportunityRange"": {""low"": 239.74, ""high"": 249.46}, ""reduceRange"": {""low"": 282.32, ""high"": 292.04}, ""invalidation"": 236.46, ""currentPrice"": 249.27}","same fixed D/R/E; current validated structure path, positive ranges, baseline-break override; final action selects confirmation direction"
2026-09-23,BABA,"state,landscape",hold,hold,48.63,48.63,"{""opportunityRange"": {""low"": 105.15, ""high"": 110.29}, ""reduceRange"": {""low"": 111.5, ""high"": 116.64}, ""invalidation"": 104.01, ""currentPrice"": 110.8}","{""opportunityRange"": {""low"": 105.85, ""high"": 109.59}, ""reduceRange"": {""low"": 110.44, ""high"": 114.18}, ""invalidation"": 104.01, ""currentPrice"": 110.8}","same fixed D/R/E; current validated structure path, positive ranges, baseline-break override; final action selects confirmation direction"
2026-09-23,CRCL,"state,landscape,action,confidence",accumulate,hold,56.28,56.28,"{""opportunityRange"": {""low"": 86.98, ""high"": 94.5}, ""reduceRange"": {""low"": 96.16, ""high"": 103.68}, ""invalidation"": 81.55, ""currentPrice"": 91.72}","{""opportunityRange"": {""low"": 77.39, ""high"": 87.85}, ""reduceRange"": {""low"": 94.69, ""high"": 105.15}, ""invalidation"": 76.33, ""currentPrice"": 91.72}","same fixed D/R/E; current validated structure path, positive ranges, baseline-break override; final action selects confirmation direction"
2026-09-23,GOOGL,state,hold,hold,70.27,70.27,"{""opportunityRange"": {""low"": 321.78, ""high"": 335.93}, ""reduceRange"": {""low"": 338.29, ""high"": 352.44}, ""invalidation"": 310.23, ""currentPrice"": 337.83}","{""opportunityRange"": {""low"": 321.78, ""high"": 335.93}, ""reduceRange"": {""low"": 338.29, ""high"": 352.44}, ""invalidation"": 310.23, ""currentPrice"": 337.83}","same fixed D/R/E; current validated structure path, positive ranges, baseline-break override; final action selects confirmation direction"
2026-09-23,GS,landscape,hold,hold,76.73,76.73,"{""opportunityRange"": {""low"": 903.8, ""high"": 940.2}, ""reduceRange"": {""low"": 947.35, ""high"": 983.75}, ""invalidation"": 897.66, ""currentPrice"": 936.36}","{""opportunityRange"": {""low"": 899.91, ""high"": 944.09}, ""reduceRange"": {""low"": 953.85, ""high"": 998.03}, ""invalidation"": 895.51, ""currentPrice"": 936.36}","same fixed D/R/E; current validated structure path, positive ranges, baseline-break override; final action selects confirmation direction"
2026-09-23,MSFT,"state,landscape,action,confidence",hold,accumulate,62.95,62.95,"{""opportunityRange"": {""low"": 483.13, ""high"": 497.19}, ""reduceRange"": {""low"": 500.03, ""high"": 514.09}, ""invalidation"": 478.5, ""currentPrice"": 500.59}","{""opportunityRange"": {""low"": 487.92, ""high"": 506}, ""reduceRange"": {""low"": 544.68, ""high"": 562.76}, ""invalidation"": 486.17, ""currentPrice"": 500.59}","same fixed D/R/E; current validated structure path, positive ranges, baseline-break override; final action selects confirmation direction"
2026-09-23,NOK,landscape,accumulate,accumulate,56.14,56.14,"{""opportunityRange"": {""low"": 10.08, ""high"": 10.76}, ""reduceRange"": {""low"": 10.88, ""high"": 11.56}, ""invalidation"": 9.88, ""currentPrice"": 10.63}","{""opportunityRange"": {""low"": 10.14, ""high"": 10.7}, ""reduceRange"": {""low"": 10.83, ""high"": 11.39}, ""invalidation"": 9.88, ""currentPrice"": 10.63}","same fixed D/R/E; current validated structure path, positive ranges, baseline-break override; final action selects confirmation direction"
2026-09-23,NOW,"state,landscape",hold,hold,53.02,53.02,"{""opportunityRange"": {""low"": 136.58, ""high"": 141.73}, ""reduceRange"": {""low"": 143.3, ""high"": 148.45}, ""invalidation"": 132.99, ""currentPrice"": 140.78}","{""opportunityRange"": {""low"": 130.18, ""high"": 138.07}, ""reduceRange"": {""low"": 139.62, ""high"": 147.51}, ""invalidation"": 129.04, ""currentPrice"": 140.78}","same fixed D/R/E; current validated structure path, positive ranges, baseline-break override; final action selects confirmation direction"
2026-09-23,SOFI,"state,landscape,action,confidence",hold,sell,81.53,81.53,"{""opportunityRange"": {""low"": 16.02, ""high"": 17.04}, ""reduceRange"": {""low"": 17.21, ""high"": 18.23}, ""invalidation"": 15.42, ""currentPrice"": 16.55}","{""opportunityRange"": {""low"": 14.36, ""high"": 15.4}, ""reduceRange"": {""low"": 16.4, ""high"": 17.44}, ""invalidation"": 17.74, ""currentPrice"": 16.55}","same fixed D/R/E; current validated structure path, positive ranges, baseline-break override; final action selects confirmation direction"
2026-09-23,SPCX,"confirmation,state,landscape,action,confidence",accumulate,hold,56.12,43.88,"{""opportunityRange"": {""low"": 140.37, ""high"": 150.91}, ""reduceRange"": {""low"": 152.61, ""high"": 163.15}, ""invalidation"": 135.5, ""currentPrice"": 148.36}","{""opportunityRange"": {""low"": 99.33, ""high"": 110.67}, ""reduceRange"": {""low"": 152.21, ""high"": 163.55}, ""invalidation"": 98.25, ""currentPrice"": 148.36}","same fixed D/R/E; current validated structure path, positive ranges, baseline-break override; final action selects confirmation direction"
2026-09-23,TSLA,"state,landscape,action,confidence",hold,accumulate,69.03,69.03,"{""opportunityRange"": {""low"": 362.83, ""high"": 378.95}, ""reduceRange"": {""low"": 382, ""high"": 398.12}, ""invalidation"": 357.81, ""currentPrice"": 380.12}","{""opportunityRange"": {""low"": 361.04, ""high"": 380.74}, ""reduceRange"": {""low"": 400.48, ""high"": 420.18}, ""invalidation"": 357.81, ""currentPrice"": 380.12}","same fixed D/R/E; current validated structure path, positive ranges, baseline-break override; final action selects confirmation direction"
2026-09-23,XE,landscape,hold,hold,52.18,52.18,"{""opportunityRange"": {""low"": 15.17, ""high"": 16.65}, ""reduceRange"": {""low"": 16.95, ""high"": 18.43}, ""invalidation"": 14.61, ""currentPrice"": 16.38}","{""opportunityRange"": {""low"": 14.9, ""high"": 16.92}, ""reduceRange"": {""low"": 17.24, ""high"": 19.26}, ""invalidation"": 14.61, ""currentPrice"": 16.38}","same fixed D/R/E; current validated structure path, positive ranges, baseline-break override; final action selects confirmation direction"
2026-09-23,ZETA,landscape,hold,hold,59.27,59.27,"{""opportunityRange"": {""low"": 28.68, ""high"": 30.54}, ""reduceRange"": {""low"": 30.91, ""high"": 32.77}, ""invalidation"": 28.03, ""currentPrice"": 29.79}","{""opportunityRange"": {""low"": 28.39, ""high"": 30.83}, ""reduceRange"": {""low"": 31.59, ""high"": 34.03}, ""invalidation"": 28.03, ""currentPrice"": 29.79}","same fixed D/R/E; current validated structure path, positive ranges, baseline-break override; final action selects confirmation direction"
2026-09-24,AAPL,"state,landscape,action,confidence",accumulate,avoid,58.71,58.71,"{""opportunityRange"": {""low"": 330.42, ""high"": 339.26}, ""reduceRange"": {""low"": 340.92, ""high"": 349.76}, ""invalidation"": 327.34, ""currentPrice"": 335.92}","{""opportunityRange"": null, ""reduceRange"": null, ""invalidation"": null, ""currentPrice"": 335.92}","same fixed D/R/E; current validated structure path, positive ranges, baseline-break override; final action selects confirmation direction"
2026-09-24,BABA,"state,landscape",hold,hold,49.35,49.35,"{""opportunityRange"": {""low"": 106.16, ""high"": 109.29}, ""reduceRange"": {""low"": 110.08, ""high"": 113.21}, ""invalidation"": 105.12, ""currentPrice"": 110.63}","{""opportunityRange"": {""low"": 105.28, ""high"": 110.16}, ""reduceRange"": {""low"": 111.5, ""high"": 116.38}, ""invalidation"": 104.79, ""currentPrice"": 110.63}","same fixed D/R/E; current validated structure path, positive ranges, baseline-break override; final action selects confirmation direction"
2026-09-24,CRCL,"state,landscape,action,confidence",accumulate,hold,62.95,62.95,"{""opportunityRange"": {""low"": 87.14, ""high"": 94.62}, ""reduceRange"": {""low"": 96.25, ""high"": 103.73}, ""invalidation"": 81.59, ""currentPrice"": 93}","{""opportunityRange"": {""low"": 77.51, ""high"": 87.81}, ""reduceRange"": {""low"": 94.84, ""high"": 105.14}, ""invalidation"": 76.47, ""currentPrice"": 93}","same fixed D/R/E; current validated structure path, positive ranges, baseline-break override; final action selects confirmation direction"
2026-09-24,GEV,state,hold,hold,65.04,65.04,"{""opportunityRange"": {""low"": 923.89, ""high"": 950.21}, ""reduceRange"": {""low"": 958.84, ""high"": 985.16}, ""invalidation"": 910.71, ""currentPrice"": 955.04}","{""opportunityRange"": {""low"": 923.89, ""high"": 950.21}, ""reduceRange"": {""low"": 958.84, ""high"": 985.16}, ""invalidation"": 910.71, ""currentPrice"": 955.04}","same fixed D/R/E; current validated structure path, positive ranges, baseline-break override; final action selects confirmation direction"
2026-09-24,GOOGL,landscape,accumulate,accumulate,61.37,61.37,"{""opportunityRange"": {""low"": 331.49, ""high"": 346.29}, ""reduceRange"": {""low"": 356.77, ""high"": 371.57}, ""invalidation"": 330.04, ""currentPrice"": 342.36}","{""opportunityRange"": {""low"": 331.49, ""high"": 346.29}, ""reduceRange"": {""low"": 356.77, ""high"": 371.57}, ""invalidation"": 330.03, ""currentPrice"": 342.36}","same fixed D/R/E; current validated structure path, positive ranges, baseline-break override; final action selects confirmation direction"
2026-09-24,MSFT,"state,landscape,action,confidence",accumulate,hold,56.92,56.92,"{""opportunityRange"": {""low"": 483.14, ""high"": 498.17}, ""reduceRange"": {""low"": 500.93, ""high"": 515.96}, ""invalidation"": 480.22, ""currentPrice"": 497.93}","{""opportunityRange"": {""low"": 468.38, ""high"": 485.92}, ""reduceRange"": {""low"": 499.67, ""high"": 517.21}, ""invalidation"": 464.51, ""currentPrice"": 497.93}","same fixed D/R/E; current validated structure path, positive ranges, baseline-break override; final action selects confirmation direction"
2026-09-24,NOK,"confirmation,state,landscape,action,confidence",accumulate,hold,54.32,45.68,"{""opportunityRange"": {""low"": 9.99, ""high"": 10.72}, ""reduceRange"": {""low"": 10.85, ""high"": 11.58}, ""invalidation"": 9.88, ""currentPrice"": 10.43}","{""opportunityRange"": {""low"": 9.3, ""high"": 10.1}, ""reduceRange"": {""low"": 10.81, ""high"": 11.61}, ""invalidation"": 9.22, ""currentPrice"": 10.43}","same fixed D/R/E; current validated structure path, positive ranges, baseline-break override; final action selects confirmation direction"
2026-09-24,NOW,"state,landscape",hold,hold,43.07,43.07,"{""opportunityRange"": {""low"": 130.85, ""high"": 137.4}, ""reduceRange"": {""low"": 138.82, ""high"": 145.38}, ""invalidation"": 128.56, ""currentPrice"": 137.78}","{""opportunityRange"": {""low"": 129.52, ""high"": 138.72}, ""reduceRange"": {""low"": 140.36, ""high"": 149.56}, ""invalidation"": 128.56, ""currentPrice"": 137.78}","same fixed D/R/E; current validated structure path, positive ranges, baseline-break override; final action selects confirmation direction"
2026-09-24,SOFI,landscape,accumulate,accumulate,53.36,53.36,"{""opportunityRange"": {""low"": 16.06, ""high"": 17.05}, ""reduceRange"": {""low"": 17.2, ""high"": 18.2}, ""invalidation"": 15.83, ""currentPrice"": 16.8}","{""opportunityRange"": {""low"": 16.17, ""high"": 16.93}, ""reduceRange"": {""low"": 17.11, ""high"": 17.87}, ""invalidation"": 15.83, ""currentPrice"": 16.8}","same fixed D/R/E; current validated structure path, positive ranges, baseline-break override; final action selects confirmation direction"
2026-09-24,TSLA,state,hold,hold,66.75,66.75,"{""opportunityRange"": {""low"": 363.27, ""high"": 376.67}, ""reduceRange"": {""low"": 379.53, ""high"": 392.93}, ""invalidation"": 359.3, ""currentPrice"": 377.94}","{""opportunityRange"": {""low"": 363.27, ""high"": 376.67}, ""reduceRange"": {""low"": 379.53, ""high"": 392.93}, ""invalidation"": 359.3, ""currentPrice"": 377.94}","same fixed D/R/E; current validated structure path, positive ranges, baseline-break override; final action selects confirmation direction"
2026-09-24,TSM,landscape,hold,hold,66.94,66.94,"{""opportunityRange"": {""low"": 428.68, ""high"": 445.68}, ""reduceRange"": {""low"": 469.7, ""high"": 486.7}, ""invalidation"": 427.04, ""currentPrice"": 451.15}","{""opportunityRange"": {""low"": 428.68, ""high"": 445.68}, ""reduceRange"": {""low"": 469.7, ""high"": 486.7}, ""invalidation"": 427.03, ""currentPrice"": 451.15}","same fixed D/R/E; current validated structure path, positive ranges, baseline-break override; final action selects confirmation direction"
2026-09-25,AAPL,landscape,hold,hold,69.17,69.17,"{""opportunityRange"": {""low"": 331.65, ""high"": 339.35}, ""reduceRange"": {""low"": 340.96, ""high"": 348.66}, ""invalidation"": 327.69, ""currentPrice"": 341.07}","{""opportunityRange"": {""low"": 323.4, ""high"": 334.3}, ""reduceRange"": {""low"": 339.36, ""high"": 350.26}, ""invalidation"": 320.63, ""currentPrice"": 341.07}","same fixed D/R/E; current validated structure path, positive ranges, baseline-break override; final action selects confirmation direction"
2026-09-25,AMZN,state,hold,hold,43.3,43.3,"{""opportunityRange"": {""low"": 242.13, ""high"": 248.63}, ""reduceRange"": {""low"": 250.01, ""high"": 256.51}, ""invalidation"": 240.9, ""currentPrice"": 249.67}","{""opportunityRange"": {""low"": 242.13, ""high"": 248.63}, ""reduceRange"": {""low"": 250.01, ""high"": 256.51}, ""invalidation"": 240.9, ""currentPrice"": 249.67}","same fixed D/R/E; current validated structure path, positive ranges, baseline-break override; final action selects confirmation direction"
2026-09-25,BABA,state,hold,hold,49.46,49.46,"{""opportunityRange"": {""low"": 106.04, ""high"": 109.41}, ""reduceRange"": {""low"": 110.14, ""high"": 113.51}, ""invalidation"": 104.68, ""currentPrice"": 109.74}","{""opportunityRange"": {""low"": 106.04, ""high"": 109.41}, ""reduceRange"": {""low"": 110.14, ""high"": 113.51}, ""invalidation"": 104.68, ""currentPrice"": 109.74}","same fixed D/R/E; current validated structure path, positive ranges, baseline-break override; final action selects confirmation direction"
2026-09-25,CRWV,landscape,accumulate,accumulate,59.24,59.24,"{""opportunityRange"": {""low"": 83.26, ""high"": 88.47}, ""reduceRange"": {""low"": 89.72, ""high"": 94.92}, ""invalidation"": 76.52, ""currentPrice"": 87.59}","{""opportunityRange"": {""low"": 81.69, ""high"": 90.03}, ""reduceRange"": {""low"": 113.32, ""high"": 121.66}, ""invalidation"": 76.52, ""currentPrice"": 87.59}","same fixed D/R/E; current validated structure path, positive ranges, baseline-break override; final action selects confirmation direction"
2026-09-25,GOOGL,landscape,hold,hold,45.22,45.22,"{""opportunityRange"": {""low"": 331.5, ""high"": 345.89}, ""reduceRange"": {""low"": 348.08, ""high"": 362.47}, ""invalidation"": 330.11, ""currentPrice"": 343.92}","{""opportunityRange"": {""low"": 331.43, ""high"": 345.95}, ""reduceRange"": {""low"": 350.85, ""high"": 365.37}, ""invalidation"": 330.05, ""currentPrice"": 343.92}","same fixed D/R/E; current validated structure path, positive ranges, baseline-break override; final action selects confirmation direction"
2026-09-25,GS,"state,landscape",hold,hold,67.1,67.1,"{""opportunityRange"": {""low"": 905.04, ""high"": 932.68}, ""reduceRange"": {""low"": 938.95, ""high"": 966.59}, ""invalidation"": 861.49, ""currentPrice"": 935.45}","{""opportunityRange"": {""low"": 897.45, ""high"": 940.27}, ""reduceRange"": {""low"": 963.23, ""high"": 1006.05}, ""invalidation"": 861.49, ""currentPrice"": 935.45}","same fixed D/R/E; current validated structure path, positive ranges, baseline-break override; final action selects confirmation direction"
2026-09-25,META,state,hold,hold,77.71,77.71,"{""opportunityRange"": {""low"": 693.53, ""high"": 740.73}, ""reduceRange"": {""low"": 758.69, ""high"": 805.89}, ""invalidation"": 676.01, ""currentPrice"": 751.66}","{""opportunityRange"": {""low"": 693.53, ""high"": 740.73}, ""reduceRange"": {""low"": 758.69, ""high"": 805.89}, ""invalidation"": 676.01, ""currentPrice"": 751.66}","same fixed D/R/E; current validated structure path, positive ranges, baseline-break override; final action selects confirmation direction"
2026-09-25,ORCL,landscape,hold,hold,69.53,69.53,"{""opportunityRange"": {""low"": 130.92, ""high"": 137.72}, ""reduceRange"": {""low"": 139.45, ""high"": 146.25}, ""invalidation"": 127.02, ""currentPrice"": 137.1}","{""opportunityRange"": {""low"": 129.18, ""high"": 139.46}, ""reduceRange"": {""low"": 141.19, ""high"": 151.47}, ""invalidation"": 127.02, ""currentPrice"": 137.1}","same fixed D/R/E; current validated structure path, positive ranges, baseline-break override; final action selects confirmation direction"
2026-09-25,TSLA,landscape,hold,hold,41.71,41.71,"{""opportunityRange"": {""low"": 363.72, ""high"": 376.82}, ""reduceRange"": {""low"": 379.87, ""high"": 392.97}, ""invalidation"": 359.72, ""currentPrice"": 372.11}","{""opportunityRange"": {""low"": 354.7, ""high"": 373.81}, ""reduceRange"": {""low"": 376.87, ""high"": 395.98}, ""invalidation"": 352.76, ""currentPrice"": 372.11}","same fixed D/R/E; current validated structure path, positive ranges, baseline-break override; final action selects confirmation direction"
2026-09-25,UNH,state,hold,hold,44.03,44.03,"{""opportunityRange"": {""low"": 359.91, ""high"": 373.99}, ""reduceRange"": {""low"": 377.74, ""high"": 391.82}, ""invalidation"": 349.15, ""currentPrice"": 376.59}","{""opportunityRange"": {""low"": 359.91, ""high"": 373.99}, ""reduceRange"": {""low"": 377.74, ""high"": 391.82}, ""invalidation"": 349.15, ""currentPrice"": 376.59}","same fixed D/R/E; current validated structure path, positive ranges, baseline-break override; final action selects confirmation direction"
2026-09-25,ZETA,"state,landscape",hold,hold,64.68,64.68,"{""opportunityRange"": {""low"": 28.3, ""high"": 29.37}, ""reduceRange"": {""low"": 29.75, ""high"": 30.82}, ""invalidation"": 27.16, ""currentPrice"": 29.45}","{""opportunityRange"": {""low"": 27.66, ""high"": 30}, ""reduceRange"": {""low"": 30.72, ""high"": 33.06}, ""invalidation"": 27.16, ""currentPrice"": 29.45}","same fixed D/R/E; current validated structure path, positive ranges, baseline-break override; final action selects confirmation direction"
