date,ticker,horizon,asset,historical_original_match,baseline_action,resource_validation_action,current_action,candidate_action,action_changed_width,state_changed_width,range_changed_width,confidence_changed_width,validation_range_changed,validation_changed_fields,validation_baseline_risk,validation_current_risk,path_change_reason,current_limiting_reasons,stored_action,reference_action
2026-08-18,AAPL,short,stock,True,hold,hold,hold,hold,False,False,True,False,False,"confidence,risk",10,16,fixed_stock_short_v2_rebuild,"v2_location,relative_strength_is_lagging_its_relevant_benchmarks",hold,hold
2026-08-18,AAPL,mid,stock,True,hold,hold,hold,hold,False,False,False,False,False,"confidence,risk",1,5,retained_v1_plus_zero_profile_confidence_and_declared_source_validation,"Primary MACD structure still confirms downside momentum.,OBV or price-volume behavior indicates distribution.,Current price is in the neutral space between actionable price zones.,10Y yield backdrop is restrictive for rate-sensitive risk.",hold,hold
2026-08-18,AAPL,long,stock,True,hold,hold,hold,hold,False,False,False,False,False,"confidence,risk",13,15,retained_v1_plus_zero_profile_confidence_and_declared_source_validation,"OBV or price-volume behavior indicates distribution.,Upside is extended and marginal momentum/participation is weakening.,Price is near the opportunity range but has not entered the recommended buy/add zone.,10Y yield backdrop is restrictive for rate-sensitive risk.",hold,hold
2026-08-18,AMD,short,stock,True,hold,hold,hold,hold,False,False,True,False,False,"confidence,risk",2,8,fixed_stock_short_v2_rebuild,"v2_location,relative_strength_is_lagging_its_relevant_benchmarks",hold,hold
2026-08-18,AMD,mid,stock,True,hold,hold,hold,hold,False,False,False,False,False,"confidence,risk",5,9,retained_v1_plus_zero_profile_confidence_and_declared_source_validation,"OBV or price-volume behavior indicates distribution.,10Y yield backdrop is restrictive for rate-sensitive risk.",hold,hold
2026-08-18,AMD,long,stock,True,hold,hold,hold,hold,False,False,False,False,False,"confidence,risk",25,27,retained_v1_plus_zero_profile_confidence_and_declared_source_validation,"Primary MACD structure still confirms downside momentum.,Upside is extended and marginal momentum/participation is weakening.,Price is near the opportunity range but has not entered the recommended buy/add zone.,10Y yield backdrop is restrictive for rate-sensitive risk.",hold,hold
2026-08-18,AMZN,short,stock,True,accumulate,accumulate,hold,hold,False,False,True,False,False,"confidence,risk",0,6,fixed_stock_short_v2_rebuild,v2_entry_unconfirmed,accumulate,hold
2026-08-18,AMZN,mid,stock,True,accumulate,accumulate,accumulate,accumulate,False,False,False,False,False,"confidence,risk",5,9,retained_v1_plus_zero_profile_confidence_and_declared_source_validation,"OBV or price-volume behavior indicates distribution.,Primary MACD structure still confirms downside momentum.,Relative Strength is lagging its relevant benchmarks.,Upside is extended and marginal momentum/participation is weakening.,10Y yield backdrop is restrictive for rate-sensitive risk.",accumulate,accumulate
2026-08-18,AMZN,long,stock,True,hold,hold,hold,hold,False,False,False,False,False,"confidence,risk",11,13,retained_v1_plus_zero_profile_confidence_and_declared_source_validation,10Y yield backdrop is restrictive for rate-sensitive risk.,hold,hold
2026-08-18,BABA,short,stock,True,hold,hold,hold,hold,False,False,True,False,False,"confidence,risk",29,35,fixed_stock_short_v2_rebuild,v2_event,hold,hold
2026-08-18,BABA,mid,stock,True,hold,hold,hold,hold,False,False,False,False,False,"confidence,risk",21,25,retained_v1_plus_zero_profile_confidence_and_declared_source_validation,"Primary MACD structure still confirms downside momentum.,Current price is in the neutral space between actionable price zones.,10Y yield backdrop is restrictive for rate-sensitive risk.,Earnings proximity raises event uncertainty.",hold,hold
2026-08-18,BABA,long,stock,True,hold,hold,hold,hold,False,False,False,False,False,confidence,26,26,retained_v1_plus_zero_profile_confidence_and_declared_source_validation,"Relative Strength is lagging its relevant benchmarks.,Primary moving-average structure remains bearish.,OBV or price-volume behavior indicates distribution.,Current price is in the neutral space between actionable price zones.,10Y yield backdrop is restrictive for rate-sensitive risk.",hold,hold
2026-08-18,CRCL,short,stock,True,accumulate,accumulate,accumulate,accumulate,False,False,True,False,False,"confidence,risk",3,9,fixed_stock_short_v2_rebuild,,accumulate,accumulate
2026-08-18,CRCL,mid,stock,True,hold,hold,hold,hold,False,False,False,False,False,"confidence,risk",6,10,retained_v1_plus_zero_profile_confidence_and_declared_source_validation,"Relative Strength is lagging its relevant benchmarks.,Primary moving-average structure remains bearish.,Current price is in the neutral space between actionable price zones.,10Y yield backdrop is restrictive for rate-sensitive risk.",hold,hold
2026-08-18,CRCL,long,stock,True,hold,hold,hold,hold,False,False,False,False,False,"confidence,risk",18,20,retained_v1_plus_zero_profile_confidence_and_declared_source_validation,"Relative Strength is lagging its relevant benchmarks.,OBV or price-volume behavior indicates distribution.,Primary MACD structure still confirms downside momentum.,Primary moving-average structure remains bearish.,Trend is weak, but price has not entered a reduce zone or confirmed a breakdown.",hold,hold
2026-08-18,FFAI,short,stock,True,hold,accumulate,accumulate,accumulate,False,False,False,False,True,"action,confidence,state,landscape,risk",37,43,fixed_stock_short_v2_rebuild,primary_moving_average_structure_remains_bearish,hold,hold
2026-08-18,FFAI,mid,stock,True,hold,hold,hold,hold,False,False,False,False,False,"confidence,risk",88,92,retained_v1_plus_zero_profile_confidence_and_declared_source_validation,"Volatility or extension risk is elevated.,Primary MACD structure still confirms downside momentum.,Current price is in the neutral space between actionable price zones.,10Y yield backdrop is restrictive for rate-sensitive risk.",hold,hold
2026-08-18,FFAI,long,stock,True,hold,hold,hold,hold,False,False,False,False,False,"confidence,risk",26,28,retained_v1_plus_zero_profile_confidence_and_declared_source_validation,"OBV or price-volume behavior indicates distribution.,10Y yield backdrop is restrictive for rate-sensitive risk.",hold,hold
2026-08-18,GEV,short,stock,True,hold,hold,trim,trim,False,False,True,False,True,"confidence,state,landscape,risk",1,7,fixed_stock_short_v2_rebuild,"v2_weak_resistance,relative_strength_is_lagging_its_relevant_benchmarks",hold,trim
2026-08-18,GEV,mid,stock,True,hold,hold,hold,hold,False,False,False,False,False,"confidence,risk",4,8,retained_v1_plus_zero_profile_confidence_and_declared_source_validation,"OBV or price-volume behavior indicates distribution.,Relative Strength is lagging its relevant benchmarks.,Price is extended into layered resistance rather than support.,Price is approaching the reduce range but has not entered the recommended reduce/exit zone.,10Y yield backdrop is restrictive for rate-sensitive risk.",hold,hold
2026-08-18,GEV,long,stock,True,hold,hold,hold,hold,False,False,False,False,False,"confidence,risk",19,21,retained_v1_plus_zero_profile_confidence_and_declared_source_validation,"OBV or price-volume behavior indicates distribution.,Primary MACD structure still confirms downside momentum.,Upside is extended and marginal momentum/participation is weakening.,Current price is in the neutral space between actionable price zones.,10Y yield backdrop is restrictive for rate-sensitive risk.",hold,hold
2026-08-18,GOOGL,short,stock,True,hold,hold,trim,trim,False,False,True,False,False,"confidence,risk",0,6,fixed_stock_short_v2_rebuild,"v2_weak_resistance,primary_moving_average_structure_remains_bearish",hold,trim
2026-08-18,GOOGL,mid,stock,True,hold,hold,hold,hold,False,False,False,False,False,"confidence,risk",3,7,retained_v1_plus_zero_profile_confidence_and_declared_source_validation,"Primary MACD structure still confirms downside momentum.,Relative Strength is lagging its relevant benchmarks.,OBV or price-volume behavior indicates distribution.,Primary moving-average structure remains bearish.,Trend is weak, but price has not entered a reduce zone or confirmed a breakdown.",hold,hold
2026-08-18,GOOGL,long,stock,True,hold,hold,hold,hold,False,False,False,False,False,"confidence,risk",16,18,retained_v1_plus_zero_profile_confidence_and_declared_source_validation,"OBV or price-volume behavior indicates distribution.,Primary MACD structure still confirms downside momentum.,Current price is in the neutral space between actionable price zones.,10Y yield backdrop is restrictive for rate-sensitive risk.",hold,hold
2026-08-18,HIMS,short,stock,True,sell,sell,hold,hold,False,False,True,False,False,"confidence,risk",6,12,fixed_stock_short_v2_rebuild,"v2_location,primary_moving_average_structure_remains_bearish,relative_strength_is_lagging_its_relevant_benchmarks",sell,hold
2026-08-18,HIMS,mid,stock,True,hold,hold,hold,hold,False,False,False,False,False,"confidence,risk",7,11,retained_v1_plus_zero_profile_confidence_and_declared_source_validation,"Primary MACD structure still confirms downside momentum.,OBV or price-volume behavior indicates distribution.,Trend is weak, but price has not entered a reduce zone or confirmed a breakdown.,10Y yield backdrop is restrictive for rate-sensitive risk.",hold,hold
2026-08-18,HIMS,long,stock,True,hold,hold,hold,hold,False,False,False,False,False,"confidence,risk",18,20,retained_v1_plus_zero_profile_confidence_and_declared_source_validation,"Price is extended into layered resistance rather than support.,Current price is in the neutral space between actionable price zones.,10Y yield backdrop is restrictive for rate-sensitive risk.",hold,hold
2026-08-18,META,short,stock,True,sell,sell,hold,hold,False,False,True,False,False,"confidence,risk",17,23,fixed_stock_short_v2_rebuild,"v2_location,primary_moving_average_structure_remains_bearish,relative_strength_is_lagging_its_relevant_benchmarks",sell,hold
2026-08-18,META,mid,stock,True,accumulate,accumulate,accumulate,accumulate,False,False,False,False,False,"confidence,risk",14,18,retained_v1_plus_zero_profile_confidence_and_declared_source_validation,"Primary MACD structure still confirms downside momentum.,Primary moving-average structure remains bearish.,OBV or price-volume behavior indicates distribution.,Relative Strength is lagging its relevant benchmarks.,Price is extended into layered resistance rather than support.",accumulate,accumulate
2026-08-18,META,long,stock,True,accumulate,accumulate,accumulate,accumulate,False,False,False,False,False,"confidence,risk",18,20,retained_v1_plus_zero_profile_confidence_and_declared_source_validation,"Relative Strength is lagging its relevant benchmarks.,OBV or price-volume behavior indicates distribution.,Primary moving-average structure remains bearish.,10Y yield backdrop is restrictive for rate-sensitive risk.",accumulate,accumulate
2026-08-18,MPT,short,stock,True,sell,sell,hold,hold,False,False,False,False,False,"confidence,risk",8,14,fixed_stock_short_v2_rebuild,"v2_entry_unconfirmed,primary_moving_average_structure_remains_bearish,relative_strength_is_lagging_its_relevant_benchmarks",sell,hold
2026-08-18,MPT,mid,stock,True,avoid,avoid,avoid,avoid,False,False,False,False,False,"confidence,risk",21,25,retained_v1_plus_zero_profile_confidence_and_declared_source_validation,"Primary moving-average structure remains bearish.,Relative Strength is lagging its relevant benchmarks.,Primary MACD structure still confirms downside momentum.,OBV or price-volume behavior indicates distribution.,Price is extended into layered resistance rather than support.",avoid,avoid
2026-08-18,MPT,long,stock,True,sell,sell,sell,sell,False,False,False,False,False,"confidence,risk",20,22,retained_v1_plus_zero_profile_confidence_and_declared_source_validation,"Relative Strength is lagging its relevant benchmarks.,Primary MACD structure still confirms downside momentum.,Primary moving-average structure remains bearish.,OBV or price-volume behavior indicates distribution.,Price is extended into layered resistance rather than support.",sell,sell
2026-08-18,MSFT,short,stock,True,hold,hold,accumulate,accumulate,False,False,True,False,False,"confidence,risk",0,6,fixed_stock_short_v2_rebuild,,hold,accumulate
2026-08-18,MSFT,mid,stock,True,hold,hold,hold,hold,False,False,False,False,False,"confidence,risk",11,15,retained_v1_plus_zero_profile_confidence_and_declared_source_validation,"Primary MACD structure still confirms downside momentum.,10Y yield backdrop is restrictive for rate-sensitive risk.",hold,hold
2026-08-18,MSFT,long,stock,True,hold,hold,hold,hold,False,False,False,False,False,"confidence,risk",13,15,retained_v1_plus_zero_profile_confidence_and_declared_source_validation,"OBV or price-volume behavior indicates distribution.,10Y yield backdrop is restrictive for rate-sensitive risk.",hold,hold
2026-08-18,MU,short,stock,True,accumulate,accumulate,accumulate,accumulate,False,False,True,False,False,"confidence,risk",3,9,fixed_stock_short_v2_rebuild,relative_strength_is_lagging_its_relevant_benchmarks,accumulate,accumulate
2026-08-18,MU,mid,stock,True,hold,hold,hold,hold,False,False,False,False,False,"confidence,risk",7,11,retained_v1_plus_zero_profile_confidence_and_declared_source_validation,"OBV or price-volume behavior indicates distribution.,10Y yield backdrop is restrictive for rate-sensitive risk.",hold,hold
2026-08-18,MU,long,stock,True,hold,hold,hold,hold,False,False,False,False,False,"confidence,risk",88,90,retained_v1_plus_zero_profile_confidence_and_declared_source_validation,"Volatility or extension risk is elevated.,Primary MACD structure still confirms downside momentum.,Upside is extended and marginal momentum/participation is weakening.,10Y yield backdrop is restrictive for rate-sensitive risk.",hold,hold
2026-08-18,NFLX,short,stock,True,hold,hold,hold,hold,False,False,True,False,False,"confidence,risk",0,6,fixed_stock_short_v2_rebuild,v2_trend_resistance,hold,hold
2026-08-18,NFLX,mid,stock,True,hold,hold,hold,hold,False,False,False,False,False,"confidence,risk",1,5,retained_v1_plus_zero_profile_confidence_and_declared_source_validation,"Relative Strength is lagging its relevant benchmarks.,Primary moving-average structure remains bearish.,Current price is in the neutral space between actionable price zones.,10Y yield backdrop is restrictive for rate-sensitive risk.",hold,hold
2026-08-18,NFLX,long,stock,True,hold,hold,hold,hold,False,False,False,False,False,"confidence,risk",8,10,retained_v1_plus_zero_profile_confidence_and_declared_source_validation,"Primary moving-average structure remains bearish.,Relative Strength is lagging its relevant benchmarks.,OBV or price-volume behavior indicates distribution.,Primary MACD structure still confirms downside momentum.,Trend is weak, but price has not entered a reduce zone or confirmed a breakdown.",hold,hold
2026-08-18,NOK,short,stock,True,hold,hold,accumulate,accumulate,False,False,False,False,False,"confidence,risk",1,7,fixed_stock_short_v2_rebuild,relative_strength_is_lagging_its_relevant_benchmarks,hold,accumulate
2026-08-18,NOK,mid,stock,True,hold,hold,hold,hold,False,False,False,False,False,"confidence,risk",4,8,retained_v1_plus_zero_profile_confidence_and_declared_source_validation,"Relative Strength is lagging its relevant benchmarks.,Primary moving-average structure remains bearish.,OBV or price-volume behavior indicates distribution.,Price is extended into layered resistance rather than support.,Price is approaching the reduce range but has not entered the recommended reduce/exit zone.",hold,hold
2026-08-18,NOK,long,stock,True,hold,hold,hold,hold,False,False,False,False,False,"confidence,risk",84,86,retained_v1_plus_zero_profile_confidence_and_declared_source_validation,"Volatility or extension risk is elevated.,OBV or price-volume behavior indicates distribution.,Primary MACD structure still confirms downside momentum.,Upside is extended and marginal momentum/participation is weakening.,Current price is in the neutral space between actionable price zones.",hold,hold
2026-08-18,NOW,short,stock,True,hold,hold,hold,hold,False,False,True,False,False,"confidence,risk",1,7,fixed_stock_short_v2_rebuild,v2_entry_unconfirmed,hold,hold
2026-08-18,NOW,mid,stock,True,accumulate,accumulate,accumulate,accumulate,False,False,False,False,False,"confidence,risk",4,8,retained_v1_plus_zero_profile_confidence_and_declared_source_validation,10Y yield backdrop is restrictive for rate-sensitive risk.,accumulate,accumulate
2026-08-18,NOW,long,stock,True,hold,hold,hold,hold,False,False,False,False,False,"confidence,risk",19,21,retained_v1_plus_zero_profile_confidence_and_declared_source_validation,"OBV or price-volume behavior indicates distribution.,Price is extended into layered resistance rather than support.,Current price is in the neutral space between actionable price zones.,10Y yield backdrop is restrictive for rate-sensitive risk.",hold,hold
2026-08-18,NVDA,short,stock,True,hold,hold,hold,hold,False,False,True,False,False,"confidence,risk",12,18,fixed_stock_short_v2_rebuild,v2_location,hold,hold
2026-08-18,NVDA,mid,stock,True,hold,hold,hold,hold,False,False,False,False,False,"confidence,risk",22,26,retained_v1_plus_zero_profile_confidence_and_declared_source_validation,"Price is near the opportunity range but has not entered the recommended buy/add zone.,10Y yield backdrop is restrictive for rate-sensitive risk.,Earnings proximity raises event uncertainty.",hold,hold
2026-08-18,NVDA,long,stock,True,hold,hold,hold,hold,False,False,False,False,False,"confidence,risk",18,20,retained_v1_plus_zero_profile_confidence_and_declared_source_validation,"Price is approaching the reduce range but has not entered the recommended reduce/exit zone.,10Y yield backdrop is restrictive for rate-sensitive risk.,Earnings proximity raises event uncertainty.",hold,hold
2026-08-18,ORCL,short,stock,True,hold,hold,trim,trim,False,False,True,False,False,"confidence,risk",1,7,fixed_stock_short_v2_rebuild,v2_weak_resistance,hold,trim
2026-08-18,ORCL,mid,stock,True,hold,hold,hold,hold,False,False,False,False,False,"confidence,risk",3,7,retained_v1_plus_zero_profile_confidence_and_declared_source_validation,"Relative Strength is lagging its relevant benchmarks.,Primary moving-average structure remains bearish.,Current price is in the neutral space between actionable price zones.,10Y yield backdrop is restrictive for rate-sensitive risk.",hold,hold
2026-08-18,ORCL,long,stock,True,hold,hold,hold,hold,False,False,False,False,False,"confidence,risk",24,26,retained_v1_plus_zero_profile_confidence_and_declared_source_validation,"Primary moving-average structure remains bearish.,Primary MACD structure still confirms downside momentum.,OBV or price-volume behavior indicates distribution.,Relative Strength is lagging its relevant benchmarks.,Trend is weak, but price has not entered a reduce zone or confirmed a breakdown.",hold,hold
2026-08-18,PLTR,short,stock,True,hold,hold,hold,hold,False,False,True,False,False,"confidence,risk",1,7,fixed_stock_short_v2_rebuild,v2_location,hold,hold
2026-08-18,PLTR,mid,stock,True,hold,hold,hold,hold,False,False,False,False,False,"confidence,risk",17,21,retained_v1_plus_zero_profile_confidence_and_declared_source_validation,"Price is near the opportunity range but has not entered the recommended buy/add zone.,10Y yield backdrop is restrictive for rate-sensitive risk.",hold,hold
2026-08-18,PLTR,long,stock,True,hold,hold,hold,hold,False,False,False,False,False,"confidence,risk",15,17,retained_v1_plus_zero_profile_confidence_and_declared_source_validation,"Current price is in the neutral space between actionable price zones.,10Y yield backdrop is restrictive for rate-sensitive risk.",hold,hold
2026-08-18,QQQ,short,ETF,True,hold,hold,hold,hold,False,False,True,False,False,"confidence,risk",0,6,retained_v1_plus_zero_profile_confidence_and_declared_source_validation,"OBV or price-volume behavior indicates distribution.,Primary MACD structure still confirms downside momentum.,Upside is extended and marginal momentum/participation is weakening.,Current price is in the neutral space between actionable price zones.,10Y yield backdrop is restrictive for rate-sensitive risk.",hold,hold
2026-08-18,QQQ,mid,ETF,True,accumulate,accumulate,accumulate,accumulate,False,False,False,False,False,"confidence,risk",8,12,retained_v1_plus_zero_profile_confidence_and_declared_source_validation,"OBV or price-volume behavior indicates distribution.,Upside is extended and marginal momentum/participation is weakening.,10Y yield backdrop is restrictive for rate-sensitive risk.",accumulate,accumulate
2026-08-18,QQQ,long,ETF,True,hold,hold,hold,hold,False,False,False,False,False,"confidence,risk",11,13,retained_v1_plus_zero_profile_confidence_and_declared_source_validation,"Price is extended into layered resistance rather than support.,Price is approaching the reduce range but has not entered the recommended reduce/exit zone.,10Y yield backdrop is restrictive for rate-sensitive risk.",hold,hold
2026-08-18,SOFI,short,stock,True,hold,hold,hold,hold,False,False,False,False,False,"confidence,risk",8,14,fixed_stock_short_v2_rebuild,v2_trend_resistance,hold,hold
2026-08-18,SOFI,mid,stock,True,hold,hold,hold,hold,False,False,False,False,False,"confidence,risk",3,7,retained_v1_plus_zero_profile_confidence_and_declared_source_validation,"OBV or price-volume behavior indicates distribution.,10Y yield backdrop is restrictive for rate-sensitive risk.",hold,hold
2026-08-18,SOFI,long,stock,True,hold,hold,hold,hold,False,False,False,False,False,"confidence,risk",18,21,retained_v1_plus_zero_profile_confidence_and_declared_source_validation,"OBV or price-volume behavior indicates distribution.,Relative Strength is lagging its relevant benchmarks.,Current price is in the neutral space between actionable price zones.,10Y yield backdrop is restrictive for rate-sensitive risk.",hold,hold
2026-08-18,SOXL,short,ETF,True,hold,hold,hold,hold,False,False,True,False,False,"confidence,risk",8,14,retained_v1_plus_zero_profile_confidence_and_declared_source_validation,"Relative Strength is lagging its relevant benchmarks.,Primary moving-average structure remains bearish.,Trend is weak, but price has not entered a reduce zone or confirmed a breakdown.,10Y yield backdrop is restrictive for rate-sensitive risk.",hold,hold
2026-08-18,SOXL,mid,ETF,True,hold,hold,hold,hold,False,False,False,False,False,"confidence,risk",18,22,retained_v1_plus_zero_profile_confidence_and_declared_source_validation,"Relative Strength is lagging its relevant benchmarks.,OBV or price-volume behavior indicates distribution.,Primary moving-average structure remains bearish.,Price is extended into layered resistance rather than support.,Price is near the opportunity range but has not entered the recommended buy/add zone.",hold,hold
2026-08-18,SOXL,long,ETF,True,hold,hold,hold,hold,False,False,False,False,False,"confidence,risk",89,91,retained_v1_plus_zero_profile_confidence_and_declared_source_validation,"Volatility or extension risk is elevated.,Primary MACD structure still confirms downside momentum.,Current price is in the neutral space between actionable price zones.,10Y yield backdrop is restrictive for rate-sensitive risk.",hold,hold
2026-08-18,SOXS,short,ETF,True,hold,hold,hold,hold,False,False,True,False,False,"confidence,risk",7,13,retained_v1_plus_zero_profile_confidence_and_declared_source_validation,"OBV or price-volume behavior indicates distribution.,Primary moving-average structure remains bearish.,Current price is in the neutral space between actionable price zones.,10Y yield backdrop is restrictive for rate-sensitive risk.",hold,hold
2026-08-18,SOXS,mid,ETF,True,hold,hold,hold,hold,False,False,False,False,False,"confidence,risk",36,40,retained_v1_plus_zero_profile_confidence_and_declared_source_validation,"Relative Strength is lagging its relevant benchmarks.,Primary moving-average structure remains bearish.,Trend is weak, but price has not entered a reduce zone or confirmed a breakdown.,10Y yield backdrop is restrictive for rate-sensitive risk.",hold,hold
2026-08-18,SOXS,long,ETF,True,hold,hold,hold,hold,False,False,False,False,False,"confidence,risk",27,29,retained_v1_plus_zero_profile_confidence_and_declared_source_validation,"Relative Strength is lagging its relevant benchmarks.,Primary moving-average structure remains bearish.,OBV or price-volume behavior indicates distribution.,Price is near the opportunity range but has not entered the recommended buy/add zone.,10Y yield backdrop is restrictive for rate-sensitive risk.",hold,hold
2026-08-18,SPCX,short,stock,True,hold,hold,hold,hold,False,False,True,False,False,"confidence,risk",6,12,fixed_stock_short_v2_rebuild,v2_trend_resistance,hold,hold
2026-08-18,SPCX,mid,stock,True,hold,hold,hold,hold,False,False,False,False,False,"confidence,risk",9,13,retained_v1_plus_zero_profile_confidence_and_declared_source_validation,10Y yield backdrop is restrictive for rate-sensitive risk.,hold,hold
2026-08-18,SPCX,long,stock,True,avoid,avoid,avoid,avoid,False,False,False,False,False,"confidence,risk",0,2,retained_v1_plus_zero_profile_confidence_and_declared_source_validation,"Price landscape quality is insufficient for an actionable recommendation.,10Y yield backdrop is restrictive for rate-sensitive risk.",avoid,avoid
2026-08-18,SPMO,short,ETF,True,hold,hold,hold,hold,False,False,True,False,False,"confidence,risk",0,6,retained_v1_plus_zero_profile_confidence_and_declared_source_validation,"OBV or price-volume behavior indicates distribution.,Upside is extended and marginal momentum/participation is weakening.,Current price is in the neutral space between actionable price zones.,10Y yield backdrop is restrictive for rate-sensitive risk.",hold,hold
2026-08-18,SPMO,mid,ETF,True,accumulate,accumulate,accumulate,accumulate,False,False,False,False,False,"confidence,risk",1,5,retained_v1_plus_zero_profile_confidence_and_declared_source_validation,"OBV or price-volume behavior indicates distribution.,10Y yield backdrop is restrictive for rate-sensitive risk.",accumulate,accumulate
2026-08-18,SPMO,long,ETF,True,hold,hold,hold,hold,False,False,False,False,False,"confidence,risk",14,16,retained_v1_plus_zero_profile_confidence_and_declared_source_validation,"Primary MACD structure still confirms downside momentum.,10Y yield backdrop is restrictive for rate-sensitive risk.",hold,hold
2026-08-18,SQQQ,short,ETF,True,hold,hold,hold,hold,False,False,False,False,False,"confidence,risk",9,15,retained_v1_plus_zero_profile_confidence_and_declared_source_validation,"Primary moving-average structure remains bearish.,Current price is in the neutral space between actionable price zones.,10Y yield backdrop is restrictive for rate-sensitive risk.",hold,hold
2026-08-18,SQQQ,mid,ETF,True,accumulate,accumulate,accumulate,accumulate,False,False,False,False,False,"confidence,risk",11,15,retained_v1_plus_zero_profile_confidence_and_declared_source_validation,"Primary moving-average structure remains bearish.,Primary MACD structure still confirms downside momentum.,Relative Strength is lagging its relevant benchmarks.,10Y yield backdrop is restrictive for rate-sensitive risk.",accumulate,accumulate
2026-08-18,SQQQ,long,ETF,True,hold,hold,hold,hold,False,False,False,False,False,"confidence,risk",22,24,retained_v1_plus_zero_profile_confidence_and_declared_source_validation,"Relative Strength is lagging its relevant benchmarks.,Primary moving-average structure remains bearish.,OBV or price-volume behavior indicates distribution.,Price is near the opportunity range but has not entered the recommended buy/add zone.,10Y yield backdrop is restrictive for rate-sensitive risk.",hold,hold
2026-08-18,TEM,short,stock,True,hold,hold,trim,trim,False,False,True,False,False,"confidence,risk",2,8,fixed_stock_short_v2_rebuild,v2_weak_resistance,hold,trim
2026-08-18,TEM,mid,stock,True,hold,hold,hold,hold,False,False,False,False,False,"confidence,risk",6,10,retained_v1_plus_zero_profile_confidence_and_declared_source_validation,"OBV or price-volume behavior indicates distribution.,10Y yield backdrop is restrictive for rate-sensitive risk.",hold,hold
2026-08-18,TEM,long,stock,True,hold,hold,hold,hold,False,False,False,False,False,"confidence,risk",18,20,retained_v1_plus_zero_profile_confidence_and_declared_source_validation,"Relative Strength is lagging its relevant benchmarks.,Current price is in the neutral space between actionable price zones.,10Y yield backdrop is restrictive for rate-sensitive risk.",hold,hold
2026-08-18,TQQQ,short,ETF,True,hold,hold,hold,hold,False,False,True,False,False,"confidence,risk",1,7,retained_v1_plus_zero_profile_confidence_and_declared_source_validation,"OBV or price-volume behavior indicates distribution.,Primary MACD structure still confirms downside momentum.,Price is near the opportunity range but has not entered the recommended buy/add zone.,10Y yield backdrop is restrictive for rate-sensitive risk.",hold,hold
2026-08-18,TQQQ,mid,ETF,True,hold,hold,hold,hold,False,False,False,False,False,"confidence,risk",11,15,retained_v1_plus_zero_profile_confidence_and_declared_source_validation,"OBV or price-volume behavior indicates distribution.,Relative Strength is lagging its relevant benchmarks.,10Y yield backdrop is restrictive for rate-sensitive risk.",hold,hold
2026-08-18,TQQQ,long,ETF,True,hold,hold,hold,hold,False,False,False,False,False,"confidence,risk",22,24,retained_v1_plus_zero_profile_confidence_and_declared_source_validation,"Current price is in the neutral space between actionable price zones.,10Y yield backdrop is restrictive for rate-sensitive risk.",hold,hold
2026-08-18,UNH,short,stock,True,sell,sell,hold,hold,False,False,True,False,False,"confidence,risk",0,6,fixed_stock_short_v2_rebuild,"v2_entry_unconfirmed,primary_moving_average_structure_remains_bearish,relative_strength_is_lagging_its_relevant_benchmarks",sell,hold
2026-08-18,UNH,mid,stock,True,hold,hold,hold,hold,False,False,False,False,False,"confidence,risk",1,5,retained_v1_plus_zero_profile_confidence_and_declared_source_validation,"Primary MACD structure still confirms downside momentum.,OBV or price-volume behavior indicates distribution.,Price is extended into layered resistance rather than support.,Trend is weak, but price has not entered a reduce zone or confirmed a breakdown.,10Y yield backdrop is restrictive for rate-sensitive risk.",hold,hold
2026-08-18,UNH,long,stock,True,accumulate,accumulate,accumulate,accumulate,False,False,False,False,False,"confidence,risk",4,6,retained_v1_plus_zero_profile_confidence_and_declared_source_validation,"OBV or price-volume behavior indicates distribution.,Upside is extended and marginal momentum/participation is weakening.,10Y yield backdrop is restrictive for rate-sensitive risk.",accumulate,accumulate
2026-08-18,XE,short,stock,True,hold,hold,trim,trim,False,False,True,False,False,"confidence,risk",16,22,fixed_stock_short_v2_rebuild,v2_weak_resistance,hold,trim
2026-08-18,XE,mid,stock,True,hold,hold,hold,hold,False,False,False,False,False,"confidence,risk",10,14,retained_v1_plus_zero_profile_confidence_and_declared_source_validation,"Relative Strength is lagging its relevant benchmarks.,OBV or price-volume behavior indicates distribution.,Primary moving-average structure remains bearish.,Current price is in the neutral space between actionable price zones.,10Y yield backdrop is restrictive for rate-sensitive risk.",hold,hold
2026-08-18,XE,long,stock,True,hold,hold,hold,hold,False,False,False,False,False,"confidence,risk",18,20,retained_v1_plus_zero_profile_confidence_and_declared_source_validation,"OBV or price-volume behavior indicates distribution.,Current price is in the neutral space between actionable price zones.,10Y yield backdrop is restrictive for rate-sensitive risk.",hold,hold
2026-08-18,ZETA,short,stock,True,hold,hold,hold,hold,False,False,True,False,False,"confidence,risk",2,8,fixed_stock_short_v2_rebuild,v2_location,hold,hold
2026-08-18,ZETA,mid,stock,True,hold,hold,hold,hold,False,False,False,False,False,"confidence,risk",19,23,retained_v1_plus_zero_profile_confidence_and_declared_source_validation,10Y yield backdrop is restrictive for rate-sensitive risk.,hold,hold
2026-08-18,ZETA,long,stock,True,hold,hold,hold,hold,False,False,False,False,False,"confidence,risk",32,34,retained_v1_plus_zero_profile_confidence_and_declared_source_validation,10Y yield backdrop is restrictive for rate-sensitive risk.,hold,hold
2026-08-19,AAPL,short,stock,True,hold,hold,hold,hold,False,False,True,False,False,"confidence,risk",9,15,fixed_stock_short_v2_rebuild,"v2_location,relative_strength_is_lagging_its_relevant_benchmarks",hold,hold
2026-08-19,AAPL,mid,stock,True,hold,hold,hold,hold,False,False,False,False,False,"confidence,risk",0,4,retained_v1_plus_zero_profile_confidence_and_declared_source_validation,"OBV or price-volume behavior indicates distribution.,Primary MACD structure still confirms downside momentum.,Current price is in the neutral space between actionable price zones.,10Y yield backdrop is restrictive for rate-sensitive risk.",hold,hold
2026-08-19,AAPL,long,stock,True,hold,hold,hold,hold,False,False,False,False,False,"confidence,risk",13,15,retained_v1_plus_zero_profile_confidence_and_declared_source_validation,"OBV or price-volume behavior indicates distribution.,Upside is extended and marginal momentum/participation is weakening.,10Y yield backdrop is restrictive for rate-sensitive risk.",hold,hold
2026-08-19,AMD,short,stock,True,hold,hold,sell,sell,False,False,True,False,False,"confidence,risk",2,8,fixed_stock_short_v2_rebuild,"v2_weak_resistance,primary_moving_average_structure_remains_bearish,relative_strength_is_lagging_its_relevant_benchmarks",hold,sell
2026-08-19,AMD,mid,stock,True,hold,hold,hold,hold,False,False,False,False,False,"confidence,risk",5,9,retained_v1_plus_zero_profile_confidence_and_declared_source_validation,"OBV or price-volume behavior indicates distribution.,Primary MACD structure still confirms downside momentum.,Current price is in the neutral space between actionable price zones.,10Y yield backdrop is restrictive for rate-sensitive risk.",hold,hold
2026-08-19,AMD,long,stock,True,accumulate,accumulate,accumulate,accumulate,False,False,False,False,False,"confidence,risk",25,27,retained_v1_plus_zero_profile_confidence_and_declared_source_validation,"Primary MACD structure still confirms downside momentum.,Upside is extended and marginal momentum/participation is weakening.,10Y yield backdrop is restrictive for rate-sensitive risk.",accumulate,accumulate
2026-08-19,AMZN,short,stock,True,hold,hold,hold,hold,False,False,True,False,False,"confidence,risk",3,9,fixed_stock_short_v2_rebuild,v2_location,hold,hold
2026-08-19,AMZN,mid,stock,True,hold,hold,hold,hold,False,False,False,False,False,"confidence,risk",4,8,retained_v1_plus_zero_profile_confidence_and_declared_source_validation,"OBV or price-volume behavior indicates distribution.,Primary MACD structure still confirms downside momentum.,Upside is extended and marginal momentum/participation is weakening.,Price is near the opportunity range but has not entered the recommended buy/add zone.,10Y yield backdrop is restrictive for rate-sensitive risk.",hold,hold
2026-08-19,AMZN,long,stock,True,hold,hold,hold,hold,False,False,False,False,False,"confidence,risk",11,13,retained_v1_plus_zero_profile_confidence_and_declared_source_validation,"Price is approaching the reduce range but has not entered the recommended reduce/exit zone.,10Y yield backdrop is restrictive for rate-sensitive risk.",hold,hold
2026-08-19,BABA,short,stock,True,hold,hold,hold,hold,False,False,True,False,False,"confidence,risk",41,47,fixed_stock_short_v2_rebuild,v2_trend_resistance,hold,hold
2026-08-19,BABA,mid,stock,True,hold,hold,hold,hold,False,False,False,False,False,"confidence,risk",21,25,retained_v1_plus_zero_profile_confidence_and_declared_source_validation,"10Y yield backdrop is restrictive for rate-sensitive risk.,Earnings proximity raises event uncertainty.",hold,hold
2026-08-19,BABA,long,stock,True,hold,hold,hold,hold,False,False,False,False,False,confidence,26,26,retained_v1_plus_zero_profile_confidence_and_declared_source_validation,"Relative Strength is lagging its relevant benchmarks.,OBV or price-volume behavior indicates distribution.,Primary moving-average structure remains bearish.,Current price is in the neutral space between actionable price zones.,10Y yield backdrop is restrictive for rate-sensitive risk.",hold,hold
2026-08-19,CRCL,short,stock,True,hold,hold,hold,hold,False,False,True,False,False,"confidence,risk",5,11,fixed_stock_short_v2_rebuild,v2_location,hold,hold
2026-08-19,CRCL,mid,stock,True,hold,hold,hold,hold,False,False,False,False,False,"confidence,risk",10,14,retained_v1_plus_zero_profile_confidence_and_declared_source_validation,"Relative Strength is lagging its relevant benchmarks.,Primary moving-average structure remains bearish.,Current price is in the neutral space between actionable price zones.,10Y yield backdrop is restrictive for rate-sensitive risk.",hold,hold
2026-08-19,CRCL,long,stock,True,hold,hold,hold,hold,False,False,False,False,False,"confidence,risk",18,20,retained_v1_plus_zero_profile_confidence_and_declared_source_validation,"Relative Strength is lagging its relevant benchmarks.,Primary MACD structure still confirms downside momentum.,OBV or price-volume behavior indicates distribution.,Primary moving-average structure remains bearish.,Price is approaching the reduce range but has not entered the recommended reduce/exit zone.",hold,hold
2026-08-19,FFAI,short,stock,True,accumulate,accumulate,accumulate,accumulate,False,False,False,False,False,"confidence,risk",37,43,fixed_stock_short_v2_rebuild,primary_moving_average_structure_remains_bearish,accumulate,accumulate
2026-08-19,FFAI,mid,stock,True,hold,hold,hold,hold,False,False,False,False,True,"confidence,landscape,risk",88,92,retained_v1_plus_zero_profile_confidence_and_declared_source_validation,"Volatility or extension risk is elevated.,Primary MACD structure still confirms downside momentum.,Current price is in the neutral space between actionable price zones.,10Y yield backdrop is restrictive for rate-sensitive risk.",hold,hold
2026-08-19,FFAI,long,stock,True,hold,hold,hold,hold,False,False,False,False,False,"confidence,risk",26,28,retained_v1_plus_zero_profile_confidence_and_declared_source_validation,"OBV or price-volume behavior indicates distribution.,10Y yield backdrop is restrictive for rate-sensitive risk.",hold,hold
2026-08-19,GEV,short,stock,True,hold,hold,trim,trim,False,False,True,False,False,"confidence,risk",1,7,fixed_stock_short_v2_rebuild,"v2_weak_resistance,primary_moving_average_structure_remains_bearish",hold,trim
2026-08-19,GEV,mid,stock,True,hold,hold,hold,hold,False,False,False,False,False,"confidence,risk",4,8,retained_v1_plus_zero_profile_confidence_and_declared_source_validation,"OBV or price-volume behavior indicates distribution.,Relative Strength is lagging its relevant benchmarks.,Price is extended into layered resistance rather than support.,Upside is extended and marginal momentum/participation is weakening.,Current price is in the neutral space between actionable price zones.",hold,hold
2026-08-19,GEV,long,stock,True,hold,hold,hold,hold,False,False,False,False,False,"confidence,risk",19,21,retained_v1_plus_zero_profile_confidence_and_declared_source_validation,"OBV or price-volume behavior indicates distribution.,Primary MACD structure still confirms downside momentum.,Upside is extended and marginal momentum/participation is weakening.,Current price is in the neutral space between actionable price zones.,10Y yield backdrop is restrictive for rate-sensitive risk.",hold,hold
2026-08-19,GOOGL,short,stock,True,hold,hold,hold,hold,False,False,True,False,False,"confidence,risk",0,6,fixed_stock_short_v2_rebuild,"v2_entry_unconfirmed,primary_moving_average_structure_remains_bearish",hold,hold
2026-08-19,GOOGL,mid,stock,True,hold,hold,hold,hold,False,False,False,False,False,"confidence,risk",2,6,retained_v1_plus_zero_profile_confidence_and_declared_source_validation,"Primary MACD structure still confirms downside momentum.,Relative Strength is lagging its relevant benchmarks.,Primary moving-average structure remains bearish.,Trend is weak, but price has not entered a reduce zone or confirmed a breakdown.,10Y yield backdrop is restrictive for rate-sensitive risk.",hold,hold
2026-08-19,GOOGL,long,stock,True,hold,hold,hold,hold,False,False,False,False,False,"confidence,risk",16,18,retained_v1_plus_zero_profile_confidence_and_declared_source_validation,"OBV or price-volume behavior indicates distribution.,Primary MACD structure still confirms downside momentum.,Current price is in the neutral space between actionable price zones.,10Y yield backdrop is restrictive for rate-sensitive risk.",hold,hold
2026-08-19,HIMS,short,stock,True,hold,hold,hold,hold,False,False,False,False,False,"confidence,risk",9,15,fixed_stock_short_v2_rebuild,"v2_location,relative_strength_is_lagging_its_relevant_benchmarks",hold,hold
2026-08-19,HIMS,mid,stock,True,hold,hold,hold,hold,False,False,False,False,False,"confidence,risk",6,10,retained_v1_plus_zero_profile_confidence_and_declared_source_validation,"Primary MACD structure still confirms downside momentum.,Price is approaching the reduce range but has not entered the recommended reduce/exit zone.,10Y yield backdrop is restrictive for rate-sensitive risk.",hold,hold
2026-08-19,HIMS,long,stock,True,hold,hold,hold,hold,False,False,False,False,False,"confidence,risk",18,20,retained_v1_plus_zero_profile_confidence_and_declared_source_validation,"Price is extended into layered resistance rather than support.,Current price is in the neutral space between actionable price zones.,10Y yield backdrop is restrictive for rate-sensitive risk.",hold,hold
2026-08-19,META,short,stock,True,sell,sell,hold,hold,False,False,True,False,False,"confidence,risk",2,8,fixed_stock_short_v2_rebuild,"v2_location,primary_moving_average_structure_remains_bearish,relative_strength_is_lagging_its_relevant_benchmarks",sell,hold
2026-08-19,META,mid,stock,True,accumulate,accumulate,accumulate,accumulate,False,False,False,False,False,"confidence,risk",9,13,retained_v1_plus_zero_profile_confidence_and_declared_source_validation,"Primary MACD structure still confirms downside momentum.,Primary moving-average structure remains bearish.,OBV or price-volume behavior indicates distribution.,Relative Strength is lagging its relevant benchmarks.,10Y yield backdrop is restrictive for rate-sensitive risk.",accumulate,accumulate
2026-08-19,META,long,stock,True,accumulate,accumulate,accumulate,accumulate,False,False,False,False,False,"confidence,risk",18,20,retained_v1_plus_zero_profile_confidence_and_declared_source_validation,"Relative Strength is lagging its relevant benchmarks.,OBV or price-volume behavior indicates distribution.,Primary moving-average structure remains bearish.,10Y yield backdrop is restrictive for rate-sensitive risk.",accumulate,accumulate
2026-08-19,MPT,short,stock,True,trim,trim,hold,hold,False,False,False,False,False,"confidence,risk",6,12,fixed_stock_short_v2_rebuild,"v2_trend_resistance,primary_moving_average_structure_remains_bearish,relative_strength_is_lagging_its_relevant_benchmarks",trim,hold
2026-08-19,MPT,mid,stock,True,avoid,avoid,avoid,avoid,False,False,False,False,False,"confidence,risk",15,19,retained_v1_plus_zero_profile_confidence_and_declared_source_validation,"Primary moving-average structure remains bearish.,Relative Strength is lagging its relevant benchmarks.,Primary MACD structure still confirms downside momentum.,OBV or price-volume behavior indicates distribution.,Price is extended into layered resistance rather than support.",avoid,avoid
2026-08-19,MPT,long,stock,True,sell,sell,sell,sell,False,False,False,False,False,"confidence,risk",19,21,retained_v1_plus_zero_profile_confidence_and_declared_source_validation,"Relative Strength is lagging its relevant benchmarks.,Primary MACD structure still confirms downside momentum.,Primary moving-average structure remains bearish.,OBV or price-volume behavior indicates distribution.,A confirmed breakdown has invalidated the prior opportunity structure; exit is anchored near the current executable area.",sell,sell
2026-08-19,MSFT,short,stock,True,hold,hold,accumulate,accumulate,False,False,True,False,False,"confidence,risk",0,6,fixed_stock_short_v2_rebuild,,hold,accumulate
2026-08-19,MSFT,mid,stock,True,hold,hold,hold,hold,False,False,False,False,False,"confidence,risk",11,15,retained_v1_plus_zero_profile_confidence_and_declared_source_validation,"Primary MACD structure still confirms downside momentum.,10Y yield backdrop is restrictive for rate-sensitive risk.",hold,hold
2026-08-19,MSFT,long,stock,True,hold,hold,hold,hold,False,False,False,False,False,"confidence,risk",13,15,retained_v1_plus_zero_profile_confidence_and_declared_source_validation,"OBV or price-volume behavior indicates distribution.,10Y yield backdrop is restrictive for rate-sensitive risk.",hold,hold
2026-08-19,MU,short,stock,True,accumulate,accumulate,hold,hold,False,False,True,False,False,"confidence,risk",3,9,fixed_stock_short_v2_rebuild,"v2_location,relative_strength_is_lagging_its_relevant_benchmarks",accumulate,accumulate
2026-08-19,MU,mid,stock,True,hold,hold,hold,hold,False,False,False,False,False,"confidence,risk",6,10,retained_v1_plus_zero_profile_confidence_and_declared_source_validation,"OBV or price-volume behavior indicates distribution.,10Y yield backdrop is restrictive for rate-sensitive risk.",hold,hold
2026-08-19,MU,long,stock,True,hold,hold,hold,hold,False,False,False,False,False,"confidence,risk",88,90,retained_v1_plus_zero_profile_confidence_and_declared_source_validation,"Volatility or extension risk is elevated.,Primary MACD structure still confirms downside momentum.,Upside is extended and marginal momentum/participation is weakening.,10Y yield backdrop is restrictive for rate-sensitive risk.",hold,hold
2026-08-19,NFLX,short,stock,True,hold,hold,accumulate,accumulate,False,False,True,False,False,"confidence,risk",2,8,fixed_stock_short_v2_rebuild,,hold,accumulate
2026-08-19,NFLX,mid,stock,True,hold,hold,hold,hold,False,False,False,False,False,"confidence,risk",3,7,retained_v1_plus_zero_profile_confidence_and_declared_source_validation,"Relative Strength is lagging its relevant benchmarks.,Primary moving-average structure remains bearish.,Price is approaching the reduce range but has not entered the recommended reduce/exit zone.,10Y yield backdrop is restrictive for rate-sensitive risk.",hold,hold
2026-08-19,NFLX,long,stock,True,hold,hold,hold,hold,False,False,False,False,False,"confidence,risk",8,10,retained_v1_plus_zero_profile_confidence_and_declared_source_validation,"Primary moving-average structure remains bearish.,OBV or price-volume behavior indicates distribution.,Relative Strength is lagging its relevant benchmarks.,Primary MACD structure still confirms downside momentum.,Trend is weak, but price has not entered a reduce zone or confirmed a breakdown.",hold,hold
2026-08-19,NOK,short,stock,True,accumulate,accumulate,accumulate,accumulate,False,False,False,False,False,"confidence,risk",2,8,fixed_stock_short_v2_rebuild,relative_strength_is_lagging_its_relevant_benchmarks,accumulate,accumulate
2026-08-19,NOK,mid,stock,True,hold,hold,hold,hold,False,False,False,False,False,"confidence,risk",5,9,retained_v1_plus_zero_profile_confidence_and_declared_source_validation,"Relative Strength is lagging its relevant benchmarks.,Primary moving-average structure remains bearish.,Price is extended into layered resistance rather than support.,Current price is in the neutral space between actionable price zones.,10Y yield backdrop is restrictive for rate-sensitive risk.",hold,hold
2026-08-19,NOK,long,stock,True,hold,hold,hold,hold,False,False,False,False,False,"confidence,risk",84,86,retained_v1_plus_zero_profile_confidence_and_declared_source_validation,"Volatility or extension risk is elevated.,OBV or price-volume behavior indicates distribution.,Primary MACD structure still confirms downside momentum.,Upside is extended and marginal momentum/participation is weakening.,Current price is in the neutral space between actionable price zones.",hold,hold
2026-08-19,NOW,short,stock,False,trim,trim,hold,hold,False,False,True,False,False,"confidence,risk",1,7,fixed_stock_short_v2_rebuild,v2_trend_resistance,hold,hold
2026-08-19,NOW,mid,stock,False,hold,trim,trim,trim,False,False,False,False,True,"action,confidence,state,landscape,risk",6,10,retained_v1_plus_zero_profile_confidence_and_declared_source_validation,"Current price has reached the reduce zone; reduce exposure rather than add.,10Y yield backdrop is restrictive for rate-sensitive risk.",trim,hold
2026-08-19,NOW,long,stock,False,accumulate,accumulate,accumulate,accumulate,False,False,False,False,False,"confidence,risk",19,21,retained_v1_plus_zero_profile_confidence_and_declared_source_validation,"OBV or price-volume behavior indicates distribution.,Price is extended into layered resistance rather than support.,10Y yield backdrop is restrictive for rate-sensitive risk.",accumulate,accumulate
2026-08-19,NVDA,short,stock,True,hold,hold,accumulate,accumulate,False,False,True,False,False,"confidence,risk",12,18,fixed_stock_short_v2_rebuild,,hold,accumulate
2026-08-19,NVDA,mid,stock,True,accumulate,accumulate,accumulate,accumulate,False,False,False,False,False,"confidence,risk",22,26,retained_v1_plus_zero_profile_confidence_and_declared_source_validation,"OBV or price-volume behavior indicates distribution.,Upside is extended and marginal momentum/participation is weakening.,10Y yield backdrop is restrictive for rate-sensitive risk.,Earnings proximity raises event uncertainty.",accumulate,accumulate
2026-08-19,NVDA,long,stock,True,hold,hold,hold,hold,False,False,False,False,False,"confidence,risk",18,20,retained_v1_plus_zero_profile_confidence_and_declared_source_validation,"Price is approaching the reduce range but has not entered the recommended reduce/exit zone.,10Y yield backdrop is restrictive for rate-sensitive risk.,Earnings proximity raises event uncertainty.",hold,hold
2026-08-19,ORCL,short,stock,True,accumulate,accumulate,accumulate,accumulate,False,False,True,False,False,"confidence,risk",1,7,fixed_stock_short_v2_rebuild,,accumulate,accumulate
2026-08-19,ORCL,mid,stock,True,hold,hold,hold,hold,False,False,False,False,False,"confidence,risk",3,7,retained_v1_plus_zero_profile_confidence_and_declared_source_validation,"Relative Strength is lagging its relevant benchmarks.,Primary moving-average structure remains bearish.,Current price is in the neutral space between actionable price zones.,10Y yield backdrop is restrictive for rate-sensitive risk.",hold,hold
2026-08-19,ORCL,long,stock,True,hold,hold,hold,hold,False,False,False,False,False,"confidence,risk",24,26,retained_v1_plus_zero_profile_confidence_and_declared_source_validation,"Primary moving-average structure remains bearish.,OBV or price-volume behavior indicates distribution.,Primary MACD structure still confirms downside momentum.,Relative Strength is lagging its relevant benchmarks.,Trend is weak, but price has not entered a reduce zone or confirmed a breakdown.",hold,hold
2026-08-19,PLTR,short,stock,True,hold,hold,hold,hold,False,False,True,False,False,"confidence,risk",1,7,fixed_stock_short_v2_rebuild,v2_trend_resistance,hold,hold
2026-08-19,PLTR,mid,stock,True,hold,hold,hold,hold,False,False,False,False,False,"confidence,risk",15,19,retained_v1_plus_zero_profile_confidence_and_declared_source_validation,10Y yield backdrop is restrictive for rate-sensitive risk.,hold,hold
2026-08-19,PLTR,long,stock,True,hold,hold,hold,hold,False,False,False,False,False,"confidence,risk",15,17,retained_v1_plus_zero_profile_confidence_and_declared_source_validation,"Current price is in the neutral space between actionable price zones.,10Y yield backdrop is restrictive for rate-sensitive risk.",hold,hold
2026-08-19,QQQ,short,ETF,True,hold,hold,hold,hold,False,False,True,False,False,"confidence,risk",0,6,retained_v1_plus_zero_profile_confidence_and_declared_source_validation,"OBV or price-volume behavior indicates distribution.,Primary MACD structure still confirms downside momentum.,Current price is in the neutral space between actionable price zones.,10Y yield backdrop is restrictive for rate-sensitive risk.",hold,hold
2026-08-19,QQQ,mid,ETF,True,accumulate,accumulate,accumulate,accumulate,False,False,False,False,False,"confidence,risk",8,12,retained_v1_plus_zero_profile_confidence_and_declared_source_validation,"OBV or price-volume behavior indicates distribution.,Upside is extended and marginal momentum/participation is weakening.,10Y yield backdrop is restrictive for rate-sensitive risk.",accumulate,accumulate
2026-08-19,QQQ,long,ETF,True,hold,hold,hold,hold,False,False,False,False,False,"confidence,risk",11,13,retained_v1_plus_zero_profile_confidence_and_declared_source_validation,"Price is extended into layered resistance rather than support.,10Y yield backdrop is restrictive for rate-sensitive risk.",hold,hold
2026-08-19,SOFI,short,stock,True,hold,hold,hold,hold,False,False,False,False,False,"confidence,risk",1,7,fixed_stock_short_v2_rebuild,v2_location,hold,accumulate
2026-08-19,SOFI,mid,stock,True,hold,hold,hold,hold,False,False,False,False,False,"confidence,risk",4,8,retained_v1_plus_zero_profile_confidence_and_declared_source_validation,"OBV or price-volume behavior indicates distribution.,10Y yield backdrop is restrictive for rate-sensitive risk.",hold,hold
2026-08-19,SOFI,long,stock,True,hold,hold,hold,hold,False,False,False,False,False,"confidence,risk",18,21,retained_v1_plus_zero_profile_confidence_and_declared_source_validation,"OBV or price-volume behavior indicates distribution.,Relative Strength is lagging its relevant benchmarks.,Current price is in the neutral space between actionable price zones.,10Y yield backdrop is restrictive for rate-sensitive risk.",hold,hold
2026-08-19,SOXL,short,ETF,True,hold,hold,hold,hold,False,False,True,False,False,"confidence,risk",7,13,retained_v1_plus_zero_profile_confidence_and_declared_source_validation,"Relative Strength is lagging its relevant benchmarks.,Primary MACD structure still confirms downside momentum.,Primary moving-average structure remains bearish.,OBV or price-volume behavior indicates distribution.,Trend is weak, but price has not entered a reduce zone or confirmed a breakdown.",hold,hold
2026-08-19,SOXL,mid,ETF,True,accumulate,accumulate,accumulate,accumulate,False,False,False,False,False,"confidence,risk",18,22,retained_v1_plus_zero_profile_confidence_and_declared_source_validation,"Relative Strength is lagging its relevant benchmarks.,Primary moving-average structure remains bearish.,OBV or price-volume behavior indicates distribution.,Price is extended into layered resistance rather than support.,10Y yield backdrop is restrictive for rate-sensitive risk.",accumulate,accumulate
2026-08-19,SOXL,long,ETF,True,hold,hold,hold,hold,False,False,False,False,False,"confidence,risk",89,91,retained_v1_plus_zero_profile_confidence_and_declared_source_validation,"Volatility or extension risk is elevated.,Primary MACD structure still confirms downside momentum.,Current price is in the neutral space between actionable price zones.,10Y yield backdrop is restrictive for rate-sensitive risk.",hold,hold
2026-08-19,SOXS,short,ETF,True,hold,hold,hold,hold,False,False,True,False,False,"confidence,risk",27,33,retained_v1_plus_zero_profile_confidence_and_declared_source_validation,"Current price is in the neutral space between actionable price zones.,10Y yield backdrop is restrictive for rate-sensitive risk.",hold,hold
2026-08-19,SOXS,mid,ETF,True,hold,hold,hold,hold,False,False,False,False,False,"confidence,risk",36,40,retained_v1_plus_zero_profile_confidence_and_declared_source_validation,"Relative Strength is lagging its relevant benchmarks.,Primary moving-average structure remains bearish.,Trend is weak, but price has not entered a reduce zone or confirmed a breakdown.,10Y yield backdrop is restrictive for rate-sensitive risk.",hold,hold
2026-08-19,SOXS,long,ETF,True,hold,hold,hold,hold,False,False,False,False,False,"confidence,risk",27,29,retained_v1_plus_zero_profile_confidence_and_declared_source_validation,"Relative Strength is lagging its relevant benchmarks.,Primary moving-average structure remains bearish.,OBV or price-volume behavior indicates distribution.,Price is near the opportunity range but has not entered the recommended buy/add zone.,10Y yield backdrop is restrictive for rate-sensitive risk.",hold,hold
2026-08-19,SPCX,short,stock,True,hold,hold,hold,hold,False,False,True,False,False,"confidence,risk",3,9,fixed_stock_short_v2_rebuild,v2_location,hold,hold
2026-08-19,SPCX,mid,stock,True,hold,hold,hold,hold,False,False,False,False,False,"confidence,risk",6,10,retained_v1_plus_zero_profile_confidence_and_declared_source_validation,10Y yield backdrop is restrictive for rate-sensitive risk.,hold,hold
2026-08-19,SPCX,long,stock,True,avoid,avoid,avoid,avoid,False,False,False,False,False,"confidence,risk",0,2,retained_v1_plus_zero_profile_confidence_and_declared_source_validation,"Price landscape quality is insufficient for an actionable recommendation.,10Y yield backdrop is restrictive for rate-sensitive risk.",avoid,avoid
2026-08-19,SPMO,short,ETF,True,hold,hold,hold,hold,False,False,True,False,False,"confidence,risk",0,6,retained_v1_plus_zero_profile_confidence_and_declared_source_validation,"OBV or price-volume behavior indicates distribution.,Primary MACD structure still confirms downside momentum.,Relative Strength is lagging its relevant benchmarks.,Current price is in the neutral space between actionable price zones.,10Y yield backdrop is restrictive for rate-sensitive risk.",hold,hold
2026-08-19,SPMO,mid,ETF,True,trim,trim,trim,trim,False,False,False,False,False,"confidence,risk",1,5,retained_v1_plus_zero_profile_confidence_and_declared_source_validation,"OBV or price-volume behavior indicates distribution.,Current price has reached the reduce zone; reduce exposure rather than add.,10Y yield backdrop is restrictive for rate-sensitive risk.",trim,trim
2026-08-19,SPMO,long,ETF,True,hold,hold,hold,hold,False,False,False,False,False,"confidence,risk",14,16,retained_v1_plus_zero_profile_confidence_and_declared_source_validation,"Primary MACD structure still confirms downside momentum.,10Y yield backdrop is restrictive for rate-sensitive risk.",hold,hold
2026-08-19,SQQQ,short,ETF,True,hold,hold,hold,hold,False,False,False,False,False,"confidence,risk",12,18,retained_v1_plus_zero_profile_confidence_and_declared_source_validation,"Primary moving-average structure remains bearish.,Relative Strength is lagging its relevant benchmarks.,Price is approaching the reduce range but has not entered the recommended reduce/exit zone.,10Y yield backdrop is restrictive for rate-sensitive risk.",hold,hold
2026-08-19,SQQQ,mid,ETF,True,hold,hold,hold,hold,False,False,False,False,False,"confidence,risk",11,15,retained_v1_plus_zero_profile_confidence_and_declared_source_validation,"Primary moving-average structure remains bearish.,Primary MACD structure still confirms downside momentum.,Relative Strength is lagging its relevant benchmarks.,Trend is weak, but price has not entered a reduce zone or confirmed a breakdown.,10Y yield backdrop is restrictive for rate-sensitive risk.",hold,hold
2026-08-19,SQQQ,long,ETF,True,accumulate,accumulate,accumulate,accumulate,False,False,False,False,False,"confidence,risk",22,24,retained_v1_plus_zero_profile_confidence_and_declared_source_validation,"Relative Strength is lagging its relevant benchmarks.,Primary moving-average structure remains bearish.,OBV or price-volume behavior indicates distribution.,10Y yield backdrop is restrictive for rate-sensitive risk.",accumulate,accumulate
2026-08-19,TEM,short,stock,True,hold,hold,hold,hold,False,False,True,False,False,"confidence,risk",22,28,fixed_stock_short_v2_rebuild,v2_location,hold,hold
2026-08-19,TEM,mid,stock,True,hold,hold,hold,hold,False,False,False,False,False,"confidence,risk",23,27,retained_v1_plus_zero_profile_confidence_and_declared_source_validation,10Y yield backdrop is restrictive for rate-sensitive risk.,hold,hold
2026-08-19,TEM,long,stock,True,hold,hold,hold,hold,False,False,False,False,False,"confidence,risk",26,28,retained_v1_plus_zero_profile_confidence_and_declared_source_validation,"Current price is in the neutral space between actionable price zones.,10Y yield backdrop is restrictive for rate-sensitive risk.",hold,hold
2026-08-19,TQQQ,short,ETF,True,hold,hold,hold,hold,False,False,True,False,False,"confidence,risk",1,7,retained_v1_plus_zero_profile_confidence_and_declared_source_validation,"OBV or price-volume behavior indicates distribution.,Primary MACD structure still confirms downside momentum.,Current price is in the neutral space between actionable price zones.,10Y yield backdrop is restrictive for rate-sensitive risk.",hold,hold
2026-08-19,TQQQ,mid,ETF,True,hold,hold,hold,hold,False,False,False,False,False,"confidence,risk",11,15,retained_v1_plus_zero_profile_confidence_and_declared_source_validation,"OBV or price-volume behavior indicates distribution.,Relative Strength is lagging its relevant benchmarks.,Upside is extended and marginal momentum/participation is weakening.,10Y yield backdrop is restrictive for rate-sensitive risk.",hold,hold
2026-08-19,TQQQ,long,ETF,True,hold,hold,hold,hold,False,False,False,False,False,"confidence,risk",22,24,retained_v1_plus_zero_profile_confidence_and_declared_source_validation,"Current price is in the neutral space between actionable price zones.,10Y yield backdrop is restrictive for rate-sensitive risk.",hold,hold
2026-08-19,UNH,short,stock,True,sell,sell,sell,sell,False,False,False,False,False,"confidence,risk",11,17,fixed_stock_short_v2_rebuild,"v2_break,primary_moving_average_structure_remains_bearish,relative_strength_is_lagging_its_relevant_benchmarks",sell,sell
2026-08-19,UNH,mid,stock,True,accumulate,accumulate,accumulate,accumulate,False,False,False,False,False,"confidence,risk",1,5,retained_v1_plus_zero_profile_confidence_and_declared_source_validation,"Primary MACD structure still confirms downside momentum.,OBV or price-volume behavior indicates distribution.,10Y yield backdrop is restrictive for rate-sensitive risk.",accumulate,accumulate
2026-08-19,UNH,long,stock,True,accumulate,accumulate,accumulate,accumulate,False,False,False,False,False,"confidence,risk",4,6,retained_v1_plus_zero_profile_confidence_and_declared_source_validation,"OBV or price-volume behavior indicates distribution.,Upside is extended and marginal momentum/participation is weakening.,10Y yield backdrop is restrictive for rate-sensitive risk.",accumulate,accumulate
2026-08-19,XE,short,stock,True,hold,hold,hold,hold,False,False,True,False,False,"confidence,risk",13,19,fixed_stock_short_v2_rebuild,v2_trend_resistance,hold,hold
2026-08-19,XE,mid,stock,True,hold,hold,hold,hold,False,False,False,False,False,"confidence,risk",9,13,retained_v1_plus_zero_profile_confidence_and_declared_source_validation,"Relative Strength is lagging its relevant benchmarks.,OBV or price-volume behavior indicates distribution.,Primary moving-average structure remains bearish.,Current price is in the neutral space between actionable price zones.,10Y yield backdrop is restrictive for rate-sensitive risk.",hold,hold
2026-08-19,XE,long,stock,True,hold,hold,hold,hold,False,False,False,False,False,"confidence,risk",18,20,retained_v1_plus_zero_profile_confidence_and_declared_source_validation,"OBV or price-volume behavior indicates distribution.,Current price is in the neutral space between actionable price zones.,10Y yield backdrop is restrictive for rate-sensitive risk.",hold,hold
2026-08-19,ZETA,short,stock,True,hold,hold,hold,hold,False,False,True,False,False,"confidence,risk",1,7,fixed_stock_short_v2_rebuild,v2_trend_resistance,hold,hold
2026-08-19,ZETA,mid,stock,True,trim,trim,trim,trim,False,False,False,False,False,"confidence,risk",16,20,retained_v1_plus_zero_profile_confidence_and_declared_source_validation,"Current price has reached the reduce zone; reduce exposure rather than add.,10Y yield backdrop is restrictive for rate-sensitive risk.",trim,trim
2026-08-19,ZETA,long,stock,True,hold,hold,hold,hold,False,False,False,False,False,"confidence,risk",32,34,retained_v1_plus_zero_profile_confidence_and_declared_source_validation,10Y yield backdrop is restrictive for rate-sensitive risk.,hold,hold
2026-08-20,AAPL,short,stock,True,hold,hold,hold,hold,False,False,True,False,False,"confidence,risk",10,16,fixed_stock_short_v2_rebuild,"v2_location,relative_strength_is_lagging_its_relevant_benchmarks",hold,hold
2026-08-20,AAPL,mid,stock,True,hold,hold,hold,hold,False,False,False,False,False,"confidence,risk",8,12,retained_v1_plus_zero_profile_confidence_and_declared_source_validation,"OBV or price-volume behavior indicates distribution.,Primary MACD structure still confirms downside momentum.,Current price is in the neutral space between actionable price zones.,Market volatility or broad trend calls for more cautious execution.,10Y yield backdrop is restrictive for rate-sensitive risk.",hold,hold
2026-08-20,AAPL,long,stock,True,accumulate,accumulate,accumulate,accumulate,False,False,False,False,False,"confidence,risk",17,19,retained_v1_plus_zero_profile_confidence_and_declared_source_validation,"OBV or price-volume behavior indicates distribution.,Upside is extended and marginal momentum/participation is weakening.,Market volatility or broad trend calls for more cautious execution.,10Y yield backdrop is restrictive for rate-sensitive risk.",accumulate,accumulate
2026-08-20,AMD,short,stock,True,accumulate,accumulate,hold,hold,False,False,True,False,False,"confidence,risk",12,18,fixed_stock_short_v2_rebuild,"v2_entry_unconfirmed,primary_moving_average_structure_remains_bearish,relative_strength_is_lagging_its_relevant_benchmarks",accumulate,hold
2026-08-20,AMD,mid,stock,True,hold,hold,hold,hold,False,False,False,False,False,"confidence,risk",12,16,retained_v1_plus_zero_profile_confidence_and_declared_source_validation,"Primary MACD structure still confirms downside momentum.,OBV or price-volume behavior indicates distribution.,Relative Strength is lagging its relevant benchmarks.,Upside is extended and marginal momentum/participation is weakening.,Current price is in the neutral space between actionable price zones.",hold,hold
2026-08-20,AMD,long,stock,True,accumulate,accumulate,accumulate,accumulate,False,False,False,False,False,"confidence,risk",29,31,retained_v1_plus_zero_profile_confidence_and_declared_source_validation,"Primary MACD structure still confirms downside momentum.,Upside is extended and marginal momentum/participation is weakening.,Market volatility or broad trend calls for more cautious execution.,10Y yield backdrop is restrictive for rate-sensitive risk.",accumulate,accumulate
2026-08-20,AMZN,short,stock,True,accumulate,accumulate,hold,hold,False,False,True,False,False,"confidence,risk",10,16,fixed_stock_short_v2_rebuild,v2_entry_unconfirmed,accumulate,hold
2026-08-20,AMZN,mid,stock,True,accumulate,accumulate,accumulate,accumulate,False,False,False,False,False,"confidence,risk",10,14,retained_v1_plus_zero_profile_confidence_and_declared_source_validation,"OBV or price-volume behavior indicates distribution.,Primary MACD structure still confirms downside momentum.,Upside is extended and marginal momentum/participation is weakening.,Market volatility or broad trend calls for more cautious execution.,10Y yield backdrop is restrictive for rate-sensitive risk.",accumulate,accumulate
2026-08-20,AMZN,long,stock,True,hold,hold,hold,hold,False,False,False,False,False,"confidence,risk",15,17,retained_v1_plus_zero_profile_confidence_and_declared_source_validation,"Market volatility or broad trend calls for more cautious execution.,10Y yield backdrop is restrictive for rate-sensitive risk.",hold,hold
2026-08-20,BABA,short,stock,True,hold,hold,hold,hold,False,False,True,False,False,"confidence,risk",53,55,fixed_stock_short_v2_rebuild,v2_trend_resistance,hold,hold
2026-08-20,BABA,mid,stock,True,hold,hold,hold,hold,False,False,False,False,False,confidence,29,29,retained_v1_plus_zero_profile_confidence_and_declared_source_validation,"Market volatility or broad trend calls for more cautious execution.,10Y yield backdrop is restrictive for rate-sensitive risk.,Earnings proximity raises event uncertainty.",hold,hold
2026-08-20,BABA,long,stock,True,hold,hold,hold,hold,False,False,False,False,False,confidence,31,31,retained_v1_plus_zero_profile_confidence_and_declared_source_validation,"Relative Strength is lagging its relevant benchmarks.,Primary moving-average structure remains bearish.,OBV or price-volume behavior indicates distribution.,Current price is in the neutral space between actionable price zones.,Market volatility or broad trend calls for more cautious execution.",hold,hold
2026-08-20,CRCL,short,stock,True,hold,hold,hold,hold,False,False,True,False,False,"confidence,risk",27,33,fixed_stock_short_v2_rebuild,v2_location,hold,hold
2026-08-20,CRCL,mid,stock,True,hold,hold,hold,hold,False,False,False,False,False,"confidence,risk",22,26,retained_v1_plus_zero_profile_confidence_and_declared_source_validation,"Relative Strength is lagging its relevant benchmarks.,Primary moving-average structure remains bearish.,Market volatility or broad trend calls for more cautious execution.,10Y yield backdrop is restrictive for rate-sensitive risk.",hold,hold
2026-08-20,CRCL,long,stock,True,hold,hold,hold,hold,False,False,False,False,False,"confidence,risk",22,24,retained_v1_plus_zero_profile_confidence_and_declared_source_validation,"Primary MACD structure still confirms downside momentum.,Relative Strength is lagging its relevant benchmarks.,OBV or price-volume behavior indicates distribution.,Current price is in the neutral space between actionable price zones.,Market volatility or broad trend calls for more cautious execution.",hold,hold
2026-08-20,FFAI,short,stock,True,accumulate,accumulate,hold,hold,False,False,False,False,False,"confidence,risk",47,53,fixed_stock_short_v2_rebuild,"v2_location,primary_moving_average_structure_remains_bearish,relative_strength_is_lagging_its_relevant_benchmarks",accumulate,hold
2026-08-20,FFAI,mid,stock,True,hold,hold,hold,hold,False,False,False,False,True,"confidence,state,landscape,risk",30,34,retained_v1_plus_zero_profile_confidence_and_declared_source_validation,"Primary MACD structure still confirms downside momentum.,Price is near the opportunity range but has not entered the recommended buy/add zone.,Market volatility or broad trend calls for more cautious execution.,10Y yield backdrop is restrictive for rate-sensitive risk.",hold,hold
2026-08-20,FFAI,long,stock,True,hold,hold,hold,hold,False,False,False,False,False,"confidence,risk",30,32,retained_v1_plus_zero_profile_confidence_and_declared_source_validation,"OBV or price-volume behavior indicates distribution.,Market volatility or broad trend calls for more cautious execution.,10Y yield backdrop is restrictive for rate-sensitive risk.",hold,hold
2026-08-20,GEV,short,stock,True,accumulate,accumulate,hold,hold,False,False,True,False,False,"confidence,risk",13,19,fixed_stock_short_v2_rebuild,"v2_entry_unconfirmed,primary_moving_average_structure_remains_bearish,relative_strength_is_lagging_its_relevant_benchmarks",accumulate,hold
2026-08-20,GEV,mid,stock,True,hold,hold,hold,hold,False,False,False,False,False,"confidence,risk",11,15,retained_v1_plus_zero_profile_confidence_and_declared_source_validation,"Primary MACD structure still confirms downside momentum.,OBV or price-volume behavior indicates distribution.,Relative Strength is lagging its relevant benchmarks.,Primary moving-average structure remains bearish.,Price is extended into layered resistance rather than support.",hold,hold
2026-08-20,GEV,long,stock,True,hold,hold,hold,hold,False,False,False,False,False,"confidence,risk",23,25,retained_v1_plus_zero_profile_confidence_and_declared_source_validation,"OBV or price-volume behavior indicates distribution.,Primary MACD structure still confirms downside momentum.,Upside is extended and marginal momentum/participation is weakening.,Price is near the opportunity range but has not entered the recommended buy/add zone.,Market volatility or broad trend calls for more cautious execution.",hold,hold
2026-08-20,GOOGL,short,stock,True,hold,hold,hold,hold,False,False,True,False,False,"confidence,risk",10,16,fixed_stock_short_v2_rebuild,"v2_entry_unconfirmed,primary_moving_average_structure_remains_bearish",hold,hold
2026-08-20,GOOGL,mid,stock,True,hold,hold,hold,hold,False,False,False,False,False,"confidence,risk",8,12,retained_v1_plus_zero_profile_confidence_and_declared_source_validation,"Primary MACD structure still confirms downside momentum.,Primary moving-average structure remains bearish.,Relative Strength is lagging its relevant benchmarks.,Trend is weak, but price has not entered a reduce zone or confirmed a breakdown.,Market volatility or broad trend calls for more cautious execution.",hold,hold
2026-08-20,GOOGL,long,stock,True,hold,hold,hold,hold,False,False,False,False,False,"confidence,risk",20,22,retained_v1_plus_zero_profile_confidence_and_declared_source_validation,"OBV or price-volume behavior indicates distribution.,Primary MACD structure still confirms downside momentum.,Price is near the opportunity range but has not entered the recommended buy/add zone.,Market volatility or broad trend calls for more cautious execution.,10Y yield backdrop is restrictive for rate-sensitive risk.",hold,hold
2026-08-20,HIMS,short,stock,True,hold,hold,accumulate,accumulate,False,False,True,False,False,"confidence,risk",22,28,fixed_stock_short_v2_rebuild,relative_strength_is_lagging_its_relevant_benchmarks,hold,accumulate
2026-08-20,HIMS,mid,stock,True,hold,hold,hold,hold,False,False,False,False,False,"confidence,risk",13,17,retained_v1_plus_zero_profile_confidence_and_declared_source_validation,"OBV or price-volume behavior indicates distribution.,Current price is in the neutral space between actionable price zones.,Market volatility or broad trend calls for more cautious execution.,10Y yield backdrop is restrictive for rate-sensitive risk.",hold,hold
2026-08-20,HIMS,long,stock,True,hold,hold,hold,hold,False,False,False,False,False,"confidence,risk",22,24,retained_v1_plus_zero_profile_confidence_and_declared_source_validation,"Price is extended into layered resistance rather than support.,Market volatility or broad trend calls for more cautious execution.,10Y yield backdrop is restrictive for rate-sensitive risk.",hold,hold
2026-08-20,META,short,stock,True,sell,sell,hold,hold,False,False,True,False,False,"confidence,risk",10,16,fixed_stock_short_v2_rebuild,"v2_entry_unconfirmed,primary_moving_average_structure_remains_bearish,relative_strength_is_lagging_its_relevant_benchmarks",sell,hold
2026-08-20,META,mid,stock,True,accumulate,accumulate,accumulate,accumulate,False,False,False,False,False,"confidence,risk",11,15,retained_v1_plus_zero_profile_confidence_and_declared_source_validation,"Primary MACD structure still confirms downside momentum.,Primary moving-average structure remains bearish.,OBV or price-volume behavior indicates distribution.,Relative Strength is lagging its relevant benchmarks.,Market volatility or broad trend calls for more cautious execution.",accumulate,accumulate
2026-08-20,META,long,stock,True,accumulate,accumulate,accumulate,accumulate,False,False,False,False,False,"confidence,risk",22,24,retained_v1_plus_zero_profile_confidence_and_declared_source_validation,"Relative Strength is lagging its relevant benchmarks.,OBV or price-volume behavior indicates distribution.,Primary moving-average structure remains bearish.,Market volatility or broad trend calls for more cautious execution.,10Y yield backdrop is restrictive for rate-sensitive risk.",accumulate,accumulate
2026-08-20,MPT,short,stock,True,hold,hold,hold,hold,False,False,False,False,False,"confidence,risk",16,22,fixed_stock_short_v2_rebuild,"v2_entry_unconfirmed,primary_moving_average_structure_remains_bearish,relative_strength_is_lagging_its_relevant_benchmarks",hold,hold
2026-08-20,MPT,mid,stock,True,sell,sell,sell,sell,False,False,False,False,False,"confidence,risk",24,28,retained_v1_plus_zero_profile_confidence_and_declared_source_validation,"Primary moving-average structure remains bearish.,Relative Strength is lagging its relevant benchmarks.,Primary MACD structure still confirms downside momentum.,OBV or price-volume behavior indicates distribution.,Price is extended into layered resistance rather than support.",sell,sell
2026-08-20,MPT,long,stock,True,avoid,avoid,avoid,avoid,False,False,False,False,False,"confidence,risk",24,26,retained_v1_plus_zero_profile_confidence_and_declared_source_validation,"Relative Strength is lagging its relevant benchmarks.,Primary MACD structure still confirms downside momentum.,Primary moving-average structure remains bearish.,OBV or price-volume behavior indicates distribution.,Price landscape quality is insufficient for an actionable recommendation.",avoid,avoid
2026-08-20,MSFT,short,stock,True,hold,hold,hold,hold,False,False,True,False,False,"confidence,risk",10,16,fixed_stock_short_v2_rebuild,v2_trend_resistance,hold,hold
2026-08-20,MSFT,mid,stock,True,hold,hold,hold,hold,False,False,False,False,False,"confidence,risk",16,20,retained_v1_plus_zero_profile_confidence_and_declared_source_validation,"Primary MACD structure still confirms downside momentum.,Price is near the opportunity range but has not entered the recommended buy/add zone.,Market volatility or broad trend calls for more cautious execution.,10Y yield backdrop is restrictive for rate-sensitive risk.",hold,hold
2026-08-20,MSFT,long,stock,True,hold,hold,hold,hold,False,False,False,False,False,"confidence,risk",17,19,retained_v1_plus_zero_profile_confidence_and_declared_source_validation,"OBV or price-volume behavior indicates distribution.,Market volatility or broad trend calls for more cautious execution.,10Y yield backdrop is restrictive for rate-sensitive risk.",hold,hold
2026-08-20,MU,short,stock,True,hold,hold,hold,hold,False,False,True,False,False,"confidence,risk",12,18,fixed_stock_short_v2_rebuild,"v2_location,relative_strength_is_lagging_its_relevant_benchmarks",hold,hold
2026-08-20,MU,mid,stock,True,hold,hold,hold,hold,False,False,False,False,False,"confidence,risk",13,17,retained_v1_plus_zero_profile_confidence_and_declared_source_validation,"OBV or price-volume behavior indicates distribution.,Market volatility or broad trend calls for more cautious execution.,10Y yield backdrop is restrictive for rate-sensitive risk.",hold,hold
2026-08-20,MU,long,stock,True,hold,hold,hold,hold,False,False,False,False,False,"confidence,risk",92,94,retained_v1_plus_zero_profile_confidence_and_declared_source_validation,"Volatility or extension risk is elevated.,Primary MACD structure still confirms downside momentum.,Upside is extended and marginal momentum/participation is weakening.,Market volatility or broad trend calls for more cautious execution.,10Y yield backdrop is restrictive for rate-sensitive risk.",hold,hold
2026-08-20,NFLX,short,stock,True,hold,hold,hold,hold,False,False,True,False,False,"confidence,risk",10,16,fixed_stock_short_v2_rebuild,v2_trend_resistance,hold,hold
2026-08-20,NFLX,mid,stock,True,hold,hold,hold,hold,False,False,False,False,False,"confidence,risk",8,12,retained_v1_plus_zero_profile_confidence_and_declared_source_validation,"Primary moving-average structure remains bearish.,Relative Strength is lagging its relevant benchmarks.,Market volatility or broad trend calls for more cautious execution.,10Y yield backdrop is restrictive for rate-sensitive risk.",hold,hold
2026-08-20,NFLX,long,stock,True,hold,hold,hold,hold,False,False,False,False,False,"confidence,risk",12,14,retained_v1_plus_zero_profile_confidence_and_declared_source_validation,"Relative Strength is lagging its relevant benchmarks.,Primary moving-average structure remains bearish.,OBV or price-volume behavior indicates distribution.,Primary MACD structure still confirms downside momentum.,Trend is weak, but price has not entered a reduce zone or confirmed a breakdown.",hold,hold
2026-08-20,NOK,short,stock,True,accumulate,accumulate,accumulate,accumulate,False,False,False,False,False,"confidence,risk",11,17,fixed_stock_short_v2_rebuild,,accumulate,accumulate
2026-08-20,NOK,mid,stock,True,hold,hold,hold,hold,False,False,False,False,False,"confidence,risk",11,15,retained_v1_plus_zero_profile_confidence_and_declared_source_validation,"Relative Strength is lagging its relevant benchmarks.,Primary moving-average structure remains bearish.,Price is extended into layered resistance rather than support.,Current price is in the neutral space between actionable price zones.,Market volatility or broad trend calls for more cautious execution.",hold,hold
2026-08-20,NOK,long,stock,True,hold,hold,hold,hold,False,False,False,False,False,"confidence,risk",88,90,retained_v1_plus_zero_profile_confidence_and_declared_source_validation,"Volatility or extension risk is elevated.,OBV or price-volume behavior indicates distribution.,Primary MACD structure still confirms downside momentum.,Upside is extended and marginal momentum/participation is weakening.,Current price is in the neutral space between actionable price zones.",hold,hold
2026-08-20,NOW,short,stock,True,trim,trim,hold,hold,False,False,True,False,False,"confidence,risk",30,36,fixed_stock_short_v2_rebuild,v2_trend_resistance,trim,hold
2026-08-20,NOW,mid,stock,True,hold,hold,hold,hold,False,False,False,False,False,"confidence,risk",15,19,retained_v1_plus_zero_profile_confidence_and_declared_source_validation,"Market volatility or broad trend calls for more cautious execution.,10Y yield backdrop is restrictive for rate-sensitive risk.",hold,hold
2026-08-20,NOW,long,stock,True,accumulate,accumulate,accumulate,accumulate,False,False,False,False,False,"confidence,risk",23,25,retained_v1_plus_zero_profile_confidence_and_declared_source_validation,"OBV or price-volume behavior indicates distribution.,Price is extended into layered resistance rather than support.,Market volatility or broad trend calls for more cautious execution.,10Y yield backdrop is restrictive for rate-sensitive risk.",accumulate,accumulate
2026-08-20,NVDA,short,stock,True,hold,hold,hold,hold,False,False,True,False,False,"confidence,risk",22,28,fixed_stock_short_v2_rebuild,v2_event,hold,hold
2026-08-20,NVDA,mid,stock,True,accumulate,accumulate,accumulate,accumulate,False,False,False,False,False,"confidence,risk",29,33,retained_v1_plus_zero_profile_confidence_and_declared_source_validation,"OBV or price-volume behavior indicates distribution.,Market volatility or broad trend calls for more cautious execution.,10Y yield backdrop is restrictive for rate-sensitive risk.,Earnings proximity raises event uncertainty.",accumulate,accumulate
2026-08-20,NVDA,long,stock,True,hold,hold,hold,hold,False,False,False,False,False,"confidence,risk",22,24,retained_v1_plus_zero_profile_confidence_and_declared_source_validation,"Market volatility or broad trend calls for more cautious execution.,10Y yield backdrop is restrictive for rate-sensitive risk.,Earnings proximity raises event uncertainty.",hold,hold
2026-08-20,ORCL,short,stock,True,hold,hold,hold,hold,False,False,True,False,False,"confidence,risk",11,17,fixed_stock_short_v2_rebuild,v2_entry_unconfirmed,hold,hold
2026-08-20,ORCL,mid,stock,True,hold,hold,hold,hold,False,False,False,False,False,"confidence,risk",10,14,retained_v1_plus_zero_profile_confidence_and_declared_source_validation,"Relative Strength is lagging its relevant benchmarks.,Primary moving-average structure remains bearish.,Current price is in the neutral space between actionable price zones.,Market volatility or broad trend calls for more cautious execution.,10Y yield backdrop is restrictive for rate-sensitive risk.",hold,hold
2026-08-20,ORCL,long,stock,True,hold,hold,hold,hold,False,False,False,False,False,"confidence,risk",28,30,retained_v1_plus_zero_profile_confidence_and_declared_source_validation,"Primary moving-average structure remains bearish.,Primary MACD structure still confirms downside momentum.,OBV or price-volume behavior indicates distribution.,Relative Strength is lagging its relevant benchmarks.,Trend is weak, but price has not entered a reduce zone or confirmed a breakdown.",hold,hold
2026-08-20,PLTR,short,stock,True,hold,hold,hold,hold,False,False,True,False,False,"confidence,risk",11,17,fixed_stock_short_v2_rebuild,v2_trend_resistance,hold,hold
2026-08-20,PLTR,mid,stock,True,hold,hold,hold,hold,False,False,False,False,False,"confidence,risk",21,25,retained_v1_plus_zero_profile_confidence_and_declared_source_validation,"Market volatility or broad trend calls for more cautious execution.,10Y yield backdrop is restrictive for rate-sensitive risk.",hold,hold
2026-08-20,PLTR,long,stock,True,hold,hold,hold,hold,False,False,False,False,False,"confidence,risk",19,21,retained_v1_plus_zero_profile_confidence_and_declared_source_validation,"Current price is in the neutral space between actionable price zones.,Market volatility or broad trend calls for more cautious execution.,10Y yield backdrop is restrictive for rate-sensitive risk.",hold,hold
2026-08-20,QQQ,short,ETF,True,accumulate,accumulate,accumulate,accumulate,False,False,True,False,False,"confidence,risk",15,21,retained_v1_plus_zero_profile_confidence_and_declared_source_validation,"OBV or price-volume behavior indicates distribution.,Primary MACD structure still confirms downside momentum.,Market volatility or broad trend calls for more cautious execution.,10Y yield backdrop is restrictive for rate-sensitive risk.",accumulate,accumulate
2026-08-20,QQQ,mid,ETF,True,accumulate,accumulate,accumulate,accumulate,False,False,False,False,False,"confidence,risk",15,19,retained_v1_plus_zero_profile_confidence_and_declared_source_validation,"OBV or price-volume behavior indicates distribution.,Market volatility or broad trend calls for more cautious execution.,10Y yield backdrop is restrictive for rate-sensitive risk.",accumulate,accumulate
2026-08-20,QQQ,long,ETF,True,hold,hold,hold,hold,False,False,False,False,False,"confidence,risk",15,17,retained_v1_plus_zero_profile_confidence_and_declared_source_validation,"Price is extended into layered resistance rather than support.,Market volatility or broad trend calls for more cautious execution.,10Y yield backdrop is restrictive for rate-sensitive risk.",hold,hold
2026-08-20,SOFI,short,stock,True,accumulate,accumulate,accumulate,accumulate,False,False,False,False,False,"confidence,risk",12,18,fixed_stock_short_v2_rebuild,,accumulate,accumulate
2026-08-20,SOFI,mid,stock,True,hold,hold,hold,hold,False,False,False,False,False,"confidence,risk",10,15,retained_v1_plus_zero_profile_confidence_and_declared_source_validation,"OBV or price-volume behavior indicates distribution.,Market volatility or broad trend calls for more cautious execution.,10Y yield backdrop is restrictive for rate-sensitive risk.",hold,hold
2026-08-20,SOFI,long,stock,True,hold,hold,hold,hold,False,False,False,False,False,"confidence,risk",22,25,retained_v1_plus_zero_profile_confidence_and_declared_source_validation,"OBV or price-volume behavior indicates distribution.,Relative Strength is lagging its relevant benchmarks.,Current price is in the neutral space between actionable price zones.,Market volatility or broad trend calls for more cautious execution.,10Y yield backdrop is restrictive for rate-sensitive risk.",hold,hold
2026-08-20,SOXL,short,ETF,True,hold,hold,hold,hold,False,False,True,False,False,"confidence,risk",19,25,retained_v1_plus_zero_profile_confidence_and_declared_source_validation,"Relative Strength is lagging its relevant benchmarks.,Primary MACD structure still confirms downside momentum.,Primary moving-average structure remains bearish.,Price is near the opportunity range but has not entered the recommended buy/add zone.,Market volatility or broad trend calls for more cautious execution.",hold,hold
2026-08-20,SOXL,mid,ETF,True,accumulate,accumulate,accumulate,accumulate,False,False,False,False,False,"confidence,risk",26,30,retained_v1_plus_zero_profile_confidence_and_declared_source_validation,"Relative Strength is lagging its relevant benchmarks.,Primary moving-average structure remains bearish.,OBV or price-volume behavior indicates distribution.,Price is extended into layered resistance rather than support.,Market volatility or broad trend calls for more cautious execution.",accumulate,accumulate
2026-08-20,SOXL,long,ETF,True,hold,hold,hold,hold,False,False,False,False,False,"confidence,risk",94,96,retained_v1_plus_zero_profile_confidence_and_declared_source_validation,"Volatility or extension risk is elevated.,Primary MACD structure still confirms downside momentum.,Current price is in the neutral space between actionable price zones.,Market volatility or broad trend calls for more cautious execution.,10Y yield backdrop is restrictive for rate-sensitive risk.",hold,hold
2026-08-20,SOXS,short,ETF,True,hold,hold,hold,hold,False,False,True,False,False,"confidence,risk",25,31,retained_v1_plus_zero_profile_confidence_and_declared_source_validation,"Current price is in the neutral space between actionable price zones.,Market volatility or broad trend calls for more cautious execution.,10Y yield backdrop is restrictive for rate-sensitive risk.",hold,hold
2026-08-20,SOXS,mid,ETF,True,hold,hold,hold,hold,False,False,False,False,False,"confidence,risk",46,50,retained_v1_plus_zero_profile_confidence_and_declared_source_validation,"Relative Strength is lagging its relevant benchmarks.,Primary moving-average structure remains bearish.,Trend is weak, but price has not entered a reduce zone or confirmed a breakdown.,Market volatility or broad trend calls for more cautious execution.,10Y yield backdrop is restrictive for rate-sensitive risk.",hold,hold
2026-08-20,SOXS,long,ETF,True,hold,hold,hold,hold,False,False,False,False,False,"confidence,risk",32,34,retained_v1_plus_zero_profile_confidence_and_declared_source_validation,"Relative Strength is lagging its relevant benchmarks.,Primary moving-average structure remains bearish.,OBV or price-volume behavior indicates distribution.,Price is near the opportunity range but has not entered the recommended buy/add zone.,Market volatility or broad trend calls for more cautious execution.",hold,hold
2026-08-20,SPCX,short,stock,True,hold,hold,hold,hold,False,False,True,False,False,"confidence,risk",13,19,fixed_stock_short_v2_rebuild,v2_location,hold,hold
2026-08-20,SPCX,mid,stock,True,hold,hold,hold,hold,False,False,False,False,False,"confidence,risk",14,18,retained_v1_plus_zero_profile_confidence_and_declared_source_validation,"Market volatility or broad trend calls for more cautious execution.,10Y yield backdrop is restrictive for rate-sensitive risk.",hold,hold
2026-08-20,SPCX,long,stock,True,avoid,avoid,avoid,avoid,False,False,False,False,False,"confidence,risk",4,6,retained_v1_plus_zero_profile_confidence_and_declared_source_validation,"Price landscape quality is insufficient for an actionable recommendation.,Market volatility or broad trend calls for more cautious execution.,10Y yield backdrop is restrictive for rate-sensitive risk.",avoid,avoid
2026-08-20,SPMO,short,ETF,True,hold,hold,hold,hold,False,False,True,False,False,"confidence,risk",10,16,retained_v1_plus_zero_profile_confidence_and_declared_source_validation,"Primary MACD structure still confirms downside momentum.,OBV or price-volume behavior indicates distribution.,Relative Strength is lagging its relevant benchmarks.,Trend is weak, but price has not entered a reduce zone or confirmed a breakdown.,Market volatility or broad trend calls for more cautious execution.",hold,hold
2026-08-20,SPMO,mid,ETF,True,accumulate,hold,hold,hold,False,False,False,False,True,"action,confidence,state,landscape,risk",8,12,retained_v1_plus_zero_profile_confidence_and_declared_source_validation,"OBV or price-volume behavior indicates distribution.,Market volatility or broad trend calls for more cautious execution.,10Y yield backdrop is restrictive for rate-sensitive risk.",hold,accumulate
2026-08-20,SPMO,long,ETF,True,hold,hold,hold,hold,False,False,False,False,False,"confidence,risk",18,20,retained_v1_plus_zero_profile_confidence_and_declared_source_validation,"Primary MACD structure still confirms downside momentum.,Market volatility or broad trend calls for more cautious execution.,10Y yield backdrop is restrictive for rate-sensitive risk.",hold,hold
2026-08-20,SQQQ,short,ETF,True,hold,hold,hold,hold,False,False,False,False,False,"confidence,risk",34,40,retained_v1_plus_zero_profile_confidence_and_declared_source_validation,"Relative Strength is lagging its relevant benchmarks.,Current price is in the neutral space between actionable price zones.,Market volatility or broad trend calls for more cautious execution.,10Y yield backdrop is restrictive for rate-sensitive risk.",hold,hold
2026-08-20,SQQQ,mid,ETF,True,hold,hold,hold,hold,False,False,False,False,False,"confidence,risk",38,42,retained_v1_plus_zero_profile_confidence_and_declared_source_validation,"Primary moving-average structure remains bearish.,Primary MACD structure still confirms downside momentum.,Trend is weak, but price has not entered a reduce zone or confirmed a breakdown.,Market volatility or broad trend calls for more cautious execution.,10Y yield backdrop is restrictive for rate-sensitive risk.",hold,hold
2026-08-20,SQQQ,long,ETF,True,hold,hold,hold,hold,False,False,False,False,False,"confidence,risk",27,29,retained_v1_plus_zero_profile_confidence_and_declared_source_validation,"Relative Strength is lagging its relevant benchmarks.,Primary moving-average structure remains bearish.,OBV or price-volume behavior indicates distribution.,Price is near the opportunity range but has not entered the recommended buy/add zone.,Market volatility or broad trend calls for more cautious execution.",hold,hold
2026-08-20,TEM,short,stock,True,hold,hold,strong_buy,strong_buy,False,False,True,False,False,"confidence,risk",84,90,fixed_stock_short_v2_rebuild,,hold,strong_buy
2026-08-20,TEM,mid,stock,True,hold,hold,hold,hold,False,False,False,False,False,"confidence,risk",36,40,retained_v1_plus_zero_profile_confidence_and_declared_source_validation,"Market volatility or broad trend calls for more cautious execution.,10Y yield backdrop is restrictive for rate-sensitive risk.",hold,hold
2026-08-20,TEM,long,stock,True,hold,hold,hold,hold,False,False,False,False,False,"confidence,risk",26,28,retained_v1_plus_zero_profile_confidence_and_declared_source_validation,"Current price is in the neutral space between actionable price zones.,Market volatility or broad trend calls for more cautious execution.,10Y yield backdrop is restrictive for rate-sensitive risk.",hold,hold
2026-08-20,TQQQ,short,ETF,True,accumulate,accumulate,accumulate,accumulate,False,False,True,False,False,"confidence,risk",19,25,retained_v1_plus_zero_profile_confidence_and_declared_source_validation,"OBV or price-volume behavior indicates distribution.,Primary MACD structure still confirms downside momentum.,Primary moving-average structure remains bearish.,Market volatility or broad trend calls for more cautious execution.,10Y yield backdrop is restrictive for rate-sensitive risk.",accumulate,accumulate
2026-08-20,TQQQ,mid,ETF,True,hold,hold,hold,hold,False,False,False,False,False,"confidence,risk",19,23,retained_v1_plus_zero_profile_confidence_and_declared_source_validation,"Relative Strength is lagging its relevant benchmarks.,OBV or price-volume behavior indicates distribution.,Price is near the opportunity range but has not entered the recommended buy/add zone.,Market volatility or broad trend calls for more cautious execution.,10Y yield backdrop is restrictive for rate-sensitive risk.",hold,hold
2026-08-20,TQQQ,long,ETF,True,hold,hold,hold,hold,False,False,False,False,False,"confidence,risk",27,29,retained_v1_plus_zero_profile_confidence_and_declared_source_validation,"Current price is in the neutral space between actionable price zones.,Market volatility or broad trend calls for more cautious execution.,10Y yield backdrop is restrictive for rate-sensitive risk.",hold,hold
2026-08-20,TSLA,short,stock,True,hold,hold,hold,hold,False,False,True,False,False,"confidence,risk",10,16,fixed_stock_short_v2_rebuild,v2_location,hold,hold
2026-08-20,TSLA,mid,stock,True,hold,hold,hold,hold,False,False,False,False,False,"confidence,risk",9,13,retained_v1_plus_zero_profile_confidence_and_declared_source_validation,"Relative Strength is lagging its relevant benchmarks.,Primary moving-average structure remains bearish.,OBV or price-volume behavior indicates distribution.,Price is approaching the reduce range but has not entered the recommended reduce/exit zone.,Market volatility or broad trend calls for more cautious execution.",hold,hold
2026-08-20,TSLA,long,stock,True,hold,hold,hold,hold,False,False,False,False,False,"confidence,risk",18,20,retained_v1_plus_zero_profile_confidence_and_declared_source_validation,"Primary MACD structure still confirms downside momentum.,Relative Strength is lagging its relevant benchmarks.,Primary moving-average structure remains bearish.,OBV or price-volume behavior indicates distribution.,Trend is weak, but price has not entered a reduce zone or confirmed a breakdown.",hold,hold
2026-08-20,TSM,short,stock,True,accumulate,accumulate,accumulate,accumulate,False,False,True,False,False,"confidence,risk",11,17,fixed_stock_short_v2_rebuild,,accumulate,accumulate
2026-08-20,TSM,mid,stock,True,accumulate,accumulate,accumulate,accumulate,False,False,False,False,False,"confidence,risk",9,14,retained_v1_plus_zero_profile_confidence_and_declared_source_validation,"OBV or price-volume behavior indicates distribution.,Upside is extended and marginal momentum/participation is weakening.,Market volatility or broad trend calls for more cautious execution.,10Y yield backdrop is restrictive for rate-sensitive risk.",accumulate,accumulate
2026-08-20,TSM,long,stock,True,accumulate,accumulate,accumulate,accumulate,False,False,False,False,False,"confidence,risk",20,23,retained_v1_plus_zero_profile_confidence_and_declared_source_validation,"Primary MACD structure still confirms downside momentum.,Market volatility or broad trend calls for more cautious execution.,10Y yield backdrop is restrictive for rate-sensitive risk.",accumulate,accumulate
2026-08-20,UNH,short,stock,True,sell,sell,sell,sell,False,False,False,False,False,"confidence,risk",36,42,fixed_stock_short_v2_rebuild,"v2_break,primary_moving_average_structure_remains_bearish,relative_strength_is_lagging_its_relevant_benchmarks",sell,sell
2026-08-20,UNH,mid,stock,True,accumulate,accumulate,accumulate,accumulate,False,False,False,False,False,"confidence,risk",7,12,retained_v1_plus_zero_profile_confidence_and_declared_source_validation,"Primary MACD structure still confirms downside momentum.,OBV or price-volume behavior indicates distribution.,Market volatility or broad trend calls for more cautious execution.,10Y yield backdrop is restrictive for rate-sensitive risk.",accumulate,accumulate
2026-08-20,UNH,long,stock,True,accumulate,accumulate,accumulate,accumulate,False,False,False,False,False,"confidence,risk",8,10,retained_v1_plus_zero_profile_confidence_and_declared_source_validation,"OBV or price-volume behavior indicates distribution.,Price is extended into layered resistance rather than support.,Upside is extended and marginal momentum/participation is weakening.,Market volatility or broad trend calls for more cautious execution.,10Y yield backdrop is restrictive for rate-sensitive risk.",accumulate,accumulate
2026-08-20,XE,short,stock,True,hold,hold,hold,hold,False,False,True,False,False,"confidence,risk",26,32,fixed_stock_short_v2_rebuild,v2_location,hold,hold
2026-08-20,XE,mid,stock,True,hold,hold,hold,hold,False,False,False,False,False,"confidence,risk",17,21,retained_v1_plus_zero_profile_confidence_and_declared_source_validation,"Relative Strength is lagging its relevant benchmarks.,OBV or price-volume behavior indicates distribution.,Primary moving-average structure remains bearish.,Current price is in the neutral space between actionable price zones.,Market volatility or broad trend calls for more cautious execution.",hold,hold
2026-08-20,XE,long,stock,True,hold,hold,hold,hold,False,False,False,False,False,"confidence,risk",22,24,retained_v1_plus_zero_profile_confidence_and_declared_source_validation,"OBV or price-volume behavior indicates distribution.,Current price is in the neutral space between actionable price zones.,Market volatility or broad trend calls for more cautious execution.,10Y yield backdrop is restrictive for rate-sensitive risk.",hold,hold
2026-08-20,ZETA,short,stock,True,hold,hold,hold,hold,False,False,True,False,False,"confidence,risk",11,17,fixed_stock_short_v2_rebuild,v2_entry_unconfirmed,hold,hold
2026-08-20,ZETA,mid,stock,True,hold,hold,hold,hold,False,False,False,False,False,"confidence,risk",18,22,retained_v1_plus_zero_profile_confidence_and_declared_source_validation,"Market volatility or broad trend calls for more cautious execution.,10Y yield backdrop is restrictive for rate-sensitive risk.",hold,hold
2026-08-20,ZETA,long,stock,True,hold,hold,hold,hold,False,False,False,False,False,"confidence,risk",36,38,retained_v1_plus_zero_profile_confidence_and_declared_source_validation,"Market volatility or broad trend calls for more cautious execution.,10Y yield backdrop is restrictive for rate-sensitive risk.",hold,hold
2026-08-21,AAPL,short,stock,True,hold,hold,trim,trim,False,False,True,False,False,"confidence,risk",0,6,fixed_stock_short_v2_rebuild,"v2_weak_resistance,relative_strength_is_lagging_its_relevant_benchmarks",hold,trim
2026-08-21,AAPL,mid,stock,True,hold,hold,hold,hold,False,False,False,False,False,"confidence,risk",1,5,retained_v1_plus_zero_profile_confidence_and_declared_source_validation,"OBV or price-volume behavior indicates distribution.,Primary MACD structure still confirms downside momentum.,Current price is in the neutral space between actionable price zones.,10Y yield backdrop is restrictive for rate-sensitive risk.",hold,hold
2026-08-21,AAPL,long,stock,True,accumulate,accumulate,accumulate,accumulate,False,False,False,False,False,"confidence,risk",9,11,retained_v1_plus_zero_profile_confidence_and_declared_source_validation,"OBV or price-volume behavior indicates distribution.,Upside is extended and marginal momentum/participation is weakening.,10Y yield backdrop is restrictive for rate-sensitive risk.",accumulate,accumulate
2026-08-21,AMD,short,stock,True,hold,hold,hold,hold,False,False,True,False,False,"confidence,risk",1,7,fixed_stock_short_v2_rebuild,"v2_entry_unconfirmed,primary_moving_average_structure_remains_bearish,relative_strength_is_lagging_its_relevant_benchmarks",hold,hold
2026-08-21,AMD,mid,stock,True,hold,hold,hold,hold,False,False,False,False,False,"confidence,risk",5,9,retained_v1_plus_zero_profile_confidence_and_declared_source_validation,"Primary MACD structure still confirms downside momentum.,OBV or price-volume behavior indicates distribution.,Relative Strength is lagging its relevant benchmarks.,Upside is extended and marginal momentum/participation is weakening.,Price is near the opportunity range but has not entered the recommended buy/add zone.",hold,hold
2026-08-21,AMD,long,stock,True,accumulate,accumulate,accumulate,accumulate,False,False,False,False,False,"confidence,risk",88,90,retained_v1_plus_zero_profile_confidence_and_declared_source_validation,"Volatility or extension risk is elevated.,OBV or price-volume behavior indicates distribution.,Primary MACD structure still confirms downside momentum.,Upside is extended and marginal momentum/participation is weakening.,10Y yield backdrop is restrictive for rate-sensitive risk.",accumulate,accumulate
2026-08-21,AMZN,short,stock,True,hold,hold,hold,hold,False,False,True,False,False,"confidence,risk",0,6,fixed_stock_short_v2_rebuild,v2_entry_unconfirmed,hold,hold
2026-08-21,AMZN,mid,stock,True,hold,hold,hold,hold,False,False,False,False,False,"confidence,risk",2,6,retained_v1_plus_zero_profile_confidence_and_declared_source_validation,"OBV or price-volume behavior indicates distribution.,Primary MACD structure still confirms downside momentum.,Relative Strength is lagging its relevant benchmarks.,Upside is extended and marginal momentum/participation is weakening.,Current price is in the neutral space between actionable price zones.",hold,hold
2026-08-21,AMZN,long,stock,True,hold,hold,hold,hold,False,False,False,False,False,"confidence,risk",11,13,retained_v1_plus_zero_profile_confidence_and_declared_source_validation,"OBV or price-volume behavior indicates distribution.,10Y yield backdrop is restrictive for rate-sensitive risk.",hold,hold
2026-08-21,BABA,short,stock,True,accumulate,accumulate,hold,hold,False,False,True,False,False,"confidence,risk",16,22,fixed_stock_short_v2_rebuild,v2_entry_unconfirmed,accumulate,hold
2026-08-21,BABA,mid,stock,True,hold,hold,hold,hold,False,False,False,False,False,"confidence,risk",14,18,retained_v1_plus_zero_profile_confidence_and_declared_source_validation,"Primary MACD structure still confirms downside momentum.,Price is extended into layered resistance rather than support.,Current price is in the neutral space between actionable price zones.,10Y yield backdrop is restrictive for rate-sensitive risk.",hold,hold
2026-08-21,BABA,long,stock,True,hold,hold,hold,hold,False,False,False,False,False,"confidence,risk",18,20,retained_v1_plus_zero_profile_confidence_and_declared_source_validation,"Relative Strength is lagging its relevant benchmarks.,OBV or price-volume behavior indicates distribution.,Primary moving-average structure remains bearish.,Current price is in the neutral space between actionable price zones.,10Y yield backdrop is restrictive for rate-sensitive risk.",hold,hold
2026-08-21,CRCL,short,stock,True,hold,hold,hold,hold,False,False,True,False,False,"confidence,risk",30,36,fixed_stock_short_v2_rebuild,v2_location,hold,hold
2026-08-21,CRCL,mid,stock,True,hold,hold,hold,hold,False,False,False,False,False,"confidence,risk",15,19,retained_v1_plus_zero_profile_confidence_and_declared_source_validation,"Relative Strength is lagging its relevant benchmarks.,10Y yield backdrop is restrictive for rate-sensitive risk.",hold,hold
2026-08-21,CRCL,long,stock,True,hold,hold,hold,hold,False,False,False,False,False,"confidence,risk",18,20,retained_v1_plus_zero_profile_confidence_and_declared_source_validation,"Relative Strength is lagging its relevant benchmarks.,Current price is in the neutral space between actionable price zones.,10Y yield backdrop is restrictive for rate-sensitive risk.",hold,hold
2026-08-21,FFAI,short,stock,True,hold,hold,hold,hold,False,False,False,False,False,"confidence,risk",37,43,fixed_stock_short_v2_rebuild,"v2_entry_unconfirmed,primary_moving_average_structure_remains_bearish,relative_strength_is_lagging_its_relevant_benchmarks",hold,hold
2026-08-21,FFAI,mid,stock,True,hold,hold,hold,hold,False,False,False,False,True,"confidence,landscape,risk",18,22,retained_v1_plus_zero_profile_confidence_and_declared_source_validation,"Primary MACD structure still confirms downside momentum.,Current price is in the neutral space between actionable price zones.,10Y yield backdrop is restrictive for rate-sensitive risk.",hold,hold
2026-08-21,FFAI,long,stock,True,hold,hold,hold,hold,False,False,False,False,False,"confidence,risk",23,25,retained_v1_plus_zero_profile_confidence_and_declared_source_validation,"OBV or price-volume behavior indicates distribution.,Upside is extended and marginal momentum/participation is weakening.,10Y yield backdrop is restrictive for rate-sensitive risk.",hold,hold
2026-08-21,GEV,short,stock,True,hold,hold,hold,hold,False,False,True,False,False,"confidence,risk",3,9,fixed_stock_short_v2_rebuild,"v2_entry_unconfirmed,primary_moving_average_structure_remains_bearish,relative_strength_is_lagging_its_relevant_benchmarks",hold,hold
2026-08-21,GEV,mid,stock,True,hold,hold,hold,hold,False,False,False,False,True,"confidence,landscape,risk",4,8,retained_v1_plus_zero_profile_confidence_and_declared_source_validation,"Primary MACD structure still confirms downside momentum.,OBV or price-volume behavior indicates distribution.,Primary moving-average structure remains bearish.,Relative Strength is lagging its relevant benchmarks.,Trend is weak, but price has not entered a reduce zone or confirmed a breakdown.",hold,hold
2026-08-21,GEV,long,stock,True,hold,hold,hold,hold,False,False,False,False,False,"confidence,risk",84,86,retained_v1_plus_zero_profile_confidence_and_declared_source_validation,"Volatility or extension risk is elevated.,OBV or price-volume behavior indicates distribution.,Primary MACD structure still confirms downside momentum.,Upside is extended and marginal momentum/participation is weakening.,Price is near the opportunity range but has not entered the recommended buy/add zone.",hold,hold
2026-08-21,GOOGL,short,stock,True,hold,hold,hold,hold,False,False,True,False,False,"confidence,risk",0,6,fixed_stock_short_v2_rebuild,"v2_location,primary_moving_average_structure_remains_bearish",hold,hold
2026-08-21,GOOGL,mid,stock,True,hold,hold,hold,hold,False,False,False,False,False,"confidence,risk",1,5,retained_v1_plus_zero_profile_confidence_and_declared_source_validation,"Primary MACD structure still confirms downside momentum.,Primary moving-average structure remains bearish.,Relative Strength is lagging its relevant benchmarks.,Trend is weak, but price has not entered a reduce zone or confirmed a breakdown.,10Y yield backdrop is restrictive for rate-sensitive risk.",hold,hold
2026-08-21,GOOGL,long,stock,True,hold,hold,hold,hold,False,False,False,False,False,"confidence,risk",16,18,retained_v1_plus_zero_profile_confidence_and_declared_source_validation,"OBV or price-volume behavior indicates distribution.,Primary MACD structure still confirms downside momentum.,Price is near the opportunity range but has not entered the recommended buy/add zone.,10Y yield backdrop is restrictive for rate-sensitive risk.",hold,hold
2026-08-21,HIMS,short,stock,True,hold,hold,hold,hold,False,False,True,False,False,"confidence,risk",22,28,fixed_stock_short_v2_rebuild,v2_location,hold,hold
2026-08-21,HIMS,mid,stock,True,hold,hold,hold,hold,False,False,False,False,False,"confidence,risk",8,12,retained_v1_plus_zero_profile_confidence_and_declared_source_validation,10Y yield backdrop is restrictive for rate-sensitive risk.,hold,hold
2026-08-21,HIMS,long,stock,True,hold,hold,hold,hold,False,False,False,False,False,"confidence,risk",18,20,retained_v1_plus_zero_profile_confidence_and_declared_source_validation,10Y yield backdrop is restrictive for rate-sensitive risk.,hold,hold
2026-08-21,META,short,stock,True,hold,hold,hold,hold,False,False,True,False,False,"confidence,risk",0,6,fixed_stock_short_v2_rebuild,"v2_entry_unconfirmed,primary_moving_average_structure_remains_bearish,relative_strength_is_lagging_its_relevant_benchmarks",hold,hold
2026-08-21,META,mid,stock,True,accumulate,accumulate,accumulate,accumulate,False,False,False,False,False,"confidence,risk",3,7,retained_v1_plus_zero_profile_confidence_and_declared_source_validation,"Primary MACD structure still confirms downside momentum.,Primary moving-average structure remains bearish.,OBV or price-volume behavior indicates distribution.,Relative Strength is lagging its relevant benchmarks.,10Y yield backdrop is restrictive for rate-sensitive risk.",accumulate,accumulate
2026-08-21,META,long,stock,True,accumulate,accumulate,accumulate,accumulate,False,False,False,False,False,"confidence,risk",19,21,retained_v1_plus_zero_profile_confidence_and_declared_source_validation,"Relative Strength is lagging its relevant benchmarks.,Primary MACD structure still confirms downside momentum.,OBV or price-volume behavior indicates distribution.,Primary moving-average structure remains bearish.,10Y yield backdrop is restrictive for rate-sensitive risk.",accumulate,accumulate
2026-08-21,MPT,short,stock,True,hold,hold,trim,trim,False,False,False,False,False,"confidence,risk",0,6,fixed_stock_short_v2_rebuild,"v2_weak_resistance,primary_moving_average_structure_remains_bearish,relative_strength_is_lagging_its_relevant_benchmarks",hold,trim
2026-08-21,MPT,mid,stock,True,sell,sell,sell,sell,False,False,False,False,False,"confidence,risk",16,20,retained_v1_plus_zero_profile_confidence_and_declared_source_validation,"Primary moving-average structure remains bearish.,Relative Strength is lagging its relevant benchmarks.,Primary MACD structure still confirms downside momentum.,OBV or price-volume behavior indicates distribution.,Price is extended into layered resistance rather than support.",sell,sell
2026-08-21,MPT,long,stock,True,sell,sell,sell,sell,False,False,False,False,False,"confidence,risk",16,18,retained_v1_plus_zero_profile_confidence_and_declared_source_validation,"Relative Strength is lagging its relevant benchmarks.,Primary MACD structure still confirms downside momentum.,Primary moving-average structure remains bearish.,OBV or price-volume behavior indicates distribution.,Price is extended into layered resistance rather than support.",sell,sell
2026-08-21,MSFT,short,stock,True,hold,hold,hold,hold,False,False,True,False,False,"confidence,risk",0,6,fixed_stock_short_v2_rebuild,v2_trend_resistance,hold,hold
2026-08-21,MSFT,mid,stock,True,hold,hold,hold,hold,False,False,False,False,False,"confidence,risk",9,13,retained_v1_plus_zero_profile_confidence_and_declared_source_validation,"Primary MACD structure still confirms downside momentum.,Price is near the opportunity range but has not entered the recommended buy/add zone.,10Y yield backdrop is restrictive for rate-sensitive risk.",hold,hold
2026-08-21,MSFT,long,stock,True,hold,hold,hold,hold,False,False,False,False,False,"confidence,risk",10,12,retained_v1_plus_zero_profile_confidence_and_declared_source_validation,"OBV or price-volume behavior indicates distribution.,10Y yield backdrop is restrictive for rate-sensitive risk.",hold,hold
2026-08-21,MU,short,stock,True,hold,hold,accumulate,accumulate,False,False,True,False,False,"confidence,risk",2,8,fixed_stock_short_v2_rebuild,,hold,accumulate
2026-08-21,MU,mid,stock,True,hold,hold,hold,hold,False,False,False,False,False,"confidence,risk",6,10,retained_v1_plus_zero_profile_confidence_and_declared_source_validation,"OBV or price-volume behavior indicates distribution.,Upside is extended and marginal momentum/participation is weakening.,10Y yield backdrop is restrictive for rate-sensitive risk.",hold,hold
2026-08-21,MU,long,stock,True,hold,hold,hold,hold,False,False,False,False,False,"confidence,risk",28,30,retained_v1_plus_zero_profile_confidence_and_declared_source_validation,"OBV or price-volume behavior indicates distribution.,Primary MACD structure still confirms downside momentum.,Upside is extended and marginal momentum/participation is weakening.,10Y yield backdrop is restrictive for rate-sensitive risk.",hold,hold
2026-08-21,NFLX,short,stock,True,hold,hold,hold,hold,False,False,True,False,False,"confidence,risk",0,6,fixed_stock_short_v2_rebuild,v2_location,hold,hold
2026-08-21,NFLX,mid,stock,True,hold,hold,hold,hold,False,False,False,False,False,"confidence,risk",1,5,retained_v1_plus_zero_profile_confidence_and_declared_source_validation,"Primary moving-average structure remains bearish.,Relative Strength is lagging its relevant benchmarks.,10Y yield backdrop is restrictive for rate-sensitive risk.",hold,hold
2026-08-21,NFLX,long,stock,True,hold,hold,hold,hold,False,False,False,False,False,"confidence,risk",6,8,retained_v1_plus_zero_profile_confidence_and_declared_source_validation,"Relative Strength is lagging its relevant benchmarks.,Primary moving-average structure remains bearish.,OBV or price-volume behavior indicates distribution.,Current price is in the neutral space between actionable price zones.,10Y yield backdrop is restrictive for rate-sensitive risk.",hold,hold
2026-08-21,NOK,short,stock,True,accumulate,accumulate,accumulate,accumulate,False,False,False,False,False,"confidence,risk",1,7,fixed_stock_short_v2_rebuild,,accumulate,accumulate
2026-08-21,NOK,mid,stock,True,hold,hold,hold,hold,False,False,False,False,False,"confidence,risk",4,8,retained_v1_plus_zero_profile_confidence_and_declared_source_validation,"Relative Strength is lagging its relevant benchmarks.,Primary moving-average structure remains bearish.,Current price is in the neutral space between actionable price zones.,10Y yield backdrop is restrictive for rate-sensitive risk.",hold,hold
2026-08-21,NOK,long,stock,True,hold,hold,hold,hold,False,False,False,False,False,"confidence,risk",84,86,retained_v1_plus_zero_profile_confidence_and_declared_source_validation,"Volatility or extension risk is elevated.,OBV or price-volume behavior indicates distribution.,Primary MACD structure still confirms downside momentum.,Current price is in the neutral space between actionable price zones.,10Y yield backdrop is restrictive for rate-sensitive risk.",hold,hold
2026-08-21,NOW,short,stock,True,hold,hold,hold,hold,False,False,True,False,False,"confidence,risk",6,12,fixed_stock_short_v2_rebuild,v2_trend_resistance,hold,hold
2026-08-21,NOW,mid,stock,True,hold,hold,hold,hold,False,False,False,False,False,"confidence,risk",7,11,retained_v1_plus_zero_profile_confidence_and_declared_source_validation,10Y yield backdrop is restrictive for rate-sensitive risk.,hold,hold
2026-08-21,NOW,long,stock,True,hold,hold,hold,hold,False,False,False,False,False,"confidence,risk",19,21,retained_v1_plus_zero_profile_confidence_and_declared_source_validation,"OBV or price-volume behavior indicates distribution.,Price is extended into layered resistance rather than support.,10Y yield backdrop is restrictive for rate-sensitive risk.",hold,hold
2026-08-21,NVDA,short,stock,True,accumulate,accumulate,hold,hold,False,False,True,False,False,"confidence,risk",17,23,fixed_stock_short_v2_rebuild,v2_event,accumulate,hold
2026-08-21,NVDA,mid,stock,True,accumulate,accumulate,accumulate,accumulate,False,False,False,False,False,"confidence,risk",21,25,retained_v1_plus_zero_profile_confidence_and_declared_source_validation,"OBV or price-volume behavior indicates distribution.,Primary MACD structure still confirms downside momentum.,Upside is extended and marginal momentum/participation is weakening.,10Y yield backdrop is restrictive for rate-sensitive risk.,Earnings proximity raises event uncertainty.",accumulate,accumulate
2026-08-21,NVDA,long,stock,True,hold,hold,hold,hold,False,False,False,False,False,"confidence,risk",18,20,retained_v1_plus_zero_profile_confidence_and_declared_source_validation,"10Y yield backdrop is restrictive for rate-sensitive risk.,Earnings proximity raises event uncertainty.",hold,hold
2026-08-21,ORCL,short,stock,True,hold,hold,hold,hold,False,False,True,False,False,"confidence,risk",1,7,fixed_stock_short_v2_rebuild,v2_location,hold,hold
2026-08-21,ORCL,mid,stock,True,hold,hold,hold,hold,False,False,False,False,False,"confidence,risk",3,7,retained_v1_plus_zero_profile_confidence_and_declared_source_validation,"Relative Strength is lagging its relevant benchmarks.,Primary moving-average structure remains bearish.,Current price is in the neutral space between actionable price zones.,10Y yield backdrop is restrictive for rate-sensitive risk.",hold,hold
2026-08-21,ORCL,long,stock,True,hold,hold,hold,hold,False,False,False,False,False,"confidence,risk",19,21,retained_v1_plus_zero_profile_confidence_and_declared_source_validation,"Primary moving-average structure remains bearish.,OBV or price-volume behavior indicates distribution.,Primary MACD structure still confirms downside momentum.,Relative Strength is lagging its relevant benchmarks.,Trend is weak, but price has not entered a reduce zone or confirmed a breakdown.",hold,hold
2026-08-21,PLTR,short,stock,True,hold,hold,strong_buy,strong_buy,False,False,True,False,False,"confidence,risk",3,9,fixed_stock_short_v2_rebuild,,hold,strong_buy
2026-08-21,PLTR,mid,stock,True,hold,hold,hold,hold,False,False,False,False,False,"confidence,risk",24,28,retained_v1_plus_zero_profile_confidence_and_declared_source_validation,10Y yield backdrop is restrictive for rate-sensitive risk.,hold,hold
2026-08-21,PLTR,long,stock,True,hold,hold,hold,hold,False,False,False,False,False,"confidence,risk",14,16,retained_v1_plus_zero_profile_confidence_and_declared_source_validation,10Y yield backdrop is restrictive for rate-sensitive risk.,hold,hold
2026-08-21,QQQ,short,ETF,True,hold,hold,hold,hold,False,False,True,False,False,"confidence,risk",0,6,retained_v1_plus_zero_profile_confidence_and_declared_source_validation,"Primary MACD structure still confirms downside momentum.,Current price is in the neutral space between actionable price zones.,10Y yield backdrop is restrictive for rate-sensitive risk.",hold,hold
2026-08-21,QQQ,mid,ETF,True,accumulate,accumulate,accumulate,accumulate,False,False,False,False,False,"confidence,risk",4,8,retained_v1_plus_zero_profile_confidence_and_declared_source_validation,"OBV or price-volume behavior indicates distribution.,Upside is extended and marginal momentum/participation is weakening.,10Y yield backdrop is restrictive for rate-sensitive risk.",accumulate,accumulate
2026-08-21,QQQ,long,ETF,True,hold,hold,hold,hold,False,False,False,False,False,"confidence,risk",12,14,retained_v1_plus_zero_profile_confidence_and_declared_source_validation,"Current price is in the neutral space between actionable price zones.,10Y yield backdrop is restrictive for rate-sensitive risk.",hold,hold
2026-08-21,SOFI,short,stock,True,hold,hold,hold,hold,False,False,False,False,False,"confidence,risk",4,10,fixed_stock_short_v2_rebuild,v2_location,hold,hold
2026-08-21,SOFI,mid,stock,True,hold,hold,hold,hold,False,False,False,False,False,"confidence,risk",3,7,retained_v1_plus_zero_profile_confidence_and_declared_source_validation,"OBV or price-volume behavior indicates distribution.,10Y yield backdrop is restrictive for rate-sensitive risk.",hold,hold
2026-08-21,SOFI,long,stock,True,hold,hold,hold,hold,False,False,False,False,False,"confidence,risk",18,21,retained_v1_plus_zero_profile_confidence_and_declared_source_validation,"OBV or price-volume behavior indicates distribution.,Current price is in the neutral space between actionable price zones.,10Y yield backdrop is restrictive for rate-sensitive risk.",hold,hold
2026-08-21,SOXL,short,ETF,True,accumulate,accumulate,accumulate,accumulate,False,False,True,False,False,"confidence,risk",7,13,retained_v1_plus_zero_profile_confidence_and_declared_source_validation,"Primary MACD structure still confirms downside momentum.,Relative Strength is lagging its relevant benchmarks.,Primary moving-average structure remains bearish.,OBV or price-volume behavior indicates distribution.,10Y yield backdrop is restrictive for rate-sensitive risk.",accumulate,accumulate
2026-08-21,SOXL,mid,ETF,True,hold,hold,hold,hold,False,False,False,False,False,"confidence,risk",18,22,retained_v1_plus_zero_profile_confidence_and_declared_source_validation,"Relative Strength is lagging its relevant benchmarks.,Primary moving-average structure remains bearish.,OBV or price-volume behavior indicates distribution.,Trend is weak, but price has not entered a reduce zone or confirmed a breakdown.,10Y yield backdrop is restrictive for rate-sensitive risk.",hold,hold
2026-08-21,SOXL,long,ETF,True,hold,hold,hold,hold,False,False,False,False,False,"confidence,risk",89,91,retained_v1_plus_zero_profile_confidence_and_declared_source_validation,"Volatility or extension risk is elevated.,OBV or price-volume behavior indicates distribution.,Primary MACD structure still confirms downside momentum.,Upside is extended and marginal momentum/participation is weakening.,Current price is in the neutral space between actionable price zones.",hold,hold
2026-08-21,SOXS,short,ETF,True,hold,hold,hold,hold,False,False,True,False,False,"confidence,risk",12,18,retained_v1_plus_zero_profile_confidence_and_declared_source_validation,"Relative Strength is lagging its relevant benchmarks.,Price is approaching the reduce range but has not entered the recommended reduce/exit zone.,10Y yield backdrop is restrictive for rate-sensitive risk.",hold,hold
2026-08-21,SOXS,mid,ETF,True,hold,hold,hold,hold,False,False,False,False,False,"confidence,risk",42,46,retained_v1_plus_zero_profile_confidence_and_declared_source_validation,"Relative Strength is lagging its relevant benchmarks.,Primary moving-average structure remains bearish.,Trend is weak, but price has not entered a reduce zone or confirmed a breakdown.,10Y yield backdrop is restrictive for rate-sensitive risk.",hold,hold
2026-08-21,SOXS,long,ETF,True,hold,hold,hold,hold,False,False,False,False,False,"confidence,risk",27,29,retained_v1_plus_zero_profile_confidence_and_declared_source_validation,"Relative Strength is lagging its relevant benchmarks.,Primary moving-average structure remains bearish.,Price is near the opportunity range but has not entered the recommended buy/add zone.,10Y yield backdrop is restrictive for rate-sensitive risk.",hold,hold
2026-08-21,SPCX,short,stock,True,hold,hold,accumulate,accumulate,False,False,True,False,False,"confidence,risk",3,9,fixed_stock_short_v2_rebuild,,hold,accumulate
2026-08-21,SPCX,mid,stock,True,hold,hold,hold,hold,False,False,False,False,False,"confidence,risk",6,10,retained_v1_plus_zero_profile_confidence_and_declared_source_validation,10Y yield backdrop is restrictive for rate-sensitive risk.,hold,hold
2026-08-21,SPCX,long,stock,True,avoid,avoid,avoid,avoid,False,False,False,False,False,"confidence,risk",0,2,retained_v1_plus_zero_profile_confidence_and_declared_source_validation,"Price landscape quality is insufficient for an actionable recommendation.,10Y yield backdrop is restrictive for rate-sensitive risk.",avoid,avoid
2026-08-21,SPMO,short,ETF,True,accumulate,accumulate,accumulate,accumulate,False,False,True,False,False,"confidence,risk",0,6,retained_v1_plus_zero_profile_confidence_and_declared_source_validation,"Primary MACD structure still confirms downside momentum.,OBV or price-volume behavior indicates distribution.,10Y yield backdrop is restrictive for rate-sensitive risk.",accumulate,accumulate
2026-08-21,SPMO,mid,ETF,True,accumulate,accumulate,accumulate,accumulate,False,False,False,False,False,"confidence,risk",1,5,retained_v1_plus_zero_profile_confidence_and_declared_source_validation,"OBV or price-volume behavior indicates distribution.,10Y yield backdrop is restrictive for rate-sensitive risk.",accumulate,accumulate
2026-08-21,SPMO,long,ETF,True,hold,hold,hold,hold,False,False,False,False,False,"confidence,risk",14,16,retained_v1_plus_zero_profile_confidence_and_declared_source_validation,"OBV or price-volume behavior indicates distribution.,Primary MACD structure still confirms downside momentum.,Upside is extended and marginal momentum/participation is weakening.,Current price is in the neutral space between actionable price zones.,10Y yield backdrop is restrictive for rate-sensitive risk.",hold,hold
2026-08-21,SQQQ,short,ETF,True,hold,hold,hold,hold,False,False,False,False,False,"confidence,risk",1,7,retained_v1_plus_zero_profile_confidence_and_declared_source_validation,"Relative Strength is lagging its relevant benchmarks.,Price is approaching the reduce range but has not entered the recommended reduce/exit zone.,10Y yield backdrop is restrictive for rate-sensitive risk.",hold,hold
2026-08-21,SQQQ,mid,ETF,True,hold,hold,hold,hold,False,False,False,False,False,"confidence,risk",27,31,retained_v1_plus_zero_profile_confidence_and_declared_source_validation,"Primary moving-average structure remains bearish.,Price is approaching the reduce range but has not entered the recommended reduce/exit zone.,10Y yield backdrop is restrictive for rate-sensitive risk.",hold,hold
2026-08-21,SQQQ,long,ETF,True,hold,hold,hold,hold,False,False,False,False,False,"confidence,risk",18,20,retained_v1_plus_zero_profile_confidence_and_declared_source_validation,"Relative Strength is lagging its relevant benchmarks.,Primary moving-average structure remains bearish.,OBV or price-volume behavior indicates distribution.,Price is near the opportunity range but has not entered the recommended buy/add zone.,10Y yield backdrop is restrictive for rate-sensitive risk.",hold,hold
2026-08-21,TEM,short,stock,True,hold,hold,hold,hold,False,False,True,False,False,"confidence,risk",74,80,fixed_stock_short_v2_rebuild,v2_location,hold,hold
2026-08-21,TEM,mid,stock,True,hold,hold,hold,hold,False,False,False,False,False,"confidence,risk",36,40,retained_v1_plus_zero_profile_confidence_and_declared_source_validation,10Y yield backdrop is restrictive for rate-sensitive risk.,hold,hold
2026-08-21,TEM,long,stock,True,hold,hold,hold,hold,False,False,False,False,False,"confidence,risk",35,37,retained_v1_plus_zero_profile_confidence_and_declared_source_validation,"Price is extended into layered resistance rather than support.,10Y yield backdrop is restrictive for rate-sensitive risk.",hold,hold
2026-08-21,TQQQ,short,ETF,True,accumulate,accumulate,accumulate,accumulate,False,False,True,False,False,"confidence,risk",1,7,retained_v1_plus_zero_profile_confidence_and_declared_source_validation,"Primary MACD structure still confirms downside momentum.,OBV or price-volume behavior indicates distribution.,10Y yield backdrop is restrictive for rate-sensitive risk.",accumulate,accumulate
2026-08-21,TQQQ,mid,ETF,True,accumulate,accumulate,accumulate,accumulate,False,False,False,False,False,"confidence,risk",5,9,retained_v1_plus_zero_profile_confidence_and_declared_source_validation,"OBV or price-volume behavior indicates distribution.,Relative Strength is lagging its relevant benchmarks.,10Y yield backdrop is restrictive for rate-sensitive risk.",accumulate,accumulate
2026-08-21,TQQQ,long,ETF,True,hold,hold,hold,hold,False,False,False,False,False,"confidence,risk",25,27,retained_v1_plus_zero_profile_confidence_and_declared_source_validation,"Current price is in the neutral space between actionable price zones.,10Y yield backdrop is restrictive for rate-sensitive risk.",hold,hold
2026-08-21,TSLA,short,stock,True,hold,hold,strong_buy,strong_buy,False,False,True,False,False,"confidence,risk",8,14,fixed_stock_short_v2_rebuild,,hold,strong_buy
2026-08-21,TSLA,mid,stock,True,hold,hold,hold,hold,False,False,False,False,False,"confidence,risk",6,10,retained_v1_plus_zero_profile_confidence_and_declared_source_validation,"Relative Strength is lagging its relevant benchmarks.,Primary moving-average structure remains bearish.,Current price is in the neutral space between actionable price zones.,10Y yield backdrop is restrictive for rate-sensitive risk.",hold,hold
2026-08-21,TSLA,long,stock,True,hold,hold,hold,hold,False,False,False,False,False,"confidence,risk",13,15,retained_v1_plus_zero_profile_confidence_and_declared_source_validation,"Relative Strength is lagging its relevant benchmarks.,Primary MACD structure still confirms downside momentum.,Primary moving-average structure remains bearish.,OBV or price-volume behavior indicates distribution.,Trend is weak, but price has not entered a reduce zone or confirmed a breakdown.",hold,hold
2026-08-21,TSM,short,stock,True,hold,hold,hold,hold,False,False,True,False,False,"confidence,risk",0,6,fixed_stock_short_v2_rebuild,v2_location,hold,hold
2026-08-21,TSM,mid,stock,True,accumulate,accumulate,accumulate,accumulate,False,False,False,False,False,"confidence,risk",1,5,retained_v1_plus_zero_profile_confidence_and_declared_source_validation,10Y yield backdrop is restrictive for rate-sensitive risk.,accumulate,accumulate
2026-08-21,TSM,long,stock,True,accumulate,accumulate,accumulate,accumulate,False,False,False,False,False,"confidence,risk",16,18,retained_v1_plus_zero_profile_confidence_and_declared_source_validation,"Primary MACD structure still confirms downside momentum.,10Y yield backdrop is restrictive for rate-sensitive risk.",accumulate,accumulate
2026-08-21,UNH,short,stock,True,hold,hold,hold,hold,False,False,True,False,False,"confidence,risk",8,14,fixed_stock_short_v2_rebuild,"v2_location,primary_moving_average_structure_remains_bearish,relative_strength_is_lagging_its_relevant_benchmarks",hold,hold
2026-08-21,UNH,mid,stock,True,accumulate,accumulate,accumulate,accumulate,False,False,False,False,False,"confidence,risk",1,5,retained_v1_plus_zero_profile_confidence_and_declared_source_validation,"Primary MACD structure still confirms downside momentum.,OBV or price-volume behavior indicates distribution.,10Y yield backdrop is restrictive for rate-sensitive risk.",accumulate,accumulate
2026-08-21,UNH,long,stock,True,accumulate,accumulate,accumulate,accumulate,False,False,False,False,False,"confidence,risk",4,6,retained_v1_plus_zero_profile_confidence_and_declared_source_validation,"OBV or price-volume behavior indicates distribution.,Primary MACD structure still confirms downside momentum.,Price is extended into layered resistance rather than support.,Upside is extended and marginal momentum/participation is weakening.,10Y yield backdrop is restrictive for rate-sensitive risk.",accumulate,accumulate
2026-08-21,XE,short,stock,True,hold,hold,hold,hold,False,False,True,False,False,"confidence,risk",10,16,fixed_stock_short_v2_rebuild,v2_trend_resistance,hold,hold
2026-08-21,XE,mid,stock,True,hold,hold,hold,hold,False,False,False,False,False,"confidence,risk",9,13,retained_v1_plus_zero_profile_confidence_and_declared_source_validation,"Relative Strength is lagging its relevant benchmarks.,Primary moving-average structure remains bearish.,Primary MACD structure still confirms downside momentum.,Current price is in the neutral space between actionable price zones.,10Y yield backdrop is restrictive for rate-sensitive risk.",hold,hold
2026-08-21,XE,long,stock,True,hold,hold,hold,hold,False,False,False,False,False,"confidence,risk",18,20,retained_v1_plus_zero_profile_confidence_and_declared_source_validation,"OBV or price-volume behavior indicates distribution.,Current price is in the neutral space between actionable price zones.,10Y yield backdrop is restrictive for rate-sensitive risk.",hold,hold
2026-08-21,ZETA,short,stock,True,trim,trim,hold,hold,False,False,False,False,False,"confidence,risk",1,7,fixed_stock_short_v2_rebuild,v2_trend_resistance,trim,hold
2026-08-21,ZETA,mid,stock,True,trim,trim,trim,trim,False,False,False,False,False,"confidence,risk",13,17,retained_v1_plus_zero_profile_confidence_and_declared_source_validation,"Current price has reached the reduce zone; reduce exposure rather than add.,10Y yield backdrop is restrictive for rate-sensitive risk.",trim,trim
2026-08-21,ZETA,long,stock,True,hold,hold,hold,hold,False,False,False,False,False,"confidence,risk",22,24,retained_v1_plus_zero_profile_confidence_and_declared_source_validation,10Y yield backdrop is restrictive for rate-sensitive risk.,hold,hold
2026-08-24,AAPL,short,stock,True,hold,hold,hold,hold,False,False,True,False,False,"confidence,risk",0,6,fixed_stock_short_v2_rebuild,"v2_entry_unconfirmed,relative_strength_is_lagging_its_relevant_benchmarks",hold,hold
2026-08-24,AAPL,mid,stock,True,hold,hold,hold,hold,False,False,False,False,False,"confidence,risk",0,4,retained_v1_plus_zero_profile_confidence_and_declared_source_validation,"OBV or price-volume behavior indicates distribution.,Primary MACD structure still confirms downside momentum.,Current price is in the neutral space between actionable price zones.,10Y yield backdrop is restrictive for rate-sensitive risk.",hold,hold
2026-08-24,AAPL,long,stock,True,accumulate,accumulate,accumulate,accumulate,False,False,False,False,False,"confidence,risk",9,11,retained_v1_plus_zero_profile_confidence_and_declared_source_validation,"OBV or price-volume behavior indicates distribution.,Upside is extended and marginal momentum/participation is weakening.,10Y yield backdrop is restrictive for rate-sensitive risk.",accumulate,accumulate
2026-08-24,AMD,short,stock,True,hold,hold,hold,hold,False,False,True,False,False,"confidence,risk",2,8,fixed_stock_short_v2_rebuild,"v2_location,primary_moving_average_structure_remains_bearish,relative_strength_is_lagging_its_relevant_benchmarks",hold,hold
2026-08-24,AMD,mid,stock,True,accumulate,accumulate,accumulate,accumulate,False,False,False,False,False,"confidence,risk",5,9,retained_v1_plus_zero_profile_confidence_and_declared_source_validation,"Primary MACD structure still confirms downside momentum.,Relative Strength is lagging its relevant benchmarks.,OBV or price-volume behavior indicates distribution.,10Y yield backdrop is restrictive for rate-sensitive risk.",accumulate,accumulate
2026-08-24,AMD,long,stock,True,hold,hold,hold,hold,False,False,False,False,False,"confidence,risk",88,90,retained_v1_plus_zero_profile_confidence_and_declared_source_validation,"Volatility or extension risk is elevated.,OBV or price-volume behavior indicates distribution.,Primary MACD structure still confirms downside momentum.,Upside is extended and marginal momentum/participation is weakening.,Current price is in the neutral space between actionable price zones.",hold,hold
2026-08-24,AMZN,short,stock,True,hold,hold,accumulate,accumulate,False,False,True,False,False,"confidence,risk",0,6,fixed_stock_short_v2_rebuild,,hold,accumulate
2026-08-24,AMZN,mid,stock,True,accumulate,accumulate,accumulate,accumulate,False,False,False,False,False,"confidence,risk",1,5,retained_v1_plus_zero_profile_confidence_and_declared_source_validation,"OBV or price-volume behavior indicates distribution.,Primary MACD structure still confirms downside momentum.,Relative Strength is lagging its relevant benchmarks.,Price is extended into layered resistance rather than support.,Upside is extended and marginal momentum/participation is weakening.",accumulate,accumulate
2026-08-24,AMZN,long,stock,True,hold,hold,hold,hold,False,False,False,False,False,"confidence,risk",11,13,retained_v1_plus_zero_profile_confidence_and_declared_source_validation,"OBV or price-volume behavior indicates distribution.,10Y yield backdrop is restrictive for rate-sensitive risk.",hold,hold
2026-08-24,BABA,short,stock,True,accumulate,accumulate,hold,hold,False,False,True,False,False,"confidence,risk",15,21,fixed_stock_short_v2_rebuild,"v2_entry_unconfirmed,primary_moving_average_structure_remains_bearish",accumulate,hold
2026-08-24,BABA,mid,stock,True,hold,hold,hold,hold,False,False,False,False,False,"confidence,risk",11,15,retained_v1_plus_zero_profile_confidence_and_declared_source_validation,"Primary MACD structure still confirms downside momentum.,Price is extended into layered resistance rather than support.,Price is approaching the reduce range but has not entered the recommended reduce/exit zone.,10Y yield backdrop is restrictive for rate-sensitive risk.",hold,hold
2026-08-24,BABA,long,stock,True,hold,hold,hold,hold,False,False,False,False,False,"confidence,risk",15,17,retained_v1_plus_zero_profile_confidence_and_declared_source_validation,"Relative Strength is lagging its relevant benchmarks.,OBV or price-volume behavior indicates distribution.,Primary moving-average structure remains bearish.,Current price is in the neutral space between actionable price zones.,10Y yield backdrop is restrictive for rate-sensitive risk.",hold,hold
2026-08-24,CRCL,short,stock,True,hold,hold,hold,hold,False,False,True,False,False,"confidence,risk",15,21,fixed_stock_short_v2_rebuild,v2_trend_resistance,hold,hold
2026-08-24,CRCL,mid,stock,True,hold,hold,hold,hold,False,False,False,False,False,"confidence,risk",7,11,retained_v1_plus_zero_profile_confidence_and_declared_source_validation,"Relative Strength is lagging its relevant benchmarks.,10Y yield backdrop is restrictive for rate-sensitive risk.",hold,hold
2026-08-24,CRCL,long,stock,True,hold,hold,hold,hold,False,False,False,False,False,"confidence,risk",18,20,retained_v1_plus_zero_profile_confidence_and_declared_source_validation,"Relative Strength is lagging its relevant benchmarks.,Current price is in the neutral space between actionable price zones.,10Y yield backdrop is restrictive for rate-sensitive risk.",hold,hold
2026-08-24,FFAI,short,stock,True,hold,hold,hold,hold,False,False,False,False,False,"confidence,risk",42,48,fixed_stock_short_v2_rebuild,"v2_entry_unconfirmed,primary_moving_average_structure_remains_bearish,relative_strength_is_lagging_its_relevant_benchmarks",hold,sell
2026-08-24,FFAI,mid,stock,True,hold,hold,hold,hold,False,False,False,False,True,"confidence,landscape,risk",18,22,retained_v1_plus_zero_profile_confidence_and_declared_source_validation,"Primary MACD structure still confirms downside momentum.,Current price is in the neutral space between actionable price zones.,10Y yield backdrop is restrictive for rate-sensitive risk.",hold,hold
2026-08-24,FFAI,long,stock,True,hold,hold,hold,hold,False,False,False,False,False,"confidence,risk",23,25,retained_v1_plus_zero_profile_confidence_and_declared_source_validation,"OBV or price-volume behavior indicates distribution.,Upside is extended and marginal momentum/participation is weakening.,10Y yield backdrop is restrictive for rate-sensitive risk.",hold,hold
2026-08-24,GEV,short,stock,True,accumulate,accumulate,hold,hold,False,False,True,False,False,"confidence,risk",4,10,fixed_stock_short_v2_rebuild,"v2_entry_unconfirmed,primary_moving_average_structure_remains_bearish,relative_strength_is_lagging_its_relevant_benchmarks",accumulate,hold
2026-08-24,GEV,mid,stock,True,hold,hold,hold,hold,False,False,False,False,False,"confidence,risk",4,8,retained_v1_plus_zero_profile_confidence_and_declared_source_validation,"Primary MACD structure still confirms downside momentum.,OBV or price-volume behavior indicates distribution.,Primary moving-average structure remains bearish.,Relative Strength is lagging its relevant benchmarks.,Trend is weak, but price has not entered a reduce zone or confirmed a breakdown.",hold,hold
2026-08-24,GEV,long,stock,True,accumulate,accumulate,accumulate,accumulate,False,False,False,False,False,"confidence,risk",84,86,retained_v1_plus_zero_profile_confidence_and_declared_source_validation,"Volatility or extension risk is elevated.,OBV or price-volume behavior indicates distribution.,Primary MACD structure still confirms downside momentum.,Upside is extended and marginal momentum/participation is weakening.,10Y yield backdrop is restrictive for rate-sensitive risk.",accumulate,accumulate
2026-08-24,GOOGL,short,stock,True,hold,hold,hold,hold,False,False,True,False,False,"confidence,risk",1,7,fixed_stock_short_v2_rebuild,v2_location,hold,hold
2026-08-24,GOOGL,mid,stock,True,hold,hold,hold,hold,False,False,False,False,False,"confidence,risk",1,5,retained_v1_plus_zero_profile_confidence_and_declared_source_validation,"Primary moving-average structure remains bearish.,Relative Strength is lagging its relevant benchmarks.,Primary MACD structure still confirms downside momentum.,Trend is weak, but price has not entered a reduce zone or confirmed a breakdown.,10Y yield backdrop is restrictive for rate-sensitive risk.",hold,hold
2026-08-24,GOOGL,long,stock,True,hold,hold,hold,hold,False,False,False,False,False,"confidence,risk",16,18,retained_v1_plus_zero_profile_confidence_and_declared_source_validation,"OBV or price-volume behavior indicates distribution.,Primary MACD structure still confirms downside momentum.,Price is near the opportunity range but has not entered the recommended buy/add zone.,10Y yield backdrop is restrictive for rate-sensitive risk.",hold,hold
2026-08-24,HIMS,short,stock,True,accumulate,accumulate,accumulate,accumulate,False,False,True,False,False,"confidence,risk",3,9,fixed_stock_short_v2_rebuild,,accumulate,accumulate
2026-08-24,HIMS,mid,stock,True,hold,hold,hold,hold,False,False,False,False,False,"confidence,risk",7,11,retained_v1_plus_zero_profile_confidence_and_declared_source_validation,10Y yield backdrop is restrictive for rate-sensitive risk.,hold,hold
2026-08-24,HIMS,long,stock,True,hold,hold,hold,hold,False,False,False,False,False,"confidence,risk",18,20,retained_v1_plus_zero_profile_confidence_and_declared_source_validation,10Y yield backdrop is restrictive for rate-sensitive risk.,hold,hold
2026-08-24,META,short,stock,True,hold,hold,hold,hold,False,False,True,False,False,"confidence,risk",10,16,fixed_stock_short_v2_rebuild,"v2_location,primary_moving_average_structure_remains_bearish,relative_strength_is_lagging_its_relevant_benchmarks",hold,hold
2026-08-24,META,mid,stock,True,hold,hold,hold,hold,False,False,False,False,False,"confidence,risk",2,6,retained_v1_plus_zero_profile_confidence_and_declared_source_validation,"Primary moving-average structure remains bearish.,Primary MACD structure still confirms downside momentum.,OBV or price-volume behavior indicates distribution.,Relative Strength is lagging its relevant benchmarks.,Trend is weak, but price has not entered a reduce zone or confirmed a breakdown.",hold,hold
2026-08-24,META,long,stock,True,hold,hold,hold,hold,False,False,False,False,False,"confidence,risk",19,21,retained_v1_plus_zero_profile_confidence_and_declared_source_validation,"Relative Strength is lagging its relevant benchmarks.,Primary MACD structure still confirms downside momentum.,OBV or price-volume behavior indicates distribution.,Primary moving-average structure remains bearish.,Price is near the opportunity range but has not entered the recommended buy/add zone.",hold,hold
2026-08-24,MPT,short,stock,True,hold,hold,hold,hold,False,False,False,False,False,"confidence,risk",0,6,fixed_stock_short_v2_rebuild,"v2_entry_unconfirmed,primary_moving_average_structure_remains_bearish,relative_strength_is_lagging_its_relevant_benchmarks",hold,hold
2026-08-24,MPT,mid,stock,True,sell,sell,sell,sell,False,False,False,False,False,"confidence,risk",12,16,retained_v1_plus_zero_profile_confidence_and_declared_source_validation,"Primary moving-average structure remains bearish.,Relative Strength is lagging its relevant benchmarks.,OBV or price-volume behavior indicates distribution.,Primary MACD structure still confirms downside momentum.,A confirmed breakdown has invalidated the prior opportunity structure; exit is anchored near the current executable area.",sell,sell
2026-08-24,MPT,long,stock,True,sell,sell,sell,sell,False,False,False,False,False,"confidence,risk",16,18,retained_v1_plus_zero_profile_confidence_and_declared_source_validation,"Relative Strength is lagging its relevant benchmarks.,Primary MACD structure still confirms downside momentum.,Primary moving-average structure remains bearish.,OBV or price-volume behavior indicates distribution.,Price is extended into layered resistance rather than support.",sell,sell
2026-08-24,MSFT,short,stock,True,hold,hold,hold,hold,False,False,True,False,False,"confidence,risk",0,6,fixed_stock_short_v2_rebuild,v2_location,hold,hold
2026-08-24,MSFT,mid,stock,True,hold,hold,hold,hold,False,False,False,False,False,"confidence,risk",10,14,retained_v1_plus_zero_profile_confidence_and_declared_source_validation,"Primary MACD structure still confirms downside momentum.,10Y yield backdrop is restrictive for rate-sensitive risk.",hold,hold
2026-08-24,MSFT,long,stock,True,hold,hold,hold,hold,False,False,False,False,False,"confidence,risk",10,12,retained_v1_plus_zero_profile_confidence_and_declared_source_validation,"OBV or price-volume behavior indicates distribution.,10Y yield backdrop is restrictive for rate-sensitive risk.",hold,hold
2026-08-24,MU,short,stock,True,trim,trim,trim,trim,False,False,True,False,False,"confidence,risk",3,9,fixed_stock_short_v2_rebuild,v2_weak_resistance,trim,trim
2026-08-24,MU,mid,stock,True,accumulate,accumulate,accumulate,accumulate,False,False,False,False,False,"confidence,risk",6,10,retained_v1_plus_zero_profile_confidence_and_declared_source_validation,"OBV or price-volume behavior indicates distribution.,Upside is extended and marginal momentum/participation is weakening.,10Y yield backdrop is restrictive for rate-sensitive risk.",accumulate,accumulate
2026-08-24,MU,long,stock,True,hold,hold,hold,hold,False,False,False,False,False,"confidence,risk",28,30,retained_v1_plus_zero_profile_confidence_and_declared_source_validation,"OBV or price-volume behavior indicates distribution.,Primary MACD structure still confirms downside momentum.,Upside is extended and marginal momentum/participation is weakening.,10Y yield backdrop is restrictive for rate-sensitive risk.",hold,hold
2026-08-24,NFLX,short,stock,True,hold,hold,hold,hold,False,False,True,False,False,"confidence,risk",0,6,fixed_stock_short_v2_rebuild,v2_trend_resistance,hold,hold
2026-08-24,NFLX,mid,stock,True,hold,hold,hold,hold,False,False,False,False,False,"confidence,risk",1,5,retained_v1_plus_zero_profile_confidence_and_declared_source_validation,"Primary moving-average structure remains bearish.,Price is approaching the reduce range but has not entered the recommended reduce/exit zone.,10Y yield backdrop is restrictive for rate-sensitive risk.",hold,hold
2026-08-24,NFLX,long,stock,True,hold,hold,hold,hold,False,False,False,False,False,"confidence,risk",6,8,retained_v1_plus_zero_profile_confidence_and_declared_source_validation,"Relative Strength is lagging its relevant benchmarks.,Primary moving-average structure remains bearish.,OBV or price-volume behavior indicates distribution.,Current price is in the neutral space between actionable price zones.,10Y yield backdrop is restrictive for rate-sensitive risk.",hold,hold
2026-08-24,NOK,short,stock,True,hold,hold,trim,trim,False,False,False,False,False,"confidence,risk",1,7,fixed_stock_short_v2_rebuild,"v2_weak_resistance,primary_moving_average_structure_remains_bearish",hold,hold
2026-08-24,NOK,mid,stock,True,hold,hold,hold,hold,False,False,False,False,False,"confidence,risk",4,8,retained_v1_plus_zero_profile_confidence_and_declared_source_validation,"Relative Strength is lagging its relevant benchmarks.,Primary moving-average structure remains bearish.,Trend is weak, but price has not entered a reduce zone or confirmed a breakdown.,10Y yield backdrop is restrictive for rate-sensitive risk.",hold,hold
2026-08-24,NOK,long,stock,True,hold,hold,hold,hold,False,False,False,False,False,"confidence,risk",84,86,retained_v1_plus_zero_profile_confidence_and_declared_source_validation,"Volatility or extension risk is elevated.,OBV or price-volume behavior indicates distribution.,Primary MACD structure still confirms downside momentum.,Current price is in the neutral space between actionable price zones.,10Y yield backdrop is restrictive for rate-sensitive risk.",hold,hold
2026-08-24,NOW,short,stock,True,hold,hold,hold,hold,False,False,True,False,False,"confidence,risk",1,7,fixed_stock_short_v2_rebuild,v2_trend_resistance,hold,hold
2026-08-24,NOW,mid,stock,True,hold,hold,hold,hold,False,False,False,False,False,"confidence,risk",6,10,retained_v1_plus_zero_profile_confidence_and_declared_source_validation,10Y yield backdrop is restrictive for rate-sensitive risk.,hold,hold
2026-08-24,NOW,long,stock,True,hold,hold,hold,hold,False,False,False,False,False,"confidence,risk",19,21,retained_v1_plus_zero_profile_confidence_and_declared_source_validation,"OBV or price-volume behavior indicates distribution.,Price is extended into layered resistance rather than support.,10Y yield backdrop is restrictive for rate-sensitive risk.",hold,hold
2026-08-24,NVDA,short,stock,True,hold,hold,hold,hold,False,False,True,False,False,"confidence,risk",41,47,fixed_stock_short_v2_rebuild,"v2_event,primary_moving_average_structure_remains_bearish",hold,hold
2026-08-24,NVDA,mid,stock,True,hold,hold,hold,hold,False,False,False,False,False,"confidence,risk",24,28,retained_v1_plus_zero_profile_confidence_and_declared_source_validation,"OBV or price-volume behavior indicates distribution.,Primary MACD structure still confirms downside momentum.,Upside is extended and marginal momentum/participation is weakening.,Current price is in the neutral space between actionable price zones.,10Y yield backdrop is restrictive for rate-sensitive risk.",hold,hold
2026-08-24,NVDA,long,stock,True,hold,hold,hold,hold,False,False,False,False,False,confidence,24,24,retained_v1_plus_zero_profile_confidence_and_declared_source_validation,"10Y yield backdrop is restrictive for rate-sensitive risk.,Earnings proximity raises event uncertainty.",hold,hold
2026-08-24,ORCL,short,stock,True,hold,hold,hold,hold,False,False,True,False,False,"confidence,risk",1,7,fixed_stock_short_v2_rebuild,v2_trend_resistance,hold,hold
2026-08-24,ORCL,mid,stock,True,hold,hold,hold,hold,False,False,False,False,False,"confidence,risk",3,7,retained_v1_plus_zero_profile_confidence_and_declared_source_validation,"Relative Strength is lagging its relevant benchmarks.,Primary moving-average structure remains bearish.,Current price is in the neutral space between actionable price zones.,10Y yield backdrop is restrictive for rate-sensitive risk.",hold,hold
2026-08-24,ORCL,long,stock,True,hold,hold,hold,hold,False,False,False,False,False,"confidence,risk",19,21,retained_v1_plus_zero_profile_confidence_and_declared_source_validation,"Primary moving-average structure remains bearish.,Relative Strength is lagging its relevant benchmarks.,OBV or price-volume behavior indicates distribution.,Primary MACD structure still confirms downside momentum.,Trend is weak, but price has not entered a reduce zone or confirmed a breakdown.",hold,hold
2026-08-24,PLTR,short,stock,True,hold,hold,hold,hold,False,False,True,False,False,"confidence,risk",1,7,fixed_stock_short_v2_rebuild,v2_entry_unconfirmed,hold,hold
2026-08-24,PLTR,mid,stock,True,hold,hold,hold,hold,False,False,False,False,False,"confidence,risk",12,16,retained_v1_plus_zero_profile_confidence_and_declared_source_validation,10Y yield backdrop is restrictive for rate-sensitive risk.,hold,hold
2026-08-24,PLTR,long,stock,True,hold,hold,hold,hold,False,False,False,False,False,"confidence,risk",14,16,retained_v1_plus_zero_profile_confidence_and_declared_source_validation,10Y yield backdrop is restrictive for rate-sensitive risk.,hold,hold
2026-08-24,QQQ,short,ETF,True,accumulate,accumulate,accumulate,accumulate,False,False,True,False,False,"confidence,risk",6,12,retained_v1_plus_zero_profile_confidence_and_declared_source_validation,"Primary MACD structure still confirms downside momentum.,OBV or price-volume behavior indicates distribution.,Primary moving-average structure remains bearish.,10Y yield backdrop is restrictive for rate-sensitive risk.",accumulate,accumulate
2026-08-24,QQQ,mid,ETF,True,hold,hold,hold,hold,False,False,False,False,False,"confidence,risk",3,7,retained_v1_plus_zero_profile_confidence_and_declared_source_validation,"OBV or price-volume behavior indicates distribution.,Primary MACD structure still confirms downside momentum.,Relative Strength is lagging its relevant benchmarks.,Price is extended into layered resistance rather than support.,Upside is extended and marginal momentum/participation is weakening.",hold,hold
2026-08-24,QQQ,long,ETF,True,hold,hold,hold,hold,False,False,False,False,False,"confidence,risk",12,14,retained_v1_plus_zero_profile_confidence_and_declared_source_validation,"Current price is in the neutral space between actionable price zones.,10Y yield backdrop is restrictive for rate-sensitive risk.",hold,hold
2026-08-24,SOFI,short,stock,True,accumulate,accumulate,hold,hold,False,False,False,False,False,"confidence,risk",1,7,fixed_stock_short_v2_rebuild,v2_location,accumulate,accumulate
2026-08-24,SOFI,mid,stock,True,accumulate,accumulate,accumulate,accumulate,False,False,False,False,False,"confidence,risk",3,7,retained_v1_plus_zero_profile_confidence_and_declared_source_validation,"OBV or price-volume behavior indicates distribution.,10Y yield backdrop is restrictive for rate-sensitive risk.",accumulate,accumulate
2026-08-24,SOFI,long,stock,True,hold,hold,hold,hold,False,False,False,False,False,"confidence,risk",18,21,retained_v1_plus_zero_profile_confidence_and_declared_source_validation,"OBV or price-volume behavior indicates distribution.,Relative Strength is lagging its relevant benchmarks.,Current price is in the neutral space between actionable price zones.,10Y yield backdrop is restrictive for rate-sensitive risk.",hold,hold
2026-08-24,SOXL,short,ETF,True,hold,hold,hold,hold,False,False,True,False,False,"confidence,risk",6,12,retained_v1_plus_zero_profile_confidence_and_declared_source_validation,"Primary MACD structure still confirms downside momentum.,Primary moving-average structure remains bearish.,Relative Strength is lagging its relevant benchmarks.,OBV or price-volume behavior indicates distribution.,Price is extended into layered resistance rather than support.",hold,hold
2026-08-24,SOXL,mid,ETF,True,hold,hold,hold,hold,False,False,False,False,False,"confidence,risk",18,22,retained_v1_plus_zero_profile_confidence_and_declared_source_validation,"Relative Strength is lagging its relevant benchmarks.,Primary moving-average structure remains bearish.,OBV or price-volume behavior indicates distribution.,Primary MACD structure still confirms downside momentum.,Trend is weak, but price has not entered a reduce zone or confirmed a breakdown.",hold,hold
2026-08-24,SOXL,long,ETF,True,hold,hold,hold,hold,False,False,False,False,False,"confidence,risk",89,91,retained_v1_plus_zero_profile_confidence_and_declared_source_validation,"Volatility or extension risk is elevated.,OBV or price-volume behavior indicates distribution.,Primary MACD structure still confirms downside momentum.,Upside is extended and marginal momentum/participation is weakening.,Current price is in the neutral space between actionable price zones.",hold,hold
2026-08-24,SOXS,short,ETF,True,hold,hold,hold,hold,False,False,True,False,False,"confidence,risk",6,12,retained_v1_plus_zero_profile_confidence_and_declared_source_validation,"Relative Strength is lagging its relevant benchmarks.,10Y yield backdrop is restrictive for rate-sensitive risk.",hold,hold
2026-08-24,SOXS,mid,ETF,True,hold,hold,hold,hold,False,False,False,False,False,"confidence,risk",42,46,retained_v1_plus_zero_profile_confidence_and_declared_source_validation,"Primary moving-average structure remains bearish.,Relative Strength is lagging its relevant benchmarks.,Trend is weak, but price has not entered a reduce zone or confirmed a breakdown.,10Y yield backdrop is restrictive for rate-sensitive risk.",hold,hold
2026-08-24,SOXS,long,ETF,True,hold,hold,hold,hold,False,False,False,False,False,"confidence,risk",27,29,retained_v1_plus_zero_profile_confidence_and_declared_source_validation,"Relative Strength is lagging its relevant benchmarks.,Primary moving-average structure remains bearish.,Price is near the opportunity range but has not entered the recommended buy/add zone.,10Y yield backdrop is restrictive for rate-sensitive risk.",hold,hold
2026-08-24,SPCX,short,stock,True,hold,hold,hold,hold,False,False,True,False,False,"confidence,risk",3,9,fixed_stock_short_v2_rebuild,v2_entry_unconfirmed,hold,hold
2026-08-24,SPCX,mid,stock,True,hold,hold,hold,hold,False,False,False,False,False,"confidence,risk",6,10,retained_v1_plus_zero_profile_confidence_and_declared_source_validation,"Primary moving-average structure remains bearish.,Price is approaching the reduce range but has not entered the recommended reduce/exit zone.,10Y yield backdrop is restrictive for rate-sensitive risk.",hold,hold
2026-08-24,SPCX,long,stock,True,avoid,avoid,avoid,avoid,False,False,False,False,False,"confidence,risk",0,2,retained_v1_plus_zero_profile_confidence_and_declared_source_validation,"Primary moving-average structure remains bearish.,Price landscape quality is insufficient for an actionable recommendation.,10Y yield backdrop is restrictive for rate-sensitive risk.",avoid,avoid
2026-08-24,SPMO,short,ETF,True,hold,hold,hold,hold,False,False,True,False,False,"confidence,risk",3,9,retained_v1_plus_zero_profile_confidence_and_declared_source_validation,"Primary MACD structure still confirms downside momentum.,Primary moving-average structure remains bearish.,OBV or price-volume behavior indicates distribution.,Price is extended into layered resistance rather than support.,Price is near the opportunity range but has not entered the recommended buy/add zone.",hold,hold
2026-08-24,SPMO,mid,ETF,True,accumulate,accumulate,accumulate,accumulate,False,False,False,False,False,"confidence,risk",1,5,retained_v1_plus_zero_profile_confidence_and_declared_source_validation,"OBV or price-volume behavior indicates distribution.,Primary MACD structure still confirms downside momentum.,Upside is extended and marginal momentum/participation is weakening.,10Y yield backdrop is restrictive for rate-sensitive risk.",accumulate,accumulate
2026-08-24,SPMO,long,ETF,True,hold,hold,hold,hold,False,False,False,False,False,"confidence,risk",14,16,retained_v1_plus_zero_profile_confidence_and_declared_source_validation,"OBV or price-volume behavior indicates distribution.,Primary MACD structure still confirms downside momentum.,Upside is extended and marginal momentum/participation is weakening.,Current price is in the neutral space between actionable price zones.,10Y yield backdrop is restrictive for rate-sensitive risk.",hold,hold
2026-08-24,SQQQ,short,ETF,True,hold,hold,hold,hold,False,False,False,False,False,"confidence,risk",9,15,retained_v1_plus_zero_profile_confidence_and_declared_source_validation,"Relative Strength is lagging its relevant benchmarks.,10Y yield backdrop is restrictive for rate-sensitive risk.",hold,hold
2026-08-24,SQQQ,mid,ETF,True,hold,hold,hold,hold,False,False,False,False,False,"confidence,risk",27,31,retained_v1_plus_zero_profile_confidence_and_declared_source_validation,"Primary moving-average structure remains bearish.,Current price is in the neutral space between actionable price zones.,10Y yield backdrop is restrictive for rate-sensitive risk.",hold,hold
2026-08-24,SQQQ,long,ETF,True,hold,hold,hold,hold,False,False,False,False,False,"confidence,risk",18,20,retained_v1_plus_zero_profile_confidence_and_declared_source_validation,"Relative Strength is lagging its relevant benchmarks.,Primary moving-average structure remains bearish.,OBV or price-volume behavior indicates distribution.,Price is near the opportunity range but has not entered the recommended buy/add zone.,10Y yield backdrop is restrictive for rate-sensitive risk.",hold,hold
2026-08-24,TEM,short,stock,True,hold,hold,accumulate,accumulate,False,False,True,False,False,"confidence,risk",11,17,fixed_stock_short_v2_rebuild,,hold,accumulate
2026-08-24,TEM,mid,stock,True,hold,hold,hold,hold,False,False,False,False,False,"confidence,risk",17,21,retained_v1_plus_zero_profile_confidence_and_declared_source_validation,10Y yield backdrop is restrictive for rate-sensitive risk.,hold,hold
2026-08-24,TEM,long,stock,True,hold,hold,hold,hold,False,False,False,False,False,"confidence,risk",34,36,retained_v1_plus_zero_profile_confidence_and_declared_source_validation,"Price is extended into layered resistance rather than support.,10Y yield backdrop is restrictive for rate-sensitive risk.",hold,hold
2026-08-24,TQQQ,short,ETF,True,hold,hold,hold,hold,False,False,True,False,False,"confidence,risk",9,15,retained_v1_plus_zero_profile_confidence_and_declared_source_validation,"Primary MACD structure still confirms downside momentum.,OBV or price-volume behavior indicates distribution.,Primary moving-average structure remains bearish.,Price is near the opportunity range but has not entered the recommended buy/add zone.,10Y yield backdrop is restrictive for rate-sensitive risk.",hold,hold
2026-08-24,TQQQ,mid,ETF,True,hold,hold,hold,hold,False,False,False,False,False,"confidence,risk",3,7,retained_v1_plus_zero_profile_confidence_and_declared_source_validation,"Relative Strength is lagging its relevant benchmarks.,OBV or price-volume behavior indicates distribution.,Primary MACD structure still confirms downside momentum.,Price is approaching the reduce range but has not entered the recommended reduce/exit zone.,10Y yield backdrop is restrictive for rate-sensitive risk.",hold,hold
2026-08-24,TQQQ,long,ETF,True,hold,hold,hold,hold,False,False,False,False,False,"confidence,risk",25,27,retained_v1_plus_zero_profile_confidence_and_declared_source_validation,"Current price is in the neutral space between actionable price zones.,10Y yield backdrop is restrictive for rate-sensitive risk.",hold,hold
2026-08-24,TSLA,short,stock,True,hold,hold,hold,hold,False,False,True,False,False,"confidence,risk",0,6,fixed_stock_short_v2_rebuild,v2_trend_resistance,hold,hold
2026-08-24,TSLA,mid,stock,True,trim,trim,trim,trim,False,False,False,False,False,"confidence,risk",2,6,retained_v1_plus_zero_profile_confidence_and_declared_source_validation,"Relative Strength is lagging its relevant benchmarks.,Primary moving-average structure remains bearish.,Current price has reached the reduce zone; reduce exposure rather than add.,10Y yield backdrop is restrictive for rate-sensitive risk.",trim,trim
2026-08-24,TSLA,long,stock,True,hold,hold,hold,hold,False,False,False,False,False,"confidence,risk",13,15,retained_v1_plus_zero_profile_confidence_and_declared_source_validation,"Relative Strength is lagging its relevant benchmarks.,Primary MACD structure still confirms downside momentum.,Primary moving-average structure remains bearish.,OBV or price-volume behavior indicates distribution.,Trend is weak, but price has not entered a reduce zone or confirmed a breakdown.",hold,hold
2026-08-24,TSM,short,stock,True,hold,hold,accumulate,accumulate,False,False,True,False,False,"confidence,risk",0,6,fixed_stock_short_v2_rebuild,primary_moving_average_structure_remains_bearish,hold,accumulate
2026-08-24,TSM,mid,stock,True,hold,hold,hold,hold,False,False,False,False,False,"confidence,risk",2,6,retained_v1_plus_zero_profile_confidence_and_declared_source_validation,"Primary MACD structure still confirms downside momentum.,Relative Strength is lagging its relevant benchmarks.,Current price is in the neutral space between actionable price zones.,10Y yield backdrop is restrictive for rate-sensitive risk.",hold,hold
2026-08-24,TSM,long,stock,True,hold,hold,hold,hold,False,False,False,False,False,"confidence,risk",16,18,retained_v1_plus_zero_profile_confidence_and_declared_source_validation,"Primary MACD structure still confirms downside momentum.,Current price is in the neutral space between actionable price zones.,10Y yield backdrop is restrictive for rate-sensitive risk.",hold,hold
2026-08-24,UNH,short,stock,True,hold,hold,trim,trim,False,False,True,False,False,"confidence,risk",20,26,fixed_stock_short_v2_rebuild,"v2_weak_resistance,primary_moving_average_structure_remains_bearish,relative_strength_is_lagging_its_relevant_benchmarks",hold,trim
2026-08-24,UNH,mid,stock,True,hold,hold,hold,hold,False,False,False,False,False,"confidence,risk",1,5,retained_v1_plus_zero_profile_confidence_and_declared_source_validation,"OBV or price-volume behavior indicates distribution.,Primary MACD structure still confirms downside momentum.,Trend is weak, but price has not entered a reduce zone or confirmed a breakdown.,10Y yield backdrop is restrictive for rate-sensitive risk.",hold,hold
2026-08-24,UNH,long,stock,True,accumulate,accumulate,accumulate,accumulate,False,False,False,False,False,"confidence,risk",4,6,retained_v1_plus_zero_profile_confidence_and_declared_source_validation,"OBV or price-volume behavior indicates distribution.,Primary MACD structure still confirms downside momentum.,Upside is extended and marginal momentum/participation is weakening.,10Y yield backdrop is restrictive for rate-sensitive risk.",accumulate,accumulate
2026-08-24,XE,short,stock,True,hold,hold,hold,hold,False,False,True,False,False,"confidence,risk",10,16,fixed_stock_short_v2_rebuild,"v2_location,primary_moving_average_structure_remains_bearish",hold,hold
2026-08-24,XE,mid,stock,True,hold,hold,hold,hold,False,False,False,False,False,"confidence,risk",10,14,retained_v1_plus_zero_profile_confidence_and_declared_source_validation,"Relative Strength is lagging its relevant benchmarks.,Primary moving-average structure remains bearish.,OBV or price-volume behavior indicates distribution.,Primary MACD structure still confirms downside momentum.,Trend is weak, but price has not entered a reduce zone or confirmed a breakdown.",hold,hold
2026-08-24,XE,long,stock,True,hold,hold,hold,hold,False,False,False,False,False,"confidence,risk",18,20,retained_v1_plus_zero_profile_confidence_and_declared_source_validation,"OBV or price-volume behavior indicates distribution.,Current price is in the neutral space between actionable price zones.,10Y yield backdrop is restrictive for rate-sensitive risk.",hold,hold
2026-08-24,ZETA,short,stock,True,hold,hold,accumulate,accumulate,False,False,False,False,False,"confidence,risk",1,7,fixed_stock_short_v2_rebuild,,hold,accumulate
2026-08-24,ZETA,mid,stock,True,hold,hold,hold,hold,False,False,False,False,False,"confidence,risk",11,15,retained_v1_plus_zero_profile_confidence_and_declared_source_validation,"Price is approaching the reduce range but has not entered the recommended reduce/exit zone.,10Y yield backdrop is restrictive for rate-sensitive risk.",hold,hold
2026-08-24,ZETA,long,stock,True,hold,hold,hold,hold,False,False,False,False,False,"confidence,risk",22,24,retained_v1_plus_zero_profile_confidence_and_declared_source_validation,10Y yield backdrop is restrictive for rate-sensitive risk.,hold,hold
2026-08-25,AAPL,short,stock,True,accumulate,accumulate,hold,hold,False,False,True,False,False,"confidence,risk",0,6,fixed_stock_short_v2_rebuild,"v2_entry_unconfirmed,relative_strength_is_lagging_its_relevant_benchmarks",accumulate,hold
2026-08-25,AAPL,mid,stock,True,hold,hold,hold,hold,False,False,False,False,False,"confidence,risk",0,4,retained_v1_plus_zero_profile_confidence_and_declared_source_validation,"OBV or price-volume behavior indicates distribution.,Primary MACD structure still confirms downside momentum.,Current price is in the neutral space between actionable price zones.,10Y yield backdrop is restrictive for rate-sensitive risk.",hold,hold
2026-08-25,AAPL,long,stock,True,accumulate,accumulate,accumulate,accumulate,False,False,False,False,False,"confidence,risk",9,11,retained_v1_plus_zero_profile_confidence_and_declared_source_validation,"OBV or price-volume behavior indicates distribution.,Upside is extended and marginal momentum/participation is weakening.,10Y yield backdrop is restrictive for rate-sensitive risk.",accumulate,accumulate
2026-08-25,AMD,short,stock,True,hold,hold,hold,hold,False,False,True,False,False,"confidence,risk",4,10,fixed_stock_short_v2_rebuild,"v2_location,primary_moving_average_structure_remains_bearish",hold,hold
2026-08-25,AMD,mid,stock,True,hold,hold,hold,hold,False,False,False,False,False,"confidence,risk",4,8,retained_v1_plus_zero_profile_confidence_and_declared_source_validation,"Primary MACD structure still confirms downside momentum.,Relative Strength is lagging its relevant benchmarks.,Current price is in the neutral space between actionable price zones.,10Y yield backdrop is restrictive for rate-sensitive risk.",hold,hold
2026-08-25,AMD,long,stock,True,accumulate,accumulate,accumulate,accumulate,False,False,False,False,False,"confidence,risk",88,90,retained_v1_plus_zero_profile_confidence_and_declared_source_validation,"Volatility or extension risk is elevated.,OBV or price-volume behavior indicates distribution.,Primary MACD structure still confirms downside momentum.,Upside is extended and marginal momentum/participation is weakening.,10Y yield backdrop is restrictive for rate-sensitive risk.",accumulate,accumulate
2026-08-25,AMZN,short,stock,True,hold,hold,hold,hold,False,False,True,False,False,"confidence,risk",0,6,fixed_stock_short_v2_rebuild,v2_entry_unconfirmed,hold,hold
2026-08-25,AMZN,mid,stock,True,accumulate,accumulate,accumulate,accumulate,False,False,False,False,False,"confidence,risk",1,5,retained_v1_plus_zero_profile_confidence_and_declared_source_validation,"OBV or price-volume behavior indicates distribution.,Primary MACD structure still confirms downside momentum.,Price is extended into layered resistance rather than support.,Upside is extended and marginal momentum/participation is weakening.,10Y yield backdrop is restrictive for rate-sensitive risk.",accumulate,accumulate
2026-08-25,AMZN,long,stock,True,hold,hold,hold,hold,False,False,False,False,False,"confidence,risk",11,13,retained_v1_plus_zero_profile_confidence_and_declared_source_validation,"OBV or price-volume behavior indicates distribution.,10Y yield backdrop is restrictive for rate-sensitive risk.",hold,hold
2026-08-25,BABA,short,stock,True,hold,hold,hold,hold,False,False,True,False,False,"confidence,risk",9,15,fixed_stock_short_v2_rebuild,"v2_location,primary_moving_average_structure_remains_bearish",hold,hold
2026-08-25,BABA,mid,stock,True,hold,hold,hold,hold,False,False,False,False,False,"confidence,risk",2,6,retained_v1_plus_zero_profile_confidence_and_declared_source_validation,"Primary MACD structure still confirms downside momentum.,Price is extended into layered resistance rather than support.,Trend is weak, but price has not entered a reduce zone or confirmed a breakdown.,10Y yield backdrop is restrictive for rate-sensitive risk.",hold,hold
2026-08-25,BABA,long,stock,True,hold,hold,hold,hold,False,False,False,False,False,"confidence,risk",15,17,retained_v1_plus_zero_profile_confidence_and_declared_source_validation,"Relative Strength is lagging its relevant benchmarks.,OBV or price-volume behavior indicates distribution.,Primary moving-average structure remains bearish.,Current price is in the neutral space between actionable price zones.,10Y yield backdrop is restrictive for rate-sensitive risk.",hold,hold
2026-08-25,CRCL,short,stock,True,hold,hold,hold,hold,False,False,True,False,False,"confidence,risk",29,35,fixed_stock_short_v2_rebuild,v2_location,hold,hold
2026-08-25,CRCL,mid,stock,True,hold,hold,hold,hold,False,False,False,False,False,"confidence,risk",9,13,retained_v1_plus_zero_profile_confidence_and_declared_source_validation,"Relative Strength is lagging its relevant benchmarks.,10Y yield backdrop is restrictive for rate-sensitive risk.",hold,hold
2026-08-25,CRCL,long,stock,True,hold,hold,hold,hold,False,False,False,False,False,"confidence,risk",18,20,retained_v1_plus_zero_profile_confidence_and_declared_source_validation,"Relative Strength is lagging its relevant benchmarks.,Current price is in the neutral space between actionable price zones.,10Y yield backdrop is restrictive for rate-sensitive risk.",hold,hold
2026-08-25,FFAI,short,stock,True,hold,hold,hold,hold,False,False,False,False,False,"confidence,risk",42,48,fixed_stock_short_v2_rebuild,"v2_entry_unconfirmed,primary_moving_average_structure_remains_bearish,relative_strength_is_lagging_its_relevant_benchmarks",hold,hold
2026-08-25,FFAI,mid,stock,True,hold,hold,hold,hold,False,False,False,False,True,"confidence,landscape,risk",23,27,retained_v1_plus_zero_profile_confidence_and_declared_source_validation,"Primary MACD structure still confirms downside momentum.,Current price is in the neutral space between actionable price zones.,10Y yield backdrop is restrictive for rate-sensitive risk.",hold,hold
2026-08-25,FFAI,long,stock,True,hold,hold,hold,hold,False,False,False,False,False,"confidence,risk",23,25,retained_v1_plus_zero_profile_confidence_and_declared_source_validation,"OBV or price-volume behavior indicates distribution.,Upside is extended and marginal momentum/participation is weakening.,10Y yield backdrop is restrictive for rate-sensitive risk.",hold,hold
2026-08-25,GEV,short,stock,True,hold,hold,hold,hold,False,False,True,False,False,"confidence,risk",9,15,fixed_stock_short_v2_rebuild,"v2_entry_unconfirmed,primary_moving_average_structure_remains_bearish,relative_strength_is_lagging_its_relevant_benchmarks",hold,hold
2026-08-25,GEV,mid,stock,True,hold,hold,hold,hold,False,False,False,False,False,"confidence,risk",4,8,retained_v1_plus_zero_profile_confidence_and_declared_source_validation,"Primary MACD structure still confirms downside momentum.,OBV or price-volume behavior indicates distribution.,Primary moving-average structure remains bearish.,Relative Strength is lagging its relevant benchmarks.,Trend is weak, but price has not entered a reduce zone or confirmed a breakdown.",hold,hold
2026-08-25,GEV,long,stock,True,accumulate,accumulate,accumulate,accumulate,False,False,False,False,False,"confidence,risk",84,86,retained_v1_plus_zero_profile_confidence_and_declared_source_validation,"Volatility or extension risk is elevated.,OBV or price-volume behavior indicates distribution.,Primary MACD structure still confirms downside momentum.,Upside is extended and marginal momentum/participation is weakening.,10Y yield backdrop is restrictive for rate-sensitive risk.",accumulate,accumulate
2026-08-25,GOOGL,short,stock,True,hold,hold,trim,trim,False,False,True,False,False,"confidence,risk",0,6,fixed_stock_short_v2_rebuild,v2_weak_resistance,hold,trim
2026-08-25,GOOGL,mid,stock,True,trim,trim,trim,trim,False,False,False,False,False,"confidence,risk",1,5,retained_v1_plus_zero_profile_confidence_and_declared_source_validation,"Primary moving-average structure remains bearish.,Relative Strength is lagging its relevant benchmarks.,Current price has reached the reduce zone; reduce exposure rather than add.,10Y yield backdrop is restrictive for rate-sensitive risk.",trim,trim
2026-08-25,GOOGL,long,stock,True,hold,hold,hold,hold,False,False,False,False,False,"confidence,risk",16,18,retained_v1_plus_zero_profile_confidence_and_declared_source_validation,"OBV or price-volume behavior indicates distribution.,Primary MACD structure still confirms downside momentum.,Price is near the opportunity range but has not entered the recommended buy/add zone.,10Y yield backdrop is restrictive for rate-sensitive risk.",hold,hold
2026-08-25,HIMS,short,stock,True,hold,hold,accumulate,accumulate,False,False,True,False,False,"confidence,risk",3,9,fixed_stock_short_v2_rebuild,,hold,accumulate
2026-08-25,HIMS,mid,stock,True,hold,hold,hold,hold,False,False,False,False,False,"confidence,risk",6,10,retained_v1_plus_zero_profile_confidence_and_declared_source_validation,10Y yield backdrop is restrictive for rate-sensitive risk.,hold,hold
2026-08-25,HIMS,long,stock,True,hold,hold,hold,hold,False,False,False,False,False,"confidence,risk",18,20,retained_v1_plus_zero_profile_confidence_and_declared_source_validation,10Y yield backdrop is restrictive for rate-sensitive risk.,hold,hold
2026-08-25,META,short,stock,True,hold,hold,hold,hold,False,False,True,False,False,"confidence,risk",20,26,fixed_stock_short_v2_rebuild,"v2_location,primary_moving_average_structure_remains_bearish",hold,hold
2026-08-25,META,mid,stock,True,hold,hold,hold,hold,False,False,False,False,False,"confidence,risk",2,6,retained_v1_plus_zero_profile_confidence_and_declared_source_validation,"Primary moving-average structure remains bearish.,Primary MACD structure still confirms downside momentum.,Relative Strength is lagging its relevant benchmarks.,Trend is weak, but price has not entered a reduce zone or confirmed a breakdown.,10Y yield backdrop is restrictive for rate-sensitive risk.",hold,hold
2026-08-25,META,long,stock,True,hold,hold,hold,hold,False,False,False,False,False,"confidence,risk",19,21,retained_v1_plus_zero_profile_confidence_and_declared_source_validation,"Relative Strength is lagging its relevant benchmarks.,Primary MACD structure still confirms downside momentum.,OBV or price-volume behavior indicates distribution.,Primary moving-average structure remains bearish.,Price is near the opportunity range but has not entered the recommended buy/add zone.",hold,hold
2026-08-25,MPT,short,stock,True,hold,hold,hold,hold,False,False,False,False,False,"confidence,risk",0,6,fixed_stock_short_v2_rebuild,"v2_entry_unconfirmed,primary_moving_average_structure_remains_bearish,relative_strength_is_lagging_its_relevant_benchmarks",hold,hold
2026-08-25,MPT,mid,stock,True,hold,hold,hold,hold,False,False,False,False,False,"confidence,risk",13,17,retained_v1_plus_zero_profile_confidence_and_declared_source_validation,"Primary moving-average structure remains bearish.,Relative Strength is lagging its relevant benchmarks.,OBV or price-volume behavior indicates distribution.,Primary MACD structure still confirms downside momentum.,Price is near the opportunity range but has not entered the recommended buy/add zone.",hold,hold
2026-08-25,MPT,long,stock,True,sell,sell,sell,sell,False,False,False,False,False,"confidence,risk",16,18,retained_v1_plus_zero_profile_confidence_and_declared_source_validation,"Relative Strength is lagging its relevant benchmarks.,Primary MACD structure still confirms downside momentum.,Primary moving-average structure remains bearish.,OBV or price-volume behavior indicates distribution.,Price is extended into layered resistance rather than support.",sell,sell
2026-08-25,MSFT,short,stock,True,accumulate,accumulate,buy,buy,False,False,True,False,False,"confidence,risk",20,26,fixed_stock_short_v2_rebuild,,accumulate,buy
2026-08-25,MSFT,mid,stock,True,hold,hold,hold,hold,False,False,False,False,False,"confidence,risk",20,24,retained_v1_plus_zero_profile_confidence_and_declared_source_validation,"Primary MACD structure still confirms downside momentum.,Price is near the opportunity range but has not entered the recommended buy/add zone.,10Y yield backdrop is restrictive for rate-sensitive risk.",hold,hold
2026-08-25,MSFT,long,stock,True,hold,hold,hold,hold,False,False,False,False,False,"confidence,risk",11,13,retained_v1_plus_zero_profile_confidence_and_declared_source_validation,"OBV or price-volume behavior indicates distribution.,10Y yield backdrop is restrictive for rate-sensitive risk.",hold,hold
2026-08-25,MU,short,stock,True,hold,hold,hold,hold,False,False,True,False,False,"confidence,risk",2,8,fixed_stock_short_v2_rebuild,v2_entry_unconfirmed,hold,hold
2026-08-25,MU,mid,stock,True,accumulate,accumulate,accumulate,accumulate,False,False,False,False,False,"confidence,risk",6,10,retained_v1_plus_zero_profile_confidence_and_declared_source_validation,"Relative Strength is lagging its relevant benchmarks.,10Y yield backdrop is restrictive for rate-sensitive risk.",accumulate,accumulate
2026-08-25,MU,long,stock,True,hold,hold,hold,hold,False,False,False,False,False,"confidence,risk",28,30,retained_v1_plus_zero_profile_confidence_and_declared_source_validation,"OBV or price-volume behavior indicates distribution.,Primary MACD structure still confirms downside momentum.,Upside is extended and marginal momentum/participation is weakening.,10Y yield backdrop is restrictive for rate-sensitive risk.",hold,hold
2026-08-25,NFLX,short,stock,True,hold,hold,strong_buy,strong_buy,False,False,True,False,False,"confidence,risk",4,10,fixed_stock_short_v2_rebuild,,hold,accumulate
2026-08-25,NFLX,mid,stock,True,hold,hold,hold,hold,False,False,False,False,False,"confidence,risk",5,9,retained_v1_plus_zero_profile_confidence_and_declared_source_validation,10Y yield backdrop is restrictive for rate-sensitive risk.,hold,hold
2026-08-25,NFLX,long,stock,True,hold,hold,hold,hold,False,False,False,False,False,"confidence,risk",6,8,retained_v1_plus_zero_profile_confidence_and_declared_source_validation,"Relative Strength is lagging its relevant benchmarks.,Primary moving-average structure remains bearish.,OBV or price-volume behavior indicates distribution.,Current price is in the neutral space between actionable price zones.,10Y yield backdrop is restrictive for rate-sensitive risk.",hold,hold
2026-08-25,NOK,short,stock,True,hold,hold,hold,hold,False,False,False,False,False,"confidence,risk",1,7,fixed_stock_short_v2_rebuild,v2_location,hold,hold
2026-08-25,NOK,mid,stock,True,hold,hold,hold,hold,False,False,False,False,False,"confidence,risk",4,8,retained_v1_plus_zero_profile_confidence_and_declared_source_validation,"Relative Strength is lagging its relevant benchmarks.,Primary moving-average structure remains bearish.,Current price is in the neutral space between actionable price zones.,10Y yield backdrop is restrictive for rate-sensitive risk.",hold,hold
2026-08-25,NOK,long,stock,True,hold,hold,hold,hold,False,False,False,False,False,"confidence,risk",84,86,retained_v1_plus_zero_profile_confidence_and_declared_source_validation,"Volatility or extension risk is elevated.,OBV or price-volume behavior indicates distribution.,Primary MACD structure still confirms downside momentum.,Current price is in the neutral space between actionable price zones.,10Y yield backdrop is restrictive for rate-sensitive risk.",hold,hold
2026-08-25,NOW,short,stock,True,hold,hold,hold,hold,False,False,True,False,False,"confidence,risk",1,7,fixed_stock_short_v2_rebuild,v2_location,hold,hold
2026-08-25,NOW,mid,stock,True,hold,hold,hold,hold,False,False,False,False,False,"confidence,risk",5,9,retained_v1_plus_zero_profile_confidence_and_declared_source_validation,10Y yield backdrop is restrictive for rate-sensitive risk.,hold,hold
2026-08-25,NOW,long,stock,True,hold,hold,hold,hold,False,False,False,False,False,"confidence,risk",19,21,retained_v1_plus_zero_profile_confidence_and_declared_source_validation,"OBV or price-volume behavior indicates distribution.,Price is extended into layered resistance rather than support.,10Y yield backdrop is restrictive for rate-sensitive risk.",hold,hold
2026-08-25,NVDA,short,stock,True,hold,hold,accumulate,accumulate,False,False,True,False,False,"confidence,risk",0,6,fixed_stock_short_v2_rebuild,,hold,accumulate
2026-08-25,NVDA,mid,stock,True,accumulate,accumulate,accumulate,accumulate,False,False,False,False,False,"confidence,risk",3,7,retained_v1_plus_zero_profile_confidence_and_declared_source_validation,"OBV or price-volume behavior indicates distribution.,Primary MACD structure still confirms downside momentum.,Price is extended into layered resistance rather than support.,Upside is extended and marginal momentum/participation is weakening.,10Y yield backdrop is restrictive for rate-sensitive risk.",accumulate,accumulate
2026-08-25,NVDA,long,stock,True,hold,hold,hold,hold,False,False,False,False,False,"confidence,risk",6,8,retained_v1_plus_zero_profile_confidence_and_declared_source_validation,10Y yield backdrop is restrictive for rate-sensitive risk.,hold,hold
2026-08-25,ORCL,short,stock,True,hold,hold,hold,hold,False,False,True,False,False,"confidence,risk",1,7,fixed_stock_short_v2_rebuild,v2_trend_resistance,hold,hold
2026-08-25,ORCL,mid,stock,True,hold,hold,hold,hold,False,False,False,False,False,"confidence,risk",3,7,retained_v1_plus_zero_profile_confidence_and_declared_source_validation,"Relative Strength is lagging its relevant benchmarks.,Primary moving-average structure remains bearish.,Current price is in the neutral space between actionable price zones.,10Y yield backdrop is restrictive for rate-sensitive risk.",hold,hold
2026-08-25,ORCL,long,stock,True,hold,hold,hold,hold,False,False,False,False,False,"confidence,risk",19,21,retained_v1_plus_zero_profile_confidence_and_declared_source_validation,"Primary moving-average structure remains bearish.,Relative Strength is lagging its relevant benchmarks.,OBV or price-volume behavior indicates distribution.,Primary MACD structure still confirms downside momentum.,Trend is weak, but price has not entered a reduce zone or confirmed a breakdown.",hold,hold
2026-08-25,PLTR,short,stock,True,accumulate,accumulate,hold,hold,False,False,True,False,False,"confidence,risk",1,7,fixed_stock_short_v2_rebuild,v2_trend_resistance,accumulate,hold
2026-08-25,PLTR,mid,stock,True,hold,hold,hold,hold,False,False,False,False,False,"confidence,risk",9,13,retained_v1_plus_zero_profile_confidence_and_declared_source_validation,10Y yield backdrop is restrictive for rate-sensitive risk.,hold,hold
2026-08-25,PLTR,long,stock,True,hold,hold,hold,hold,False,False,False,False,False,"confidence,risk",14,16,retained_v1_plus_zero_profile_confidence_and_declared_source_validation,10Y yield backdrop is restrictive for rate-sensitive risk.,hold,hold
2026-08-25,QQQ,short,ETF,True,hold,hold,hold,hold,False,False,True,False,False,"confidence,risk",0,6,retained_v1_plus_zero_profile_confidence_and_declared_source_validation,"Primary MACD structure still confirms downside momentum.,Trend is weak, but price has not entered a reduce zone or confirmed a breakdown.,10Y yield backdrop is restrictive for rate-sensitive risk.",hold,hold
2026-08-25,QQQ,mid,ETF,True,accumulate,accumulate,accumulate,accumulate,False,False,False,False,False,"confidence,risk",0,4,retained_v1_plus_zero_profile_confidence_and_declared_source_validation,"OBV or price-volume behavior indicates distribution.,Primary MACD structure still confirms downside momentum.,Relative Strength is lagging its relevant benchmarks.,Price is extended into layered resistance rather than support.,Upside is extended and marginal momentum/participation is weakening.",accumulate,accumulate
2026-08-25,QQQ,long,ETF,True,hold,hold,hold,hold,False,False,False,False,False,"confidence,risk",12,14,retained_v1_plus_zero_profile_confidence_and_declared_source_validation,"Current price is in the neutral space between actionable price zones.,10Y yield backdrop is restrictive for rate-sensitive risk.",hold,hold
2026-08-25,SOFI,short,stock,True,trim,trim,hold,hold,False,False,False,False,False,"confidence,risk",1,7,fixed_stock_short_v2_rebuild,v2_trend_resistance,trim,hold
2026-08-25,SOFI,mid,stock,True,hold,hold,hold,hold,False,False,False,False,False,"confidence,risk",3,7,retained_v1_plus_zero_profile_confidence_and_declared_source_validation,"OBV or price-volume behavior indicates distribution.,Price is approaching the reduce range but has not entered the recommended reduce/exit zone.,10Y yield backdrop is restrictive for rate-sensitive risk.",hold,hold
2026-08-25,SOFI,long,stock,True,hold,hold,hold,hold,False,False,False,False,False,"confidence,risk",18,21,retained_v1_plus_zero_profile_confidence_and_declared_source_validation,"OBV or price-volume behavior indicates distribution.,Relative Strength is lagging its relevant benchmarks.,Current price is in the neutral space between actionable price zones.,10Y yield backdrop is restrictive for rate-sensitive risk.",hold,hold
2026-08-25,SOXL,short,ETF,True,hold,hold,hold,hold,False,False,True,False,False,"confidence,risk",7,13,retained_v1_plus_zero_profile_confidence_and_declared_source_validation,"Primary moving-average structure remains bearish.,Primary MACD structure still confirms downside momentum.,OBV or price-volume behavior indicates distribution.,Trend is weak, but price has not entered a reduce zone or confirmed a breakdown.,10Y yield backdrop is restrictive for rate-sensitive risk.",hold,hold
2026-08-25,SOXL,mid,ETF,True,hold,hold,hold,hold,False,False,False,False,False,"confidence,risk",18,22,retained_v1_plus_zero_profile_confidence_and_declared_source_validation,"Relative Strength is lagging its relevant benchmarks.,Primary moving-average structure remains bearish.,Primary MACD structure still confirms downside momentum.,Trend is weak, but price has not entered a reduce zone or confirmed a breakdown.,10Y yield backdrop is restrictive for rate-sensitive risk.",hold,hold
2026-08-25,SOXL,long,ETF,True,hold,hold,hold,hold,False,False,False,False,False,"confidence,risk",89,91,retained_v1_plus_zero_profile_confidence_and_declared_source_validation,"Volatility or extension risk is elevated.,OBV or price-volume behavior indicates distribution.,Primary MACD structure still confirms downside momentum.,Upside is extended and marginal momentum/participation is weakening.,Current price is in the neutral space between actionable price zones.",hold,hold
2026-08-25,SOXS,short,ETF,True,hold,hold,hold,hold,False,False,True,False,False,"confidence,risk",5,11,retained_v1_plus_zero_profile_confidence_and_declared_source_validation,"Relative Strength is lagging its relevant benchmarks.,10Y yield backdrop is restrictive for rate-sensitive risk.",hold,hold
2026-08-25,SOXS,mid,ETF,True,hold,hold,hold,hold,False,False,False,False,False,"confidence,risk",37,41,retained_v1_plus_zero_profile_confidence_and_declared_source_validation,"Relative Strength is lagging its relevant benchmarks.,Primary moving-average structure remains bearish.,OBV or price-volume behavior indicates distribution.,Trend is weak, but price has not entered a reduce zone or confirmed a breakdown.,10Y yield backdrop is restrictive for rate-sensitive risk.",hold,hold
2026-08-25,SOXS,long,ETF,True,hold,hold,hold,hold,False,False,False,False,False,"confidence,risk",27,29,retained_v1_plus_zero_profile_confidence_and_declared_source_validation,"Relative Strength is lagging its relevant benchmarks.,Primary moving-average structure remains bearish.,Price is near the opportunity range but has not entered the recommended buy/add zone.,10Y yield backdrop is restrictive for rate-sensitive risk.",hold,hold
2026-08-25,SPCX,short,stock,True,hold,hold,hold,hold,False,False,True,False,False,"confidence,risk",2,8,fixed_stock_short_v2_rebuild,v2_location,hold,hold
2026-08-25,SPCX,mid,stock,True,accumulate,accumulate,accumulate,accumulate,False,False,False,False,False,"confidence,risk",6,10,retained_v1_plus_zero_profile_confidence_and_declared_source_validation,"Primary moving-average structure remains bearish.,10Y yield backdrop is restrictive for rate-sensitive risk.",accumulate,accumulate
2026-08-25,SPCX,long,stock,True,avoid,avoid,avoid,avoid,False,False,False,False,False,"confidence,risk",0,2,retained_v1_plus_zero_profile_confidence_and_declared_source_validation,"Price landscape quality is insufficient for an actionable recommendation.,10Y yield backdrop is restrictive for rate-sensitive risk.",avoid,avoid
2026-08-25,SPMO,short,ETF,True,hold,hold,hold,hold,False,False,True,False,False,"confidence,risk",0,6,retained_v1_plus_zero_profile_confidence_and_declared_source_validation,"Primary MACD structure still confirms downside momentum.,Primary moving-average structure remains bearish.,Trend is weak, but price has not entered a reduce zone or confirmed a breakdown.,10Y yield backdrop is restrictive for rate-sensitive risk.",hold,hold
2026-08-25,SPMO,mid,ETF,True,accumulate,accumulate,accumulate,accumulate,False,False,False,False,False,"confidence,risk",1,5,retained_v1_plus_zero_profile_confidence_and_declared_source_validation,"Primary MACD structure still confirms downside momentum.,10Y yield backdrop is restrictive for rate-sensitive risk.",accumulate,accumulate
2026-08-25,SPMO,long,ETF,True,hold,hold,hold,hold,False,False,False,False,False,"confidence,risk",14,16,retained_v1_plus_zero_profile_confidence_and_declared_source_validation,"OBV or price-volume behavior indicates distribution.,Primary MACD structure still confirms downside momentum.,Upside is extended and marginal momentum/participation is weakening.,Current price is in the neutral space between actionable price zones.,10Y yield backdrop is restrictive for rate-sensitive risk.",hold,hold
2026-08-25,SQQQ,short,ETF,True,hold,hold,hold,hold,False,False,False,False,False,"confidence,risk",1,7,retained_v1_plus_zero_profile_confidence_and_declared_source_validation,"Relative Strength is lagging its relevant benchmarks.,10Y yield backdrop is restrictive for rate-sensitive risk.",hold,hold
2026-08-25,SQQQ,mid,ETF,True,hold,hold,hold,hold,False,False,False,False,False,"confidence,risk",10,14,retained_v1_plus_zero_profile_confidence_and_declared_source_validation,"Primary moving-average structure remains bearish.,OBV or price-volume behavior indicates distribution.,Current price is in the neutral space between actionable price zones.,10Y yield backdrop is restrictive for rate-sensitive risk.",hold,hold
2026-08-25,SQQQ,long,ETF,True,accumulate,accumulate,accumulate,accumulate,False,False,False,False,False,"confidence,risk",18,20,retained_v1_plus_zero_profile_confidence_and_declared_source_validation,"Relative Strength is lagging its relevant benchmarks.,Primary moving-average structure remains bearish.,OBV or price-volume behavior indicates distribution.,10Y yield backdrop is restrictive for rate-sensitive risk.",accumulate,accumulate
2026-08-25,TEM,short,stock,True,hold,hold,hold,hold,False,False,True,False,False,"confidence,risk",11,17,fixed_stock_short_v2_rebuild,v2_trend_resistance,hold,hold
2026-08-25,TEM,mid,stock,True,hold,hold,hold,hold,False,False,False,False,False,"confidence,risk",18,22,retained_v1_plus_zero_profile_confidence_and_declared_source_validation,10Y yield backdrop is restrictive for rate-sensitive risk.,hold,hold
2026-08-25,TEM,long,stock,True,hold,hold,hold,hold,False,False,False,False,False,"confidence,risk",34,36,retained_v1_plus_zero_profile_confidence_and_declared_source_validation,"Price is extended into layered resistance rather than support.,10Y yield backdrop is restrictive for rate-sensitive risk.",hold,hold
2026-08-25,TQQQ,short,ETF,True,hold,hold,hold,hold,False,False,True,False,False,"confidence,risk",1,7,retained_v1_plus_zero_profile_confidence_and_declared_source_validation,"Primary MACD structure still confirms downside momentum.,OBV or price-volume behavior indicates distribution.,Primary moving-average structure remains bearish.,Trend is weak, but price has not entered a reduce zone or confirmed a breakdown.,10Y yield backdrop is restrictive for rate-sensitive risk.",hold,hold
2026-08-25,TQQQ,mid,ETF,True,accumulate,accumulate,accumulate,accumulate,False,False,False,False,False,"confidence,risk",3,7,retained_v1_plus_zero_profile_confidence_and_declared_source_validation,"Relative Strength is lagging its relevant benchmarks.,OBV or price-volume behavior indicates distribution.,Primary MACD structure still confirms downside momentum.,Upside is extended and marginal momentum/participation is weakening.,10Y yield backdrop is restrictive for rate-sensitive risk.",accumulate,accumulate
2026-08-25,TQQQ,long,ETF,True,hold,hold,hold,hold,False,False,False,False,False,"confidence,risk",25,27,retained_v1_plus_zero_profile_confidence_and_declared_source_validation,"Current price is in the neutral space between actionable price zones.,10Y yield backdrop is restrictive for rate-sensitive risk.",hold,hold
2026-08-25,TSLA,short,stock,True,accumulate,accumulate,hold,hold,False,False,True,False,False,"confidence,risk",0,6,fixed_stock_short_v2_rebuild,v2_location,accumulate,accumulate
2026-08-25,TSLA,mid,stock,True,trim,trim,trim,trim,False,False,False,False,False,"confidence,risk",2,6,retained_v1_plus_zero_profile_confidence_and_declared_source_validation,"Relative Strength is lagging its relevant benchmarks.,Primary moving-average structure remains bearish.,Current price has reached the reduce zone; reduce exposure rather than add.,10Y yield backdrop is restrictive for rate-sensitive risk.",trim,trim
2026-08-25,TSLA,long,stock,True,hold,hold,hold,hold,False,False,False,False,False,"confidence,risk",13,15,retained_v1_plus_zero_profile_confidence_and_declared_source_validation,"Relative Strength is lagging its relevant benchmarks.,Primary MACD structure still confirms downside momentum.,Primary moving-average structure remains bearish.,OBV or price-volume behavior indicates distribution.,Trend is weak, but price has not entered a reduce zone or confirmed a breakdown.",hold,hold
2026-08-25,TSM,short,stock,True,hold,hold,hold,hold,False,False,True,False,False,"confidence,risk",0,6,fixed_stock_short_v2_rebuild,v2_location,hold,hold
2026-08-25,TSM,mid,stock,True,accumulate,accumulate,accumulate,accumulate,False,False,False,False,False,"confidence,risk",1,5,retained_v1_plus_zero_profile_confidence_and_declared_source_validation,"Primary MACD structure still confirms downside momentum.,10Y yield backdrop is restrictive for rate-sensitive risk.",accumulate,accumulate
2026-08-25,TSM,long,stock,True,accumulate,accumulate,accumulate,accumulate,False,False,False,False,False,"confidence,risk",17,19,retained_v1_plus_zero_profile_confidence_and_declared_source_validation,"Primary MACD structure still confirms downside momentum.,10Y yield backdrop is restrictive for rate-sensitive risk.",accumulate,accumulate
2026-08-25,UNH,short,stock,True,hold,hold,hold,hold,False,False,True,False,False,"confidence,risk",20,26,fixed_stock_short_v2_rebuild,"v2_location,primary_moving_average_structure_remains_bearish,relative_strength_is_lagging_its_relevant_benchmarks",hold,hold
2026-08-25,UNH,mid,stock,True,hold,hold,hold,hold,False,False,False,False,False,"confidence,risk",0,4,retained_v1_plus_zero_profile_confidence_and_declared_source_validation,"OBV or price-volume behavior indicates distribution.,Primary MACD structure still confirms downside momentum.,Current price is in the neutral space between actionable price zones.,10Y yield backdrop is restrictive for rate-sensitive risk.",hold,hold
2026-08-25,UNH,long,stock,True,accumulate,accumulate,accumulate,accumulate,False,False,False,False,False,"confidence,risk",4,6,retained_v1_plus_zero_profile_confidence_and_declared_source_validation,"OBV or price-volume behavior indicates distribution.,Primary MACD structure still confirms downside momentum.,Upside is extended and marginal momentum/participation is weakening.,10Y yield backdrop is restrictive for rate-sensitive risk.",accumulate,accumulate
2026-08-25,XE,short,stock,True,hold,hold,hold,hold,False,False,True,False,False,"confidence,risk",10,16,fixed_stock_short_v2_rebuild,v2_location,hold,hold
2026-08-25,XE,mid,stock,True,hold,hold,hold,hold,False,False,False,False,False,"confidence,risk",9,13,retained_v1_plus_zero_profile_confidence_and_declared_source_validation,"Relative Strength is lagging its relevant benchmarks.,OBV or price-volume behavior indicates distribution.,Primary moving-average structure remains bearish.,Primary MACD structure still confirms downside momentum.,Trend is weak, but price has not entered a reduce zone or confirmed a breakdown.",hold,hold
2026-08-25,XE,long,stock,True,hold,hold,hold,hold,False,False,False,False,False,"confidence,risk",18,20,retained_v1_plus_zero_profile_confidence_and_declared_source_validation,"OBV or price-volume behavior indicates distribution.,Current price is in the neutral space between actionable price zones.,10Y yield backdrop is restrictive for rate-sensitive risk.",hold,hold
2026-08-25,ZETA,short,stock,True,hold,hold,hold,hold,False,False,True,False,False,"confidence,risk",1,7,fixed_stock_short_v2_rebuild,v2_location,hold,hold
2026-08-25,ZETA,mid,stock,True,hold,hold,hold,hold,False,False,False,False,False,"confidence,risk",8,12,retained_v1_plus_zero_profile_confidence_and_declared_source_validation,"Primary MACD structure still confirms downside momentum.,Price is near the opportunity range but has not entered the recommended buy/add zone.,10Y yield backdrop is restrictive for rate-sensitive risk.",hold,hold
2026-08-25,ZETA,long,stock,True,hold,hold,hold,hold,False,False,False,False,False,"confidence,risk",21,23,retained_v1_plus_zero_profile_confidence_and_declared_source_validation,10Y yield backdrop is restrictive for rate-sensitive risk.,hold,hold
2026-08-26,AAPL,short,stock,True,hold,hold,accumulate,accumulate,False,False,True,False,False,"confidence,risk",0,6,fixed_stock_short_v2_rebuild,relative_strength_is_lagging_its_relevant_benchmarks,hold,accumulate
2026-08-26,AAPL,mid,stock,True,hold,hold,hold,hold,False,False,False,False,False,"confidence,risk",0,4,retained_v1_plus_zero_profile_confidence_and_declared_source_validation,"OBV or price-volume behavior indicates distribution.,10Y yield backdrop is restrictive for rate-sensitive risk.",hold,hold
2026-08-26,AAPL,long,stock,True,accumulate,accumulate,accumulate,accumulate,False,False,False,False,False,"confidence,risk",9,11,retained_v1_plus_zero_profile_confidence_and_declared_source_validation,"OBV or price-volume behavior indicates distribution.,Upside is extended and marginal momentum/participation is weakening.,10Y yield backdrop is restrictive for rate-sensitive risk.",accumulate,accumulate
2026-08-26,AMD,short,stock,True,accumulate,accumulate,accumulate,accumulate,False,False,True,False,False,"confidence,risk",7,13,fixed_stock_short_v2_rebuild,,accumulate,accumulate
2026-08-26,AMD,mid,stock,True,hold,hold,hold,hold,False,False,False,False,False,"confidence,risk",4,8,retained_v1_plus_zero_profile_confidence_and_declared_source_validation,"Relative Strength is lagging its relevant benchmarks.,Primary MACD structure still confirms downside momentum.,Current price is in the neutral space between actionable price zones.,10Y yield backdrop is restrictive for rate-sensitive risk.",hold,hold
2026-08-26,AMD,long,stock,True,accumulate,accumulate,accumulate,accumulate,False,False,False,False,False,"confidence,risk",88,90,retained_v1_plus_zero_profile_confidence_and_declared_source_validation,"Volatility or extension risk is elevated.,OBV or price-volume behavior indicates distribution.,Primary MACD structure still confirms downside momentum.,Upside is extended and marginal momentum/participation is weakening.,10Y yield backdrop is restrictive for rate-sensitive risk.",accumulate,accumulate
2026-08-26,AMZN,short,stock,True,hold,hold,hold,hold,False,False,True,False,False,"confidence,risk",0,6,fixed_stock_short_v2_rebuild,v2_trend_resistance,hold,hold
2026-08-26,AMZN,mid,stock,True,hold,hold,hold,hold,False,False,False,False,False,"confidence,risk",1,5,retained_v1_plus_zero_profile_confidence_and_declared_source_validation,"Primary MACD structure still confirms downside momentum.,Current price is in the neutral space between actionable price zones.,10Y yield backdrop is restrictive for rate-sensitive risk.",hold,hold
2026-08-26,AMZN,long,stock,True,hold,hold,hold,hold,False,False,False,False,False,"confidence,risk",11,13,retained_v1_plus_zero_profile_confidence_and_declared_source_validation,"OBV or price-volume behavior indicates distribution.,10Y yield backdrop is restrictive for rate-sensitive risk.",hold,hold
2026-08-26,BABA,short,stock,True,hold,hold,hold,hold,False,False,True,False,False,"confidence,risk",5,11,fixed_stock_short_v2_rebuild,"v2_location,primary_moving_average_structure_remains_bearish",hold,hold
2026-08-26,BABA,mid,stock,True,trim,trim,trim,trim,False,False,False,False,False,"confidence,risk",2,6,retained_v1_plus_zero_profile_confidence_and_declared_source_validation,"Primary MACD structure still confirms downside momentum.,Current price has reached the reduce zone; reduce exposure rather than add.,10Y yield backdrop is restrictive for rate-sensitive risk.",trim,trim
2026-08-26,BABA,long,stock,True,hold,hold,hold,hold,False,False,False,False,False,"confidence,risk",15,17,retained_v1_plus_zero_profile_confidence_and_declared_source_validation,"Relative Strength is lagging its relevant benchmarks.,OBV or price-volume behavior indicates distribution.,Primary moving-average structure remains bearish.,Current price is in the neutral space between actionable price zones.,10Y yield backdrop is restrictive for rate-sensitive risk.",hold,hold
2026-08-26,CRCL,short,stock,True,hold,hold,hold,hold,False,False,True,False,False,"confidence,risk",10,16,fixed_stock_short_v2_rebuild,v2_trend_resistance,hold,hold
2026-08-26,CRCL,mid,stock,True,hold,hold,hold,hold,False,False,False,False,False,"confidence,risk",6,10,retained_v1_plus_zero_profile_confidence_and_declared_source_validation,"Relative Strength is lagging its relevant benchmarks.,10Y yield backdrop is restrictive for rate-sensitive risk.",hold,hold
2026-08-26,CRCL,long,stock,True,hold,hold,hold,hold,False,False,False,False,False,"confidence,risk",18,20,retained_v1_plus_zero_profile_confidence_and_declared_source_validation,"Relative Strength is lagging its relevant benchmarks.,Current price is in the neutral space between actionable price zones.,10Y yield backdrop is restrictive for rate-sensitive risk.",hold,hold
2026-08-26,FFAI,short,stock,True,hold,hold,hold,hold,False,False,False,False,False,"confidence,risk",42,48,fixed_stock_short_v2_rebuild,"v2_location,primary_moving_average_structure_remains_bearish,relative_strength_is_lagging_its_relevant_benchmarks",hold,hold
2026-08-26,FFAI,mid,stock,True,hold,hold,hold,hold,False,False,False,False,True,"confidence,landscape,risk",23,27,retained_v1_plus_zero_profile_confidence_and_declared_source_validation,"Primary MACD structure still confirms downside momentum.,Current price is in the neutral space between actionable price zones.,10Y yield backdrop is restrictive for rate-sensitive risk.",hold,hold
2026-08-26,FFAI,long,stock,True,hold,hold,hold,hold,False,False,False,False,False,"confidence,risk",23,25,retained_v1_plus_zero_profile_confidence_and_declared_source_validation,"OBV or price-volume behavior indicates distribution.,Upside is extended and marginal momentum/participation is weakening.,10Y yield backdrop is restrictive for rate-sensitive risk.",hold,hold
2026-08-26,GEV,short,stock,True,hold,hold,trim,trim,False,False,False,False,False,"confidence,risk",9,15,fixed_stock_short_v2_rebuild,"v2_weak_resistance,primary_moving_average_structure_remains_bearish",hold,trim
2026-08-26,GEV,mid,stock,True,hold,hold,hold,hold,False,False,False,False,False,"confidence,risk",3,7,retained_v1_plus_zero_profile_confidence_and_declared_source_validation,"Primary MACD structure still confirms downside momentum.,Primary moving-average structure remains bearish.,Trend is weak, but price has not entered a reduce zone or confirmed a breakdown.,10Y yield backdrop is restrictive for rate-sensitive risk.",hold,hold
2026-08-26,GEV,long,stock,True,hold,hold,hold,hold,False,False,False,False,False,"confidence,risk",84,86,retained_v1_plus_zero_profile_confidence_and_declared_source_validation,"Volatility or extension risk is elevated.,OBV or price-volume behavior indicates distribution.,Primary MACD structure still confirms downside momentum.,Upside is extended and marginal momentum/participation is weakening.,Price is near the opportunity range but has not entered the recommended buy/add zone.",hold,hold
2026-08-26,GOOGL,short,stock,True,hold,hold,hold,hold,False,False,True,False,False,"confidence,risk",0,6,fixed_stock_short_v2_rebuild,"v2_entry_unconfirmed,primary_moving_average_structure_remains_bearish,relative_strength_is_lagging_its_relevant_benchmarks",hold,hold
2026-08-26,GOOGL,mid,stock,True,accumulate,accumulate,accumulate,accumulate,False,False,False,False,False,"confidence,risk",1,5,retained_v1_plus_zero_profile_confidence_and_declared_source_validation,"Primary moving-average structure remains bearish.,OBV or price-volume behavior indicates distribution.,Relative Strength is lagging its relevant benchmarks.,Primary MACD structure still confirms downside momentum.,Price is extended into layered resistance rather than support.",accumulate,accumulate
2026-08-26,GOOGL,long,stock,True,hold,hold,hold,hold,False,False,False,False,False,"confidence,risk",16,18,retained_v1_plus_zero_profile_confidence_and_declared_source_validation,"OBV or price-volume behavior indicates distribution.,Primary MACD structure still confirms downside momentum.,Price is near the opportunity range but has not entered the recommended buy/add zone.,10Y yield backdrop is restrictive for rate-sensitive risk.",hold,hold
2026-08-26,HIMS,short,stock,True,trim,trim,hold,hold,False,False,True,False,False,"confidence,risk",3,9,fixed_stock_short_v2_rebuild,v2_trend_resistance,trim,hold
2026-08-26,HIMS,mid,stock,True,hold,hold,hold,hold,False,False,False,False,False,"confidence,risk",11,15,retained_v1_plus_zero_profile_confidence_and_declared_source_validation,"Current price is in the neutral space between actionable price zones.,10Y yield backdrop is restrictive for rate-sensitive risk.",hold,hold
2026-08-26,HIMS,long,stock,True,hold,hold,hold,hold,False,False,False,False,False,"confidence,risk",18,20,retained_v1_plus_zero_profile_confidence_and_declared_source_validation,10Y yield backdrop is restrictive for rate-sensitive risk.,hold,hold
2026-08-26,META,short,stock,True,accumulate,accumulate,accumulate,accumulate,False,False,True,False,False,"confidence,risk",0,6,fixed_stock_short_v2_rebuild,,accumulate,accumulate
2026-08-26,META,mid,stock,True,hold,hold,hold,hold,False,False,False,False,False,"confidence,risk",2,6,retained_v1_plus_zero_profile_confidence_and_declared_source_validation,"Primary moving-average structure remains bearish.,Trend is weak, but price has not entered a reduce zone or confirmed a breakdown.,10Y yield backdrop is restrictive for rate-sensitive risk.",hold,hold
2026-08-26,META,long,stock,True,hold,hold,hold,hold,False,False,False,False,False,"confidence,risk",19,21,retained_v1_plus_zero_profile_confidence_and_declared_source_validation,"Relative Strength is lagging its relevant benchmarks.,Primary MACD structure still confirms downside momentum.,Primary moving-average structure remains bearish.,OBV or price-volume behavior indicates distribution.,Trend is weak, but price has not entered a reduce zone or confirmed a breakdown.",hold,hold
2026-08-26,MPT,short,stock,False,trim,trim,hold,hold,False,False,False,False,False,"confidence,risk",0,6,fixed_stock_short_v2_rebuild,"v2_entry_unconfirmed,primary_moving_average_structure_remains_bearish,relative_strength_is_lagging_its_relevant_benchmarks",hold,trim
2026-08-26,MPT,mid,stock,False,hold,hold,hold,hold,False,False,False,False,False,"confidence,risk",14,18,retained_v1_plus_zero_profile_confidence_and_declared_source_validation,"Primary moving-average structure remains bearish.,Relative Strength is lagging its relevant benchmarks.,OBV or price-volume behavior indicates distribution.,Primary MACD structure still confirms downside momentum.,Price is near the opportunity range but has not entered the recommended buy/add zone.",hold,hold
2026-08-26,MPT,long,stock,False,sell,sell,sell,sell,False,False,False,False,False,"confidence,risk",16,18,retained_v1_plus_zero_profile_confidence_and_declared_source_validation,"Relative Strength is lagging its relevant benchmarks.,Primary MACD structure still confirms downside momentum.,Primary moving-average structure remains bearish.,OBV or price-volume behavior indicates distribution.,Price is extended into layered resistance rather than support.",sell,sell
2026-08-26,MSFT,short,stock,True,hold,hold,hold,hold,False,False,True,False,False,"confidence,risk",20,26,fixed_stock_short_v2_rebuild,v2_location,hold,hold
2026-08-26,MSFT,mid,stock,True,hold,hold,hold,hold,False,False,False,False,False,"confidence,risk",20,24,retained_v1_plus_zero_profile_confidence_and_declared_source_validation,"Primary MACD structure still confirms downside momentum.,10Y yield backdrop is restrictive for rate-sensitive risk.",hold,hold
2026-08-26,MSFT,long,stock,True,hold,hold,hold,hold,False,False,False,False,False,"confidence,risk",12,14,retained_v1_plus_zero_profile_confidence_and_declared_source_validation,"OBV or price-volume behavior indicates distribution.,10Y yield backdrop is restrictive for rate-sensitive risk.",hold,hold
2026-08-26,MU,short,stock,True,hold,hold,hold,hold,False,False,True,False,False,"confidence,risk",2,8,fixed_stock_short_v2_rebuild,v2_location,hold,hold
2026-08-26,MU,mid,stock,True,accumulate,accumulate,accumulate,accumulate,False,False,False,False,False,"confidence,risk",5,9,retained_v1_plus_zero_profile_confidence_and_declared_source_validation,"Relative Strength is lagging its relevant benchmarks.,10Y yield backdrop is restrictive for rate-sensitive risk.",accumulate,accumulate
2026-08-26,MU,long,stock,True,hold,hold,hold,hold,False,False,False,False,False,"confidence,risk",28,30,retained_v1_plus_zero_profile_confidence_and_declared_source_validation,"OBV or price-volume behavior indicates distribution.,Primary MACD structure still confirms downside momentum.,Upside is extended and marginal momentum/participation is weakening.,10Y yield backdrop is restrictive for rate-sensitive risk.",hold,hold
2026-08-26,NFLX,short,stock,True,accumulate,accumulate,hold,hold,False,False,True,False,False,"confidence,risk",0,6,fixed_stock_short_v2_rebuild,v2_entry_unconfirmed,accumulate,hold
2026-08-26,NFLX,mid,stock,True,hold,hold,hold,hold,False,False,False,False,False,"confidence,risk",2,6,retained_v1_plus_zero_profile_confidence_and_declared_source_validation,10Y yield backdrop is restrictive for rate-sensitive risk.,hold,hold
2026-08-26,NFLX,long,stock,True,hold,hold,hold,hold,False,False,False,False,False,"confidence,risk",6,8,retained_v1_plus_zero_profile_confidence_and_declared_source_validation,"Relative Strength is lagging its relevant benchmarks.,Primary moving-average structure remains bearish.,OBV or price-volume behavior indicates distribution.,Current price is in the neutral space between actionable price zones.,10Y yield backdrop is restrictive for rate-sensitive risk.",hold,hold
2026-08-26,NOK,short,stock,True,hold,hold,hold,hold,False,False,False,False,False,"confidence,risk",20,26,fixed_stock_short_v2_rebuild,v2_location,hold,hold
2026-08-26,NOK,mid,stock,True,hold,hold,hold,hold,False,False,False,False,False,"confidence,risk",4,8,retained_v1_plus_zero_profile_confidence_and_declared_source_validation,"Relative Strength is lagging its relevant benchmarks.,Primary moving-average structure remains bearish.,Current price is in the neutral space between actionable price zones.,10Y yield backdrop is restrictive for rate-sensitive risk.",hold,hold
2026-08-26,NOK,long,stock,True,hold,hold,hold,hold,False,False,False,False,False,"confidence,risk",84,86,retained_v1_plus_zero_profile_confidence_and_declared_source_validation,"Volatility or extension risk is elevated.,OBV or price-volume behavior indicates distribution.,Primary MACD structure still confirms downside momentum.,Current price is in the neutral space between actionable price zones.,10Y yield backdrop is restrictive for rate-sensitive risk.",hold,hold
2026-08-26,NOW,short,stock,True,hold,hold,hold,hold,False,False,True,False,False,"confidence,risk",1,7,fixed_stock_short_v2_rebuild,v2_location,hold,hold
2026-08-26,NOW,mid,stock,True,hold,hold,hold,hold,False,False,False,False,False,"confidence,risk",3,7,retained_v1_plus_zero_profile_confidence_and_declared_source_validation,10Y yield backdrop is restrictive for rate-sensitive risk.,hold,hold
2026-08-26,NOW,long,stock,True,hold,hold,hold,hold,False,False,False,False,False,"confidence,risk",19,21,retained_v1_plus_zero_profile_confidence_and_declared_source_validation,"OBV or price-volume behavior indicates distribution.,Price is extended into layered resistance rather than support.,Current price is in the neutral space between actionable price zones.,10Y yield backdrop is restrictive for rate-sensitive risk.",hold,hold
2026-08-26,NVDA,short,stock,True,hold,hold,hold,hold,False,False,True,False,False,"confidence,risk",0,6,fixed_stock_short_v2_rebuild,"v2_entry_unconfirmed,primary_moving_average_structure_remains_bearish",hold,hold
2026-08-26,NVDA,mid,stock,True,accumulate,accumulate,accumulate,accumulate,False,False,False,False,False,"confidence,risk",1,5,retained_v1_plus_zero_profile_confidence_and_declared_source_validation,"OBV or price-volume behavior indicates distribution.,Primary MACD structure still confirms downside momentum.,Upside is extended and marginal momentum/participation is weakening.,10Y yield backdrop is restrictive for rate-sensitive risk.",accumulate,accumulate
2026-08-26,NVDA,long,stock,True,hold,hold,hold,hold,False,False,False,False,False,"confidence,risk",6,8,retained_v1_plus_zero_profile_confidence_and_declared_source_validation,10Y yield backdrop is restrictive for rate-sensitive risk.,hold,hold
2026-08-26,ORCL,short,stock,True,accumulate,accumulate,buy,buy,False,False,True,False,False,"confidence,risk",1,7,fixed_stock_short_v2_rebuild,,accumulate,accumulate
2026-08-26,ORCL,mid,stock,True,accumulate,accumulate,accumulate,accumulate,False,False,False,False,False,"confidence,risk",3,7,retained_v1_plus_zero_profile_confidence_and_declared_source_validation,"Relative Strength is lagging its relevant benchmarks.,Primary moving-average structure remains bearish.,10Y yield backdrop is restrictive for rate-sensitive risk.",accumulate,accumulate
2026-08-26,ORCL,long,stock,True,hold,hold,hold,hold,False,False,False,False,False,"confidence,risk",19,21,retained_v1_plus_zero_profile_confidence_and_declared_source_validation,"Primary moving-average structure remains bearish.,OBV or price-volume behavior indicates distribution.,Relative Strength is lagging its relevant benchmarks.,Primary MACD structure still confirms downside momentum.,Trend is weak, but price has not entered a reduce zone or confirmed a breakdown.",hold,hold
2026-08-26,PLTR,short,stock,True,trim,trim,hold,hold,False,False,True,False,False,"confidence,risk",1,7,fixed_stock_short_v2_rebuild,v2_trend_resistance,trim,hold
2026-08-26,PLTR,mid,stock,True,hold,hold,hold,hold,False,False,False,False,False,"confidence,risk",11,15,retained_v1_plus_zero_profile_confidence_and_declared_source_validation,10Y yield backdrop is restrictive for rate-sensitive risk.,hold,hold
2026-08-26,PLTR,long,stock,True,hold,hold,hold,hold,False,False,False,False,False,"confidence,risk",14,16,retained_v1_plus_zero_profile_confidence_and_declared_source_validation,10Y yield backdrop is restrictive for rate-sensitive risk.,hold,hold
2026-08-26,QQQ,short,ETF,True,hold,hold,hold,hold,False,False,True,False,False,"confidence,risk",0,6,retained_v1_plus_zero_profile_confidence_and_declared_source_validation,"Primary MACD structure still confirms downside momentum.,OBV or price-volume behavior indicates distribution.,Price is approaching the reduce range but has not entered the recommended reduce/exit zone.,10Y yield backdrop is restrictive for rate-sensitive risk.",hold,hold
2026-08-26,QQQ,mid,ETF,True,accumulate,accumulate,accumulate,accumulate,False,False,False,False,False,"confidence,risk",0,4,retained_v1_plus_zero_profile_confidence_and_declared_source_validation,"Primary MACD structure still confirms downside momentum.,Relative Strength is lagging its relevant benchmarks.,10Y yield backdrop is restrictive for rate-sensitive risk.",accumulate,accumulate
2026-08-26,QQQ,long,ETF,True,hold,hold,hold,hold,False,False,False,False,False,"confidence,risk",12,14,retained_v1_plus_zero_profile_confidence_and_declared_source_validation,"Current price is in the neutral space between actionable price zones.,10Y yield backdrop is restrictive for rate-sensitive risk.",hold,hold
2026-08-26,SOFI,short,stock,True,hold,hold,hold,hold,False,False,False,False,False,"confidence,risk",1,7,fixed_stock_short_v2_rebuild,v2_location,hold,hold
2026-08-26,SOFI,mid,stock,True,hold,hold,hold,hold,False,False,False,False,False,"confidence,risk",3,7,retained_v1_plus_zero_profile_confidence_and_declared_source_validation,10Y yield backdrop is restrictive for rate-sensitive risk.,hold,hold
2026-08-26,SOFI,long,stock,True,hold,hold,hold,hold,False,False,False,False,False,"confidence,risk",18,21,retained_v1_plus_zero_profile_confidence_and_declared_source_validation,"OBV or price-volume behavior indicates distribution.,Relative Strength is lagging its relevant benchmarks.,Current price is in the neutral space between actionable price zones.,10Y yield backdrop is restrictive for rate-sensitive risk.",hold,hold
2026-08-26,SOXL,short,ETF,True,hold,hold,hold,hold,False,False,True,False,False,"confidence,risk",6,12,retained_v1_plus_zero_profile_confidence_and_declared_source_validation,"Primary moving-average structure remains bearish.,Primary MACD structure still confirms downside momentum.,Trend is weak, but price has not entered a reduce zone or confirmed a breakdown.,10Y yield backdrop is restrictive for rate-sensitive risk.",hold,hold
2026-08-26,SOXL,mid,ETF,True,hold,hold,hold,hold,False,False,False,False,False,"confidence,risk",18,22,retained_v1_plus_zero_profile_confidence_and_declared_source_validation,"Relative Strength is lagging its relevant benchmarks.,Primary moving-average structure remains bearish.,Primary MACD structure still confirms downside momentum.,Price is extended into layered resistance rather than support.,Trend is weak, but price has not entered a reduce zone or confirmed a breakdown.",hold,hold
2026-08-26,SOXL,long,ETF,True,hold,hold,hold,hold,False,False,False,False,False,"confidence,risk",89,91,retained_v1_plus_zero_profile_confidence_and_declared_source_validation,"Volatility or extension risk is elevated.,Primary MACD structure still confirms downside momentum.,OBV or price-volume behavior indicates distribution.,Upside is extended and marginal momentum/participation is weakening.,Current price is in the neutral space between actionable price zones.",hold,hold
2026-08-26,SOXS,short,ETF,True,hold,hold,hold,hold,False,False,True,False,False,"confidence,risk",5,11,retained_v1_plus_zero_profile_confidence_and_declared_source_validation,"Relative Strength is lagging its relevant benchmarks.,Price is near the opportunity range but has not entered the recommended buy/add zone.,10Y yield backdrop is restrictive for rate-sensitive risk.",hold,hold
2026-08-26,SOXS,mid,ETF,True,hold,hold,hold,hold,False,False,False,False,False,"confidence,risk",36,40,retained_v1_plus_zero_profile_confidence_and_declared_source_validation,"Primary moving-average structure remains bearish.,Relative Strength is lagging its relevant benchmarks.,OBV or price-volume behavior indicates distribution.,Trend is weak, but price has not entered a reduce zone or confirmed a breakdown.,10Y yield backdrop is restrictive for rate-sensitive risk.",hold,hold
2026-08-26,SOXS,long,ETF,True,hold,hold,hold,hold,False,False,False,False,False,"confidence,risk",27,29,retained_v1_plus_zero_profile_confidence_and_declared_source_validation,"Relative Strength is lagging its relevant benchmarks.,Primary moving-average structure remains bearish.,Price is near the opportunity range but has not entered the recommended buy/add zone.,10Y yield backdrop is restrictive for rate-sensitive risk.",hold,hold
2026-08-26,SPCX,short,stock,True,accumulate,accumulate,buy,buy,False,False,True,False,False,"confidence,risk",22,28,fixed_stock_short_v2_rebuild,,accumulate,buy
2026-08-26,SPCX,mid,stock,True,accumulate,accumulate,accumulate,accumulate,False,False,False,False,False,"confidence,risk",5,9,retained_v1_plus_zero_profile_confidence_and_declared_source_validation,"Primary moving-average structure remains bearish.,10Y yield backdrop is restrictive for rate-sensitive risk.",accumulate,accumulate
2026-08-26,SPCX,long,stock,True,avoid,avoid,avoid,avoid,False,False,False,False,False,"confidence,risk",0,2,retained_v1_plus_zero_profile_confidence_and_declared_source_validation,"Price landscape quality is insufficient for an actionable recommendation.,10Y yield backdrop is restrictive for rate-sensitive risk.",avoid,avoid
2026-08-26,SPMO,short,ETF,True,hold,hold,hold,hold,False,False,True,False,False,"confidence,risk",0,6,retained_v1_plus_zero_profile_confidence_and_declared_source_validation,"Primary MACD structure still confirms downside momentum.,Primary moving-average structure remains bearish.,Trend is weak, but price has not entered a reduce zone or confirmed a breakdown.,10Y yield backdrop is restrictive for rate-sensitive risk.",hold,hold
2026-08-26,SPMO,mid,ETF,True,hold,hold,hold,hold,False,False,False,False,False,"confidence,risk",0,4,retained_v1_plus_zero_profile_confidence_and_declared_source_validation,"Primary MACD structure still confirms downside momentum.,Current price is in the neutral space between actionable price zones.,10Y yield backdrop is restrictive for rate-sensitive risk.",hold,hold
2026-08-26,SPMO,long,ETF,True,hold,hold,hold,hold,False,False,False,False,False,"confidence,risk",14,16,retained_v1_plus_zero_profile_confidence_and_declared_source_validation,"OBV or price-volume behavior indicates distribution.,Primary MACD structure still confirms downside momentum.,Upside is extended and marginal momentum/participation is weakening.,Current price is in the neutral space between actionable price zones.,10Y yield backdrop is restrictive for rate-sensitive risk.",hold,hold
2026-08-26,SQQQ,short,ETF,True,hold,hold,hold,hold,False,False,False,False,False,"confidence,risk",0,6,retained_v1_plus_zero_profile_confidence_and_declared_source_validation,"Relative Strength is lagging its relevant benchmarks.,10Y yield backdrop is restrictive for rate-sensitive risk.",hold,hold
2026-08-26,SQQQ,mid,ETF,True,hold,hold,hold,hold,False,False,False,False,False,"confidence,risk",3,7,retained_v1_plus_zero_profile_confidence_and_declared_source_validation,"Primary moving-average structure remains bearish.,OBV or price-volume behavior indicates distribution.,Current price is in the neutral space between actionable price zones.,10Y yield backdrop is restrictive for rate-sensitive risk.",hold,hold
2026-08-26,SQQQ,long,ETF,True,hold,hold,hold,hold,False,False,False,False,False,"confidence,risk",18,20,retained_v1_plus_zero_profile_confidence_and_declared_source_validation,"Relative Strength is lagging its relevant benchmarks.,Primary moving-average structure remains bearish.,OBV or price-volume behavior indicates distribution.,Price is near the opportunity range but has not entered the recommended buy/add zone.,10Y yield backdrop is restrictive for rate-sensitive risk.",hold,hold
2026-08-26,TEM,short,stock,True,hold,hold,hold,hold,False,False,True,False,False,"confidence,risk",11,17,fixed_stock_short_v2_rebuild,v2_location,hold,hold
2026-08-26,TEM,mid,stock,True,hold,hold,hold,hold,False,False,False,False,False,"confidence,risk",18,22,retained_v1_plus_zero_profile_confidence_and_declared_source_validation,10Y yield backdrop is restrictive for rate-sensitive risk.,hold,hold
2026-08-26,TEM,long,stock,True,hold,hold,hold,hold,False,False,False,False,False,"confidence,risk",34,36,retained_v1_plus_zero_profile_confidence_and_declared_source_validation,"Price is extended into layered resistance rather than support.,10Y yield backdrop is restrictive for rate-sensitive risk.",hold,hold
2026-08-26,TQQQ,short,ETF,True,hold,hold,hold,hold,False,False,False,False,False,"confidence,risk",0,6,retained_v1_plus_zero_profile_confidence_and_declared_source_validation,"Primary MACD structure still confirms downside momentum.,OBV or price-volume behavior indicates distribution.,Primary moving-average structure remains bearish.,Trend is weak, but price has not entered a reduce zone or confirmed a breakdown.,10Y yield backdrop is restrictive for rate-sensitive risk.",hold,hold
2026-08-26,TQQQ,mid,ETF,True,hold,hold,hold,hold,False,False,False,False,False,"confidence,risk",3,7,retained_v1_plus_zero_profile_confidence_and_declared_source_validation,"Primary MACD structure still confirms downside momentum.,Relative Strength is lagging its relevant benchmarks.,Current price is in the neutral space between actionable price zones.,10Y yield backdrop is restrictive for rate-sensitive risk.",hold,hold
2026-08-26,TQQQ,long,ETF,True,hold,hold,hold,hold,False,False,False,False,False,"confidence,risk",25,27,retained_v1_plus_zero_profile_confidence_and_declared_source_validation,"Current price is in the neutral space between actionable price zones.,10Y yield backdrop is restrictive for rate-sensitive risk.",hold,hold
2026-08-26,TSLA,short,stock,True,accumulate,accumulate,hold,hold,False,False,True,False,False,"confidence,risk",0,6,fixed_stock_short_v2_rebuild,v2_entry_unconfirmed,accumulate,hold
2026-08-26,TSLA,mid,stock,True,hold,hold,hold,hold,False,False,False,False,False,"confidence,risk",2,6,retained_v1_plus_zero_profile_confidence_and_declared_source_validation,"Primary moving-average structure remains bearish.,Relative Strength is lagging its relevant benchmarks.,Price is approaching the reduce range but has not entered the recommended reduce/exit zone.,10Y yield backdrop is restrictive for rate-sensitive risk.",hold,hold
2026-08-26,TSLA,long,stock,True,hold,hold,hold,hold,False,False,False,False,False,"confidence,risk",13,15,retained_v1_plus_zero_profile_confidence_and_declared_source_validation,"Relative Strength is lagging its relevant benchmarks.,Primary moving-average structure remains bearish.,Primary MACD structure still confirms downside momentum.,OBV or price-volume behavior indicates distribution.,Trend is weak, but price has not entered a reduce zone or confirmed a breakdown.",hold,hold
2026-08-26,TSM,short,stock,True,hold,hold,hold,hold,False,False,True,False,False,"confidence,risk",0,6,fixed_stock_short_v2_rebuild,v2_location,hold,hold
2026-08-26,TSM,mid,stock,True,hold,hold,hold,hold,False,False,False,False,False,"confidence,risk",1,5,retained_v1_plus_zero_profile_confidence_and_declared_source_validation,"Primary MACD structure still confirms downside momentum.,Price is near the opportunity range but has not entered the recommended buy/add zone.,10Y yield backdrop is restrictive for rate-sensitive risk.",hold,hold
2026-08-26,TSM,long,stock,True,accumulate,accumulate,accumulate,accumulate,False,False,False,False,False,"confidence,risk",17,19,retained_v1_plus_zero_profile_confidence_and_declared_source_validation,"Primary MACD structure still confirms downside momentum.,10Y yield backdrop is restrictive for rate-sensitive risk.",accumulate,accumulate
2026-08-26,UNH,short,stock,True,hold,hold,hold,hold,False,False,True,False,False,"confidence,risk",2,8,fixed_stock_short_v2_rebuild,"v2_location,relative_strength_is_lagging_its_relevant_benchmarks",hold,hold
2026-08-26,UNH,mid,stock,True,hold,hold,hold,hold,False,False,False,False,False,"confidence,risk",0,4,retained_v1_plus_zero_profile_confidence_and_declared_source_validation,"OBV or price-volume behavior indicates distribution.,Current price is in the neutral space between actionable price zones.,10Y yield backdrop is restrictive for rate-sensitive risk.",hold,hold
2026-08-26,UNH,long,stock,True,hold,hold,hold,hold,False,False,False,False,False,"confidence,risk",4,6,retained_v1_plus_zero_profile_confidence_and_declared_source_validation,"OBV or price-volume behavior indicates distribution.,Primary MACD structure still confirms downside momentum.,Upside is extended and marginal momentum/participation is weakening.,Price is near the opportunity range but has not entered the recommended buy/add zone.,10Y yield backdrop is restrictive for rate-sensitive risk.",hold,hold
2026-08-26,XE,short,stock,True,hold,hold,accumulate,accumulate,False,False,True,False,False,"confidence,risk",11,17,fixed_stock_short_v2_rebuild,,hold,accumulate
2026-08-26,XE,mid,stock,True,hold,hold,hold,hold,False,False,False,False,False,"confidence,risk",10,14,retained_v1_plus_zero_profile_confidence_and_declared_source_validation,"Relative Strength is lagging its relevant benchmarks.,OBV or price-volume behavior indicates distribution.,Primary moving-average structure remains bearish.,Primary MACD structure still confirms downside momentum.,Trend is weak, but price has not entered a reduce zone or confirmed a breakdown.",hold,hold
2026-08-26,XE,long,stock,True,hold,hold,hold,hold,False,False,False,False,False,"confidence,risk",18,20,retained_v1_plus_zero_profile_confidence_and_declared_source_validation,"OBV or price-volume behavior indicates distribution.,Current price is in the neutral space between actionable price zones.,10Y yield backdrop is restrictive for rate-sensitive risk.",hold,hold
2026-08-26,ZETA,short,stock,True,accumulate,accumulate,hold,hold,False,False,True,False,False,"confidence,risk",1,7,fixed_stock_short_v2_rebuild,v2_location,accumulate,accumulate
2026-08-26,ZETA,mid,stock,True,hold,hold,hold,hold,False,False,False,False,False,"confidence,risk",9,13,retained_v1_plus_zero_profile_confidence_and_declared_source_validation,"Primary MACD structure still confirms downside momentum.,10Y yield backdrop is restrictive for rate-sensitive risk.",hold,hold
2026-08-26,ZETA,long,stock,True,hold,hold,hold,hold,False,False,False,False,False,"confidence,risk",22,24,retained_v1_plus_zero_profile_confidence_and_declared_source_validation,10Y yield backdrop is restrictive for rate-sensitive risk.,hold,hold
2026-08-27,AAPL,short,stock,True,hold,hold,hold,hold,False,False,True,False,False,"confidence,risk",9,15,fixed_stock_short_v2_rebuild,"v2_entry_unconfirmed,relative_strength_is_lagging_its_relevant_benchmarks",hold,hold
2026-08-27,AAPL,mid,stock,True,trim,trim,trim,trim,False,False,False,False,False,"confidence,risk",0,4,retained_v1_plus_zero_profile_confidence_and_declared_source_validation,"OBV or price-volume behavior indicates distribution.,Current price has reached the reduce zone; reduce exposure rather than add.,10Y yield backdrop is restrictive for rate-sensitive risk.",trim,trim
2026-08-27,AAPL,long,stock,True,accumulate,accumulate,accumulate,accumulate,False,False,False,False,False,"confidence,risk",9,11,retained_v1_plus_zero_profile_confidence_and_declared_source_validation,"OBV or price-volume behavior indicates distribution.,Upside is extended and marginal momentum/participation is weakening.,10Y yield backdrop is restrictive for rate-sensitive risk.",accumulate,accumulate
2026-08-27,AMD,short,stock,True,hold,hold,hold,hold,False,False,True,False,False,"confidence,risk",1,7,fixed_stock_short_v2_rebuild,"v2_trend_resistance,relative_strength_is_lagging_its_relevant_benchmarks",hold,hold
2026-08-27,AMD,mid,stock,True,hold,hold,hold,hold,False,False,False,False,False,"confidence,risk",4,8,retained_v1_plus_zero_profile_confidence_and_declared_source_validation,"Relative Strength is lagging its relevant benchmarks.,Price is near the opportunity range but has not entered the recommended buy/add zone.,10Y yield backdrop is restrictive for rate-sensitive risk.",hold,hold
2026-08-27,AMD,long,stock,True,accumulate,accumulate,accumulate,accumulate,False,False,False,False,False,"confidence,risk",88,90,retained_v1_plus_zero_profile_confidence_and_declared_source_validation,"Volatility or extension risk is elevated.,OBV or price-volume behavior indicates distribution.,Primary MACD structure still confirms downside momentum.,Upside is extended and marginal momentum/participation is weakening.,10Y yield backdrop is restrictive for rate-sensitive risk.",accumulate,accumulate
2026-08-27,AMZN,short,stock,True,accumulate,accumulate,hold,hold,False,False,True,False,False,"confidence,risk",0,6,fixed_stock_short_v2_rebuild,"v2_entry_unconfirmed,primary_moving_average_structure_remains_bearish",accumulate,hold
2026-08-27,AMZN,mid,stock,True,accumulate,accumulate,accumulate,accumulate,False,False,False,False,False,"confidence,risk",1,5,retained_v1_plus_zero_profile_confidence_and_declared_source_validation,"OBV or price-volume behavior indicates distribution.,Primary MACD structure still confirms downside momentum.,Upside is extended and marginal momentum/participation is weakening.,10Y yield backdrop is restrictive for rate-sensitive risk.",accumulate,accumulate
2026-08-27,AMZN,long,stock,True,accumulate,accumulate,accumulate,accumulate,False,False,False,False,False,"confidence,risk",11,13,retained_v1_plus_zero_profile_confidence_and_declared_source_validation,"OBV or price-volume behavior indicates distribution.,10Y yield backdrop is restrictive for rate-sensitive risk.",accumulate,accumulate
2026-08-27,BABA,short,stock,True,hold,hold,hold,hold,False,False,True,False,False,"confidence,risk",5,11,fixed_stock_short_v2_rebuild,"v2_location,primary_moving_average_structure_remains_bearish",hold,hold
2026-08-27,BABA,mid,stock,True,hold,hold,hold,hold,False,False,False,False,False,"confidence,risk",2,6,retained_v1_plus_zero_profile_confidence_and_declared_source_validation,"Primary MACD structure still confirms downside momentum.,Relative Strength is lagging its relevant benchmarks.,Primary moving-average structure remains bearish.,Trend is weak, but price has not entered a reduce zone or confirmed a breakdown.,10Y yield backdrop is restrictive for rate-sensitive risk.",hold,hold
2026-08-27,BABA,long,stock,True,hold,hold,hold,hold,False,False,False,False,False,"confidence,risk",15,17,retained_v1_plus_zero_profile_confidence_and_declared_source_validation,"Relative Strength is lagging its relevant benchmarks.,OBV or price-volume behavior indicates distribution.,Primary moving-average structure remains bearish.,Current price is in the neutral space between actionable price zones.,10Y yield backdrop is restrictive for rate-sensitive risk.",hold,hold
2026-08-27,CRCL,short,stock,True,buy,buy,accumulate,accumulate,False,False,True,False,False,"confidence,risk",14,20,fixed_stock_short_v2_rebuild,,buy,accumulate
2026-08-27,CRCL,mid,stock,True,hold,hold,hold,hold,False,False,False,False,False,"confidence,risk",11,15,retained_v1_plus_zero_profile_confidence_and_declared_source_validation,10Y yield backdrop is restrictive for rate-sensitive risk.,hold,hold
2026-08-27,CRCL,long,stock,True,hold,hold,hold,hold,False,False,False,False,False,"confidence,risk",18,20,retained_v1_plus_zero_profile_confidence_and_declared_source_validation,"Relative Strength is lagging its relevant benchmarks.,Current price is in the neutral space between actionable price zones.,10Y yield backdrop is restrictive for rate-sensitive risk.",hold,hold
2026-08-27,FFAI,short,stock,True,hold,hold,hold,hold,False,False,False,False,False,"confidence,risk",42,48,fixed_stock_short_v2_rebuild,"v2_entry_unconfirmed,primary_moving_average_structure_remains_bearish,relative_strength_is_lagging_its_relevant_benchmarks",hold,hold
2026-08-27,FFAI,mid,stock,True,hold,hold,hold,hold,False,False,False,False,False,"confidence,risk",23,27,retained_v1_plus_zero_profile_confidence_and_declared_source_validation,"Primary MACD structure still confirms downside momentum.,Current price is in the neutral space between actionable price zones.,10Y yield backdrop is restrictive for rate-sensitive risk.",hold,hold
2026-08-27,FFAI,long,stock,True,hold,hold,hold,hold,False,False,False,False,False,"confidence,risk",23,25,retained_v1_plus_zero_profile_confidence_and_declared_source_validation,"OBV or price-volume behavior indicates distribution.,Upside is extended and marginal momentum/participation is weakening.,10Y yield backdrop is restrictive for rate-sensitive risk.",hold,hold
2026-08-27,GEV,short,stock,True,hold,hold,hold,hold,False,False,True,False,False,"confidence,risk",3,9,fixed_stock_short_v2_rebuild,"v2_location,primary_moving_average_structure_remains_bearish,relative_strength_is_lagging_its_relevant_benchmarks",hold,hold
2026-08-27,GEV,mid,stock,True,hold,hold,hold,hold,False,False,False,False,False,"confidence,risk",3,7,retained_v1_plus_zero_profile_confidence_and_declared_source_validation,"Primary MACD structure still confirms downside momentum.,Primary moving-average structure remains bearish.,Trend is weak, but price has not entered a reduce zone or confirmed a breakdown.,10Y yield backdrop is restrictive for rate-sensitive risk.",hold,hold
2026-08-27,GEV,long,stock,True,hold,hold,hold,hold,False,False,False,False,False,"confidence,risk",84,86,retained_v1_plus_zero_profile_confidence_and_declared_source_validation,"Volatility or extension risk is elevated.,OBV or price-volume behavior indicates distribution.,Primary MACD structure still confirms downside momentum.,Upside is extended and marginal momentum/participation is weakening.,Price is near the opportunity range but has not entered the recommended buy/add zone.",hold,hold
2026-08-27,GOOGL,short,stock,True,accumulate,accumulate,hold,hold,False,False,True,False,False,"confidence,risk",0,6,fixed_stock_short_v2_rebuild,"v2_location,primary_moving_average_structure_remains_bearish",accumulate,hold
2026-08-27,GOOGL,mid,stock,True,accumulate,accumulate,accumulate,accumulate,False,False,False,False,False,"confidence,risk",1,5,retained_v1_plus_zero_profile_confidence_and_declared_source_validation,"Primary moving-average structure remains bearish.,Primary MACD structure still confirms downside momentum.,OBV or price-volume behavior indicates distribution.,Relative Strength is lagging its relevant benchmarks.,Price is extended into layered resistance rather than support.",accumulate,accumulate
2026-08-27,GOOGL,long,stock,True,accumulate,accumulate,accumulate,accumulate,False,False,False,False,False,"confidence,risk",16,18,retained_v1_plus_zero_profile_confidence_and_declared_source_validation,"OBV or price-volume behavior indicates distribution.,Primary MACD structure still confirms downside momentum.,10Y yield backdrop is restrictive for rate-sensitive risk.",accumulate,accumulate
2026-08-27,HIMS,short,stock,True,hold,hold,accumulate,accumulate,False,False,True,False,False,"confidence,risk",3,9,fixed_stock_short_v2_rebuild,,hold,accumulate
2026-08-27,HIMS,mid,stock,True,hold,hold,hold,hold,False,False,False,False,False,"confidence,risk",6,10,retained_v1_plus_zero_profile_confidence_and_declared_source_validation,"Price is near the opportunity range but has not entered the recommended buy/add zone.,10Y yield backdrop is restrictive for rate-sensitive risk.",hold,hold
2026-08-27,HIMS,long,stock,True,hold,hold,hold,hold,False,False,False,False,False,"confidence,risk",18,20,retained_v1_plus_zero_profile_confidence_and_declared_source_validation,10Y yield backdrop is restrictive for rate-sensitive risk.,hold,hold
2026-08-27,META,short,stock,True,hold,hold,hold,hold,False,False,True,False,False,"confidence,risk",0,6,fixed_stock_short_v2_rebuild,v2_location,hold,hold
2026-08-27,META,mid,stock,True,hold,hold,hold,hold,False,False,False,False,False,"confidence,risk",2,6,retained_v1_plus_zero_profile_confidence_and_declared_source_validation,"Primary moving-average structure remains bearish.,Trend is weak, but price has not entered a reduce zone or confirmed a breakdown.,10Y yield backdrop is restrictive for rate-sensitive risk.",hold,hold
2026-08-27,META,long,stock,True,hold,hold,hold,hold,False,False,False,False,False,"confidence,risk",19,21,retained_v1_plus_zero_profile_confidence_and_declared_source_validation,"Relative Strength is lagging its relevant benchmarks.,Primary MACD structure still confirms downside momentum.,OBV or price-volume behavior indicates distribution.,Primary moving-average structure remains bearish.,Price is near the opportunity range but has not entered the recommended buy/add zone.",hold,hold
2026-08-27,MPT,short,stock,False,accumulate,accumulate,hold,hold,False,False,False,False,False,"confidence,risk",0,6,fixed_stock_short_v2_rebuild,"v2_entry_unconfirmed,primary_moving_average_structure_remains_bearish,relative_strength_is_lagging_its_relevant_benchmarks",hold,hold
2026-08-27,MPT,mid,stock,False,accumulate,accumulate,accumulate,accumulate,False,False,False,False,False,"confidence,risk",16,20,retained_v1_plus_zero_profile_confidence_and_declared_source_validation,"Primary moving-average structure remains bearish.,Relative Strength is lagging its relevant benchmarks.,OBV or price-volume behavior indicates distribution.,Primary MACD structure still confirms downside momentum.,10Y yield backdrop is restrictive for rate-sensitive risk.",accumulate,accumulate
2026-08-27,MPT,long,stock,False,sell,sell,sell,sell,False,False,False,False,False,"confidence,risk",17,19,retained_v1_plus_zero_profile_confidence_and_declared_source_validation,"Relative Strength is lagging its relevant benchmarks.,Primary MACD structure still confirms downside momentum.,Primary moving-average structure remains bearish.,OBV or price-volume behavior indicates distribution.,Price is extended into layered resistance rather than support.",sell,sell
2026-08-27,MSFT,short,stock,True,hold,hold,hold,hold,False,False,True,False,False,"confidence,risk",22,28,fixed_stock_short_v2_rebuild,v2_trend_resistance,hold,hold
2026-08-27,MSFT,mid,stock,True,trim,trim,trim,trim,False,False,False,False,False,"confidence,risk",24,28,retained_v1_plus_zero_profile_confidence_and_declared_source_validation,"Current price has reached the reduce zone; reduce exposure rather than add.,10Y yield backdrop is restrictive for rate-sensitive risk.",trim,trim
2026-08-27,MSFT,long,stock,True,hold,hold,hold,hold,False,False,False,False,False,"confidence,risk",13,15,retained_v1_plus_zero_profile_confidence_and_declared_source_validation,"OBV or price-volume behavior indicates distribution.,10Y yield backdrop is restrictive for rate-sensitive risk.",hold,hold
2026-08-27,MU,short,stock,True,hold,hold,hold,hold,False,False,True,False,False,"confidence,risk",2,8,fixed_stock_short_v2_rebuild,v2_location,hold,hold
2026-08-27,MU,mid,stock,True,hold,hold,hold,hold,False,False,False,False,False,"confidence,risk",5,9,retained_v1_plus_zero_profile_confidence_and_declared_source_validation,"Relative Strength is lagging its relevant benchmarks.,10Y yield backdrop is restrictive for rate-sensitive risk.",hold,hold
2026-08-27,MU,long,stock,True,hold,hold,hold,hold,False,False,False,False,False,"confidence,risk",28,30,retained_v1_plus_zero_profile_confidence_and_declared_source_validation,"OBV or price-volume behavior indicates distribution.,Primary MACD structure still confirms downside momentum.,Upside is extended and marginal momentum/participation is weakening.,10Y yield backdrop is restrictive for rate-sensitive risk.",hold,hold
2026-08-27,NFLX,short,stock,True,hold,hold,hold,hold,False,False,True,False,False,"confidence,risk",0,6,fixed_stock_short_v2_rebuild,v2_location,hold,hold
2026-08-27,NFLX,mid,stock,True,hold,hold,hold,hold,False,False,False,False,False,"confidence,risk",1,5,retained_v1_plus_zero_profile_confidence_and_declared_source_validation,10Y yield backdrop is restrictive for rate-sensitive risk.,hold,hold
2026-08-27,NFLX,long,stock,True,hold,hold,hold,hold,False,False,False,False,False,"confidence,risk",6,8,retained_v1_plus_zero_profile_confidence_and_declared_source_validation,"Relative Strength is lagging its relevant benchmarks.,Primary moving-average structure remains bearish.,OBV or price-volume behavior indicates distribution.,Current price is in the neutral space between actionable price zones.,10Y yield backdrop is restrictive for rate-sensitive risk.",hold,hold
2026-08-27,NOK,short,stock,True,accumulate,accumulate,accumulate,accumulate,False,False,False,False,False,"confidence,risk",20,26,fixed_stock_short_v2_rebuild,,accumulate,accumulate
2026-08-27,NOK,mid,stock,True,hold,hold,hold,hold,False,False,False,False,False,"confidence,risk",3,7,retained_v1_plus_zero_profile_confidence_and_declared_source_validation,"Relative Strength is lagging its relevant benchmarks.,Primary moving-average structure remains bearish.,Price is approaching the reduce range but has not entered the recommended reduce/exit zone.,10Y yield backdrop is restrictive for rate-sensitive risk.",hold,hold
2026-08-27,NOK,long,stock,True,hold,hold,hold,hold,False,False,False,False,False,"confidence,risk",84,86,retained_v1_plus_zero_profile_confidence_and_declared_source_validation,"Volatility or extension risk is elevated.,OBV or price-volume behavior indicates distribution.,Primary MACD structure still confirms downside momentum.,Current price is in the neutral space between actionable price zones.,10Y yield backdrop is restrictive for rate-sensitive risk.",hold,hold
2026-08-27,NOW,short,stock,True,hold,hold,hold,hold,False,False,True,False,False,"confidence,risk",13,19,fixed_stock_short_v2_rebuild,v2_location,hold,hold
2026-08-27,NOW,mid,stock,True,hold,hold,hold,hold,False,False,False,False,False,"confidence,risk",15,19,retained_v1_plus_zero_profile_confidence_and_declared_source_validation,10Y yield backdrop is restrictive for rate-sensitive risk.,hold,hold
2026-08-27,NOW,long,stock,True,hold,hold,hold,hold,False,False,False,False,False,"confidence,risk",19,21,retained_v1_plus_zero_profile_confidence_and_declared_source_validation,"OBV or price-volume behavior indicates distribution.,Price is extended into layered resistance rather than support.,10Y yield backdrop is restrictive for rate-sensitive risk.",hold,hold
2026-08-27,NVDA,short,stock,True,hold,hold,hold,hold,False,False,True,False,False,"confidence,risk",12,18,fixed_stock_short_v2_rebuild,v2_location,hold,hold
2026-08-27,NVDA,mid,stock,True,hold,hold,hold,hold,False,False,False,False,False,"confidence,risk",5,9,retained_v1_plus_zero_profile_confidence_and_declared_source_validation,10Y yield backdrop is restrictive for rate-sensitive risk.,hold,hold
2026-08-27,NVDA,long,stock,True,trim,trim,trim,trim,False,False,False,False,False,"confidence,risk",8,10,retained_v1_plus_zero_profile_confidence_and_declared_source_validation,"Current price has reached the reduce zone; reduce exposure rather than add.,10Y yield backdrop is restrictive for rate-sensitive risk.",trim,trim
2026-08-27,ORCL,short,stock,True,hold,hold,hold,hold,False,False,True,False,False,"confidence,risk",2,8,fixed_stock_short_v2_rebuild,v2_location,hold,hold
2026-08-27,ORCL,mid,stock,True,hold,hold,hold,hold,False,False,False,False,False,"confidence,risk",3,7,retained_v1_plus_zero_profile_confidence_and_declared_source_validation,"Relative Strength is lagging its relevant benchmarks.,Primary moving-average structure remains bearish.,Current price is in the neutral space between actionable price zones.,10Y yield backdrop is restrictive for rate-sensitive risk.",hold,hold
2026-08-27,ORCL,long,stock,True,hold,hold,hold,hold,False,False,False,False,False,"confidence,risk",19,21,retained_v1_plus_zero_profile_confidence_and_declared_source_validation,"OBV or price-volume behavior indicates distribution.,Primary moving-average structure remains bearish.,Primary MACD structure still confirms downside momentum.,Relative Strength is lagging its relevant benchmarks.,Trend is weak, but price has not entered a reduce zone or confirmed a breakdown.",hold,hold
2026-08-27,PLTR,short,stock,True,hold,hold,hold,hold,False,False,True,False,False,"confidence,risk",14,20,fixed_stock_short_v2_rebuild,v2_location,hold,hold
2026-08-27,PLTR,mid,stock,True,hold,hold,hold,hold,False,False,False,False,False,"confidence,risk",22,26,retained_v1_plus_zero_profile_confidence_and_declared_source_validation,"Price is near the opportunity range but has not entered the recommended buy/add zone.,10Y yield backdrop is restrictive for rate-sensitive risk.",hold,hold
2026-08-27,PLTR,long,stock,True,hold,hold,hold,hold,False,False,False,False,False,"confidence,risk",14,16,retained_v1_plus_zero_profile_confidence_and_declared_source_validation,10Y yield backdrop is restrictive for rate-sensitive risk.,hold,hold
2026-08-27,QQQ,short,ETF,True,hold,hold,hold,hold,False,False,True,False,False,"confidence,risk",20,26,retained_v1_plus_zero_profile_confidence_and_declared_source_validation,"Price is near the opportunity range but has not entered the recommended buy/add zone.,10Y yield backdrop is restrictive for rate-sensitive risk.",hold,hold
2026-08-27,QQQ,mid,ETF,True,hold,hold,hold,hold,False,False,False,False,False,"confidence,risk",0,4,retained_v1_plus_zero_profile_confidence_and_declared_source_validation,"Relative Strength is lagging its relevant benchmarks.,10Y yield backdrop is restrictive for rate-sensitive risk.",hold,hold
2026-08-27,QQQ,long,ETF,True,hold,hold,hold,hold,False,False,False,False,False,"confidence,risk",12,14,retained_v1_plus_zero_profile_confidence_and_declared_source_validation,"Price is approaching the reduce range but has not entered the recommended reduce/exit zone.,10Y yield backdrop is restrictive for rate-sensitive risk.",hold,hold
2026-08-27,SOFI,short,stock,True,hold,hold,hold,hold,False,False,False,False,False,"confidence,risk",1,7,fixed_stock_short_v2_rebuild,v2_location,hold,hold
2026-08-27,SOFI,mid,stock,True,trim,trim,trim,trim,False,False,False,False,False,"confidence,risk",3,7,retained_v1_plus_zero_profile_confidence_and_declared_source_validation,"Current price has reached the reduce zone; reduce exposure rather than add.,10Y yield backdrop is restrictive for rate-sensitive risk.",trim,trim
2026-08-27,SOFI,long,stock,True,hold,hold,hold,hold,False,False,False,False,False,"confidence,risk",18,21,retained_v1_plus_zero_profile_confidence_and_declared_source_validation,"OBV or price-volume behavior indicates distribution.,Relative Strength is lagging its relevant benchmarks.,Current price is in the neutral space between actionable price zones.,10Y yield backdrop is restrictive for rate-sensitive risk.",hold,hold
2026-08-27,SOXL,short,ETF,True,hold,hold,hold,hold,False,False,True,False,False,"confidence,risk",12,18,retained_v1_plus_zero_profile_confidence_and_declared_source_validation,"Primary moving-average structure remains bearish.,Current price is in the neutral space between actionable price zones.,10Y yield backdrop is restrictive for rate-sensitive risk.",hold,hold
2026-08-27,SOXL,mid,ETF,True,hold,hold,hold,hold,False,False,False,False,False,"confidence,risk",18,22,retained_v1_plus_zero_profile_confidence_and_declared_source_validation,"Relative Strength is lagging its relevant benchmarks.,Primary moving-average structure remains bearish.,Price is near the opportunity range but has not entered the recommended buy/add zone.,10Y yield backdrop is restrictive for rate-sensitive risk.",hold,hold
2026-08-27,SOXL,long,ETF,True,hold,hold,hold,hold,False,False,False,False,False,"confidence,risk",89,91,retained_v1_plus_zero_profile_confidence_and_declared_source_validation,"Volatility or extension risk is elevated.,OBV or price-volume behavior indicates distribution.,Primary MACD structure still confirms downside momentum.,Upside is extended and marginal momentum/participation is weakening.,Current price is in the neutral space between actionable price zones.",hold,hold
2026-08-27,SOXS,short,ETF,True,trim,trim,trim,trim,False,False,True,False,False,"confidence,risk",5,11,retained_v1_plus_zero_profile_confidence_and_declared_source_validation,"Relative Strength is lagging its relevant benchmarks.,OBV or price-volume behavior indicates distribution.,Current price has reached the reduce zone; reduce exposure rather than add.,10Y yield backdrop is restrictive for rate-sensitive risk.",trim,trim
2026-08-27,SOXS,mid,ETF,True,hold,hold,hold,hold,False,False,False,False,False,"confidence,risk",36,40,retained_v1_plus_zero_profile_confidence_and_declared_source_validation,"Primary moving-average structure remains bearish.,OBV or price-volume behavior indicates distribution.,Relative Strength is lagging its relevant benchmarks.,Trend is weak, but price has not entered a reduce zone or confirmed a breakdown.,10Y yield backdrop is restrictive for rate-sensitive risk.",hold,hold
2026-08-27,SOXS,long,ETF,True,hold,hold,hold,hold,False,False,False,False,False,"confidence,risk",26,28,retained_v1_plus_zero_profile_confidence_and_declared_source_validation,"Relative Strength is lagging its relevant benchmarks.,Primary moving-average structure remains bearish.,Price is near the opportunity range but has not entered the recommended buy/add zone.,10Y yield backdrop is restrictive for rate-sensitive risk.",hold,hold
2026-08-27,SPCX,short,stock,True,accumulate,accumulate,accumulate,accumulate,False,False,True,False,False,"confidence,risk",12,18,fixed_stock_short_v2_rebuild,,accumulate,accumulate
2026-08-27,SPCX,mid,stock,True,hold,hold,hold,hold,False,False,False,False,False,"confidence,risk",5,9,retained_v1_plus_zero_profile_confidence_and_declared_source_validation,"Primary moving-average structure remains bearish.,Price is near the opportunity range but has not entered the recommended buy/add zone.,10Y yield backdrop is restrictive for rate-sensitive risk.",hold,hold
2026-08-27,SPCX,long,stock,True,avoid,avoid,avoid,avoid,False,False,False,False,False,"confidence,risk",0,2,retained_v1_plus_zero_profile_confidence_and_declared_source_validation,"Price landscape quality is insufficient for an actionable recommendation.,10Y yield backdrop is restrictive for rate-sensitive risk.",avoid,avoid
2026-08-27,SPMO,short,ETF,True,hold,hold,hold,hold,False,False,True,False,False,"confidence,risk",2,8,retained_v1_plus_zero_profile_confidence_and_declared_source_validation,"Primary MACD structure still confirms downside momentum.,Primary moving-average structure remains bearish.,Current price is in the neutral space between actionable price zones.,10Y yield backdrop is restrictive for rate-sensitive risk.",hold,hold
2026-08-27,SPMO,mid,ETF,True,hold,hold,hold,hold,False,False,False,False,False,"confidence,risk",0,4,retained_v1_plus_zero_profile_confidence_and_declared_source_validation,"Primary MACD structure still confirms downside momentum.,Relative Strength is lagging its relevant benchmarks.,Current price is in the neutral space between actionable price zones.,10Y yield backdrop is restrictive for rate-sensitive risk.",hold,hold
2026-08-27,SPMO,long,ETF,True,hold,hold,hold,hold,False,False,False,False,False,"confidence,risk",14,16,retained_v1_plus_zero_profile_confidence_and_declared_source_validation,"OBV or price-volume behavior indicates distribution.,Primary MACD structure still confirms downside momentum.,Upside is extended and marginal momentum/participation is weakening.,Current price is in the neutral space between actionable price zones.,10Y yield backdrop is restrictive for rate-sensitive risk.",hold,hold
2026-08-27,SQQQ,short,ETF,True,hold,hold,hold,hold,False,False,False,False,False,"confidence,risk",1,7,retained_v1_plus_zero_profile_confidence_and_declared_source_validation,"Relative Strength is lagging its relevant benchmarks.,OBV or price-volume behavior indicates distribution.,Primary moving-average structure remains bearish.,Primary MACD structure still confirms downside momentum.,Trend is weak, but price has not entered a reduce zone or confirmed a breakdown.",hold,hold
2026-08-27,SQQQ,mid,ETF,True,hold,hold,hold,hold,False,False,False,False,False,"confidence,risk",3,7,retained_v1_plus_zero_profile_confidence_and_declared_source_validation,"Primary moving-average structure remains bearish.,OBV or price-volume behavior indicates distribution.,Trend is weak, but price has not entered a reduce zone or confirmed a breakdown.,10Y yield backdrop is restrictive for rate-sensitive risk.",hold,hold
2026-08-27,SQQQ,long,ETF,True,accumulate,accumulate,accumulate,accumulate,False,False,False,False,False,"confidence,risk",18,20,retained_v1_plus_zero_profile_confidence_and_declared_source_validation,"Relative Strength is lagging its relevant benchmarks.,Primary moving-average structure remains bearish.,OBV or price-volume behavior indicates distribution.,10Y yield backdrop is restrictive for rate-sensitive risk.",accumulate,accumulate
2026-08-27,TEM,short,stock,True,hold,hold,hold,hold,False,False,True,False,False,"confidence,risk",8,14,fixed_stock_short_v2_rebuild,v2_location,hold,hold
2026-08-27,TEM,mid,stock,True,hold,hold,hold,hold,False,False,False,False,False,"confidence,risk",19,23,retained_v1_plus_zero_profile_confidence_and_declared_source_validation,10Y yield backdrop is restrictive for rate-sensitive risk.,hold,hold
2026-08-27,TEM,long,stock,True,hold,hold,hold,hold,False,False,False,False,False,"confidence,risk",34,36,retained_v1_plus_zero_profile_confidence_and_declared_source_validation,"Price is extended into layered resistance rather than support.,10Y yield backdrop is restrictive for rate-sensitive risk.",hold,hold
2026-08-27,TQQQ,short,ETF,True,hold,hold,hold,hold,False,False,True,False,False,"confidence,risk",22,28,retained_v1_plus_zero_profile_confidence_and_declared_source_validation,"Current price is in the neutral space between actionable price zones.,10Y yield backdrop is restrictive for rate-sensitive risk.",hold,hold
2026-08-27,TQQQ,mid,ETF,True,accumulate,accumulate,accumulate,accumulate,False,False,False,False,False,"confidence,risk",3,7,retained_v1_plus_zero_profile_confidence_and_declared_source_validation,"Relative Strength is lagging its relevant benchmarks.,10Y yield backdrop is restrictive for rate-sensitive risk.",accumulate,accumulate
2026-08-27,TQQQ,long,ETF,True,hold,hold,hold,hold,False,False,False,False,False,"confidence,risk",25,27,retained_v1_plus_zero_profile_confidence_and_declared_source_validation,"Current price is in the neutral space between actionable price zones.,10Y yield backdrop is restrictive for rate-sensitive risk.",hold,hold
2026-08-27,TSLA,short,stock,True,hold,hold,hold,hold,False,False,True,False,False,"confidence,risk",0,6,fixed_stock_short_v2_rebuild,v2_location,hold,hold
2026-08-27,TSLA,mid,stock,True,hold,hold,hold,hold,False,False,False,False,False,"confidence,risk",2,6,retained_v1_plus_zero_profile_confidence_and_declared_source_validation,"Primary moving-average structure remains bearish.,Relative Strength is lagging its relevant benchmarks.,Price is approaching the reduce range but has not entered the recommended reduce/exit zone.,10Y yield backdrop is restrictive for rate-sensitive risk.",hold,hold
2026-08-27,TSLA,long,stock,True,hold,hold,hold,hold,False,False,False,False,False,"confidence,risk",13,15,retained_v1_plus_zero_profile_confidence_and_declared_source_validation,"Relative Strength is lagging its relevant benchmarks.,Primary MACD structure still confirms downside momentum.,Primary moving-average structure remains bearish.,OBV or price-volume behavior indicates distribution.,Trend is weak, but price has not entered a reduce zone or confirmed a breakdown.",hold,hold
2026-08-27,TSM,short,stock,True,hold,hold,accumulate,accumulate,False,False,True,False,False,"confidence,risk",20,26,fixed_stock_short_v2_rebuild,,hold,accumulate
2026-08-27,TSM,mid,stock,True,hold,hold,hold,hold,False,False,False,False,False,"confidence,risk",1,5,retained_v1_plus_zero_profile_confidence_and_declared_source_validation,"Relative Strength is lagging its relevant benchmarks.,Price is near the opportunity range but has not entered the recommended buy/add zone.,10Y yield backdrop is restrictive for rate-sensitive risk.",hold,hold
2026-08-27,TSM,long,stock,True,accumulate,accumulate,accumulate,accumulate,False,False,False,False,False,"confidence,risk",16,18,retained_v1_plus_zero_profile_confidence_and_declared_source_validation,"Primary MACD structure still confirms downside momentum.,10Y yield backdrop is restrictive for rate-sensitive risk.",accumulate,accumulate
2026-08-27,UNH,short,stock,True,hold,hold,hold,hold,False,False,True,False,False,"confidence,risk",0,6,fixed_stock_short_v2_rebuild,"v2_location,primary_moving_average_structure_remains_bearish,relative_strength_is_lagging_its_relevant_benchmarks",hold,hold
2026-08-27,UNH,mid,stock,True,hold,hold,hold,hold,False,False,False,False,False,"confidence,risk",0,4,retained_v1_plus_zero_profile_confidence_and_declared_source_validation,"OBV or price-volume behavior indicates distribution.,Price is near the opportunity range but has not entered the recommended buy/add zone.,10Y yield backdrop is restrictive for rate-sensitive risk.",hold,hold
2026-08-27,UNH,long,stock,True,accumulate,accumulate,accumulate,accumulate,False,False,False,False,False,"confidence,risk",4,6,retained_v1_plus_zero_profile_confidence_and_declared_source_validation,"OBV or price-volume behavior indicates distribution.,Primary MACD structure still confirms downside momentum.,Upside is extended and marginal momentum/participation is weakening.,10Y yield backdrop is restrictive for rate-sensitive risk.",accumulate,accumulate
2026-08-27,XE,short,stock,True,hold,hold,hold,hold,False,False,True,False,False,"confidence,risk",5,11,fixed_stock_short_v2_rebuild,v2_location,hold,hold
2026-08-27,XE,mid,stock,True,hold,hold,hold,hold,False,False,False,False,False,"confidence,risk",9,13,retained_v1_plus_zero_profile_confidence_and_declared_source_validation,"Relative Strength is lagging its relevant benchmarks.,OBV or price-volume behavior indicates distribution.,Primary moving-average structure remains bearish.,Primary MACD structure still confirms downside momentum.,Trend is weak, but price has not entered a reduce zone or confirmed a breakdown.",hold,hold
2026-08-27,XE,long,stock,True,hold,hold,hold,hold,False,False,False,False,False,"confidence,risk",18,20,retained_v1_plus_zero_profile_confidence_and_declared_source_validation,"OBV or price-volume behavior indicates distribution.,Current price is in the neutral space between actionable price zones.,10Y yield backdrop is restrictive for rate-sensitive risk.",hold,hold
2026-08-27,ZETA,short,stock,True,hold,hold,strong_buy,strong_buy,False,False,True,False,False,"confidence,risk",14,20,fixed_stock_short_v2_rebuild,,hold,strong_buy
2026-08-27,ZETA,mid,stock,True,hold,hold,hold,hold,False,False,False,False,False,"confidence,risk",22,26,retained_v1_plus_zero_profile_confidence_and_declared_source_validation,10Y yield backdrop is restrictive for rate-sensitive risk.,hold,hold
2026-08-27,ZETA,long,stock,True,hold,hold,hold,hold,False,False,False,False,False,"confidence,risk",23,25,retained_v1_plus_zero_profile_confidence_and_declared_source_validation,10Y yield backdrop is restrictive for rate-sensitive risk.,hold,hold
2026-08-28,AAPL,short,stock,True,hold,hold,hold,hold,False,False,True,False,False,"confidence,risk",5,11,fixed_stock_short_v2_rebuild,v2_location,hold,hold
2026-08-28,AAPL,mid,stock,True,hold,hold,hold,hold,False,False,False,False,False,"confidence,risk",5,9,retained_v1_plus_zero_profile_confidence_and_declared_source_validation,10Y yield backdrop is restrictive for rate-sensitive risk.,hold,hold
2026-08-28,AAPL,long,stock,True,hold,hold,hold,hold,False,False,False,False,False,"confidence,risk",9,11,retained_v1_plus_zero_profile_confidence_and_declared_source_validation,"Price is near the opportunity range but has not entered the recommended buy/add zone.,10Y yield backdrop is restrictive for rate-sensitive risk.",hold,hold
2026-08-28,AMD,short,stock,True,hold,hold,hold,hold,False,False,True,False,False,"confidence,risk",1,7,fixed_stock_short_v2_rebuild,"v2_location,primary_moving_average_structure_remains_bearish,relative_strength_is_lagging_its_relevant_benchmarks",hold,hold
2026-08-28,AMD,mid,stock,True,accumulate,accumulate,accumulate,accumulate,False,False,False,False,False,"confidence,risk",4,8,retained_v1_plus_zero_profile_confidence_and_declared_source_validation,"Relative Strength is lagging its relevant benchmarks.,Primary MACD structure still confirms downside momentum.,10Y yield backdrop is restrictive for rate-sensitive risk.",accumulate,accumulate
2026-08-28,AMD,long,stock,True,hold,hold,hold,hold,False,False,False,False,False,"confidence,risk",88,90,retained_v1_plus_zero_profile_confidence_and_declared_source_validation,"Volatility or extension risk is elevated.,Primary MACD structure still confirms downside momentum.,Current price is in the neutral space between actionable price zones.,10Y yield backdrop is restrictive for rate-sensitive risk.",hold,hold
2026-08-28,AMZN,short,stock,True,hold,hold,accumulate,accumulate,False,False,True,False,False,"confidence,risk",0,6,fixed_stock_short_v2_rebuild,relative_strength_is_lagging_its_relevant_benchmarks,hold,accumulate
2026-08-28,AMZN,mid,stock,True,hold,hold,hold,hold,False,False,False,False,False,"confidence,risk",1,5,retained_v1_plus_zero_profile_confidence_and_declared_source_validation,"OBV or price-volume behavior indicates distribution.,Current price is in the neutral space between actionable price zones.,10Y yield backdrop is restrictive for rate-sensitive risk.",hold,hold
2026-08-28,AMZN,long,stock,True,hold,hold,hold,hold,False,False,False,False,False,"confidence,risk",5,7,retained_v1_plus_zero_profile_confidence_and_declared_source_validation,10Y yield backdrop is restrictive for rate-sensitive risk.,hold,hold
2026-08-28,BABA,short,stock,True,hold,hold,hold,hold,False,False,True,False,False,"confidence,risk",5,11,fixed_stock_short_v2_rebuild,"v2_trend_resistance,primary_moving_average_structure_remains_bearish",hold,hold
2026-08-28,BABA,mid,stock,True,hold,hold,hold,hold,False,False,False,False,False,"confidence,risk",2,6,retained_v1_plus_zero_profile_confidence_and_declared_source_validation,"Primary MACD structure still confirms downside momentum.,Primary moving-average structure remains bearish.,Price is approaching the reduce range but has not entered the recommended reduce/exit zone.,10Y yield backdrop is restrictive for rate-sensitive risk.",hold,hold
2026-08-28,BABA,long,stock,True,hold,hold,hold,hold,False,False,False,False,False,"confidence,risk",8,10,retained_v1_plus_zero_profile_confidence_and_declared_source_validation,"Relative Strength is lagging its relevant benchmarks.,OBV or price-volume behavior indicates distribution.,Primary moving-average structure remains bearish.,Current price is in the neutral space between actionable price zones.,10Y yield backdrop is restrictive for rate-sensitive risk.",hold,hold
2026-08-28,CRCL,short,stock,True,accumulate,accumulate,hold,hold,False,False,True,False,False,"confidence,risk",5,11,fixed_stock_short_v2_rebuild,v2_location,accumulate,accumulate
2026-08-28,CRCL,mid,stock,True,hold,hold,hold,hold,False,False,False,False,False,"confidence,risk",8,12,retained_v1_plus_zero_profile_confidence_and_declared_source_validation,10Y yield backdrop is restrictive for rate-sensitive risk.,hold,hold
2026-08-28,CRCL,long,stock,True,hold,hold,hold,hold,False,False,False,False,False,"confidence,risk",18,20,retained_v1_plus_zero_profile_confidence_and_declared_source_validation,"Relative Strength is lagging its relevant benchmarks.,Current price is in the neutral space between actionable price zones.,10Y yield backdrop is restrictive for rate-sensitive risk.",hold,hold
2026-08-28,FFAI,short,stock,True,hold,hold,hold,hold,False,False,False,False,False,"confidence,risk",42,48,fixed_stock_short_v2_rebuild,"v2_entry_unconfirmed,primary_moving_average_structure_remains_bearish,relative_strength_is_lagging_its_relevant_benchmarks",hold,hold
2026-08-28,FFAI,mid,stock,True,hold,hold,hold,hold,False,False,False,False,False,"confidence,risk",23,27,retained_v1_plus_zero_profile_confidence_and_declared_source_validation,"Primary MACD structure still confirms downside momentum.,OBV or price-volume behavior indicates distribution.,Current price is in the neutral space between actionable price zones.,10Y yield backdrop is restrictive for rate-sensitive risk.",hold,hold
2026-08-28,FFAI,long,stock,True,hold,hold,hold,hold,False,False,False,False,False,"confidence,risk",88,90,retained_v1_plus_zero_profile_confidence_and_declared_source_validation,"Volatility or extension risk is elevated.,OBV or price-volume behavior indicates distribution.,Upside is extended and marginal momentum/participation is weakening.,10Y yield backdrop is restrictive for rate-sensitive risk.",hold,hold
2026-08-28,GEV,short,stock,True,accumulate,accumulate,hold,hold,False,False,True,False,False,"confidence,risk",2,8,fixed_stock_short_v2_rebuild,"v2_entry_unconfirmed,primary_moving_average_structure_remains_bearish,relative_strength_is_lagging_its_relevant_benchmarks",accumulate,hold
2026-08-28,GEV,mid,stock,True,hold,hold,hold,hold,False,False,False,False,False,"confidence,risk",4,8,retained_v1_plus_zero_profile_confidence_and_declared_source_validation,"Primary MACD structure still confirms downside momentum.,Primary moving-average structure remains bearish.,OBV or price-volume behavior indicates distribution.,Relative Strength is lagging its relevant benchmarks.,Trend is weak, but price has not entered a reduce zone or confirmed a breakdown.",hold,hold
2026-08-28,GEV,long,stock,True,accumulate,accumulate,accumulate,accumulate,False,False,False,False,False,"confidence,risk",84,86,retained_v1_plus_zero_profile_confidence_and_declared_source_validation,"Volatility or extension risk is elevated.,OBV or price-volume behavior indicates distribution.,Primary MACD structure still confirms downside momentum.,Upside is extended and marginal momentum/participation is weakening.,10Y yield backdrop is restrictive for rate-sensitive risk.",accumulate,accumulate
2026-08-28,GOOGL,short,stock,True,hold,hold,hold,hold,False,False,True,False,False,"confidence,risk",0,6,fixed_stock_short_v2_rebuild,"v2_location,relative_strength_is_lagging_its_relevant_benchmarks",hold,hold
2026-08-28,GOOGL,mid,stock,True,trim,trim,trim,trim,False,False,False,False,False,"confidence,risk",1,5,retained_v1_plus_zero_profile_confidence_and_declared_source_validation,"OBV or price-volume behavior indicates distribution.,Primary moving-average structure remains bearish.,Primary MACD structure still confirms downside momentum.,Price is extended into layered resistance rather than support.,Relative Strength is lagging its relevant benchmarks.",trim,trim
2026-08-28,GOOGL,long,stock,True,hold,hold,hold,hold,False,False,False,False,False,"confidence,risk",14,16,retained_v1_plus_zero_profile_confidence_and_declared_source_validation,"OBV or price-volume behavior indicates distribution.,Price is near the opportunity range but has not entered the recommended buy/add zone.,10Y yield backdrop is restrictive for rate-sensitive risk.",hold,hold
2026-08-28,HIMS,short,stock,True,hold,hold,trim,trim,False,False,True,False,False,"confidence,risk",3,9,fixed_stock_short_v2_rebuild,"v2_weak_resistance,primary_moving_average_structure_remains_bearish",hold,trim
2026-08-28,HIMS,mid,stock,True,hold,hold,hold,hold,False,False,False,False,False,"confidence,risk",11,15,retained_v1_plus_zero_profile_confidence_and_declared_source_validation,"Current price is in the neutral space between actionable price zones.,10Y yield backdrop is restrictive for rate-sensitive risk.",hold,hold
2026-08-28,HIMS,long,stock,True,hold,hold,hold,hold,False,False,False,False,False,"confidence,risk",18,20,retained_v1_plus_zero_profile_confidence_and_declared_source_validation,"OBV or price-volume behavior indicates distribution.,Upside is extended and marginal momentum/participation is weakening.,10Y yield backdrop is restrictive for rate-sensitive risk.",hold,hold
2026-08-28,META,short,stock,True,hold,hold,hold,hold,False,False,True,False,False,"confidence,risk",0,6,fixed_stock_short_v2_rebuild,v2_trend_resistance,hold,hold
2026-08-28,META,mid,stock,True,hold,hold,hold,hold,False,False,False,False,False,"confidence,risk",2,6,retained_v1_plus_zero_profile_confidence_and_declared_source_validation,"Primary moving-average structure remains bearish.,Current price is in the neutral space between actionable price zones.,10Y yield backdrop is restrictive for rate-sensitive risk.",hold,hold
2026-08-28,META,long,stock,True,hold,hold,hold,hold,False,False,False,False,False,"confidence,risk",18,20,retained_v1_plus_zero_profile_confidence_and_declared_source_validation,"Relative Strength is lagging its relevant benchmarks.,Primary MACD structure still confirms downside momentum.,OBV or price-volume behavior indicates distribution.,Primary moving-average structure remains bearish.,Trend is weak, but price has not entered a reduce zone or confirmed a breakdown.",hold,hold
2026-08-28,MPT,short,stock,True,hold,hold,hold,hold,False,False,False,False,False,"confidence,risk",0,6,fixed_stock_short_v2_rebuild,"v2_trend_resistance,primary_moving_average_structure_remains_bearish,relative_strength_is_lagging_its_relevant_benchmarks",hold,hold
2026-08-28,MPT,mid,stock,True,hold,hold,hold,hold,False,False,False,False,False,"confidence,risk",13,17,retained_v1_plus_zero_profile_confidence_and_declared_source_validation,"Primary moving-average structure remains bearish.,Relative Strength is lagging its relevant benchmarks.,OBV or price-volume behavior indicates distribution.,Price is near the opportunity range but has not entered the recommended buy/add zone.,10Y yield backdrop is restrictive for rate-sensitive risk.",hold,hold
2026-08-28,MPT,long,stock,True,sell,sell,sell,sell,False,False,False,False,False,"confidence,risk",7,9,retained_v1_plus_zero_profile_confidence_and_declared_source_validation,"Relative Strength is lagging its relevant benchmarks.,Primary MACD structure still confirms downside momentum.,Primary moving-average structure remains bearish.,OBV or price-volume behavior indicates distribution.,Price is extended into layered resistance rather than support.",sell,sell
2026-08-28,MSFT,short,stock,True,buy,buy,strong_buy,strong_buy,False,False,True,False,False,"confidence,risk",10,16,fixed_stock_short_v2_rebuild,,buy,strong_buy
2026-08-28,MSFT,mid,stock,True,hold,hold,hold,hold,False,False,False,False,False,"confidence,risk",74,78,retained_v1_plus_zero_profile_confidence_and_declared_source_validation,"Volatility or extension risk is elevated.,10Y yield backdrop is restrictive for rate-sensitive risk.",hold,hold
2026-08-28,MSFT,long,stock,True,hold,hold,hold,hold,False,False,False,False,False,"confidence,risk",11,13,retained_v1_plus_zero_profile_confidence_and_declared_source_validation,"OBV or price-volume behavior indicates distribution.,10Y yield backdrop is restrictive for rate-sensitive risk.",hold,hold
2026-08-28,MU,short,stock,True,hold,hold,hold,hold,False,False,True,False,False,"confidence,risk",2,8,fixed_stock_short_v2_rebuild,v2_trend_resistance,hold,hold
2026-08-28,MU,mid,stock,True,accumulate,accumulate,accumulate,accumulate,False,False,False,False,False,"confidence,risk",5,9,retained_v1_plus_zero_profile_confidence_and_declared_source_validation,"Relative Strength is lagging its relevant benchmarks.,10Y yield backdrop is restrictive for rate-sensitive risk.",accumulate,accumulate
2026-08-28,MU,long,stock,True,hold,hold,hold,hold,False,False,False,False,False,"confidence,risk",88,90,retained_v1_plus_zero_profile_confidence_and_declared_source_validation,"Volatility or extension risk is elevated.,OBV or price-volume behavior indicates distribution.,Primary MACD structure still confirms downside momentum.,Upside is extended and marginal momentum/participation is weakening.,Price is near the opportunity range but has not entered the recommended buy/add zone.",hold,hold
2026-08-28,NFLX,short,stock,True,hold,hold,hold,hold,False,False,True,False,False,"confidence,risk",0,6,fixed_stock_short_v2_rebuild,v2_trend_resistance,hold,hold
2026-08-28,NFLX,mid,stock,True,hold,hold,hold,hold,False,False,False,False,False,"confidence,risk",1,5,retained_v1_plus_zero_profile_confidence_and_declared_source_validation,10Y yield backdrop is restrictive for rate-sensitive risk.,hold,hold
2026-08-28,NFLX,long,stock,True,hold,hold,hold,hold,False,False,False,False,False,"confidence,risk",6,8,retained_v1_plus_zero_profile_confidence_and_declared_source_validation,"Relative Strength is lagging its relevant benchmarks.,Primary moving-average structure remains bearish.,Current price is in the neutral space between actionable price zones.,10Y yield backdrop is restrictive for rate-sensitive risk.",hold,hold
2026-08-28,NOK,short,stock,True,trim,trim,hold,hold,False,False,False,False,False,"confidence,risk",1,7,fixed_stock_short_v2_rebuild,v2_trend_resistance,trim,hold
2026-08-28,NOK,mid,stock,True,accumulate,accumulate,accumulate,accumulate,False,False,False,False,False,"confidence,risk",3,7,retained_v1_plus_zero_profile_confidence_and_declared_source_validation,"Relative Strength is lagging its relevant benchmarks.,Primary moving-average structure remains bearish.,10Y yield backdrop is restrictive for rate-sensitive risk.",accumulate,accumulate
2026-08-28,NOK,long,stock,True,hold,hold,hold,hold,False,False,False,False,False,"confidence,risk",27,29,retained_v1_plus_zero_profile_confidence_and_declared_source_validation,"OBV or price-volume behavior indicates distribution.,Current price is in the neutral space between actionable price zones.,10Y yield backdrop is restrictive for rate-sensitive risk.",hold,hold
2026-08-28,NOW,short,stock,True,hold,hold,hold,hold,False,False,True,False,False,"confidence,risk",25,31,fixed_stock_short_v2_rebuild,v2_location,hold,hold
2026-08-28,NOW,mid,stock,True,hold,hold,hold,hold,False,False,False,False,False,"confidence,risk",28,32,retained_v1_plus_zero_profile_confidence_and_declared_source_validation,10Y yield backdrop is restrictive for rate-sensitive risk.,hold,hold
2026-08-28,NOW,long,stock,True,hold,hold,hold,hold,False,False,False,False,False,"confidence,risk",20,22,retained_v1_plus_zero_profile_confidence_and_declared_source_validation,10Y yield backdrop is restrictive for rate-sensitive risk.,hold,hold
2026-08-28,NVDA,short,stock,True,accumulate,accumulate,hold,hold,False,False,True,False,False,"confidence,risk",6,12,fixed_stock_short_v2_rebuild,v2_location,accumulate,hold
2026-08-28,NVDA,mid,stock,True,hold,hold,hold,hold,False,False,False,False,False,"confidence,risk",2,6,retained_v1_plus_zero_profile_confidence_and_declared_source_validation,"OBV or price-volume behavior indicates distribution.,10Y yield backdrop is restrictive for rate-sensitive risk.",hold,hold
2026-08-28,NVDA,long,stock,True,hold,hold,hold,hold,False,False,False,False,False,"confidence,risk",11,13,retained_v1_plus_zero_profile_confidence_and_declared_source_validation,"Price is approaching the reduce range but has not entered the recommended reduce/exit zone.,10Y yield backdrop is restrictive for rate-sensitive risk.",hold,hold
2026-08-28,ORCL,short,stock,True,hold,hold,accumulate,accumulate,False,False,True,False,False,"confidence,risk",1,7,fixed_stock_short_v2_rebuild,,hold,accumulate
2026-08-28,ORCL,mid,stock,True,hold,hold,hold,hold,False,False,False,False,False,"confidence,risk",4,8,retained_v1_plus_zero_profile_confidence_and_declared_source_validation,"Relative Strength is lagging its relevant benchmarks.,Primary moving-average structure remains bearish.,Current price is in the neutral space between actionable price zones.,10Y yield backdrop is restrictive for rate-sensitive risk.",hold,hold
2026-08-28,ORCL,long,stock,True,hold,hold,hold,hold,False,False,False,False,False,"confidence,risk",19,21,retained_v1_plus_zero_profile_confidence_and_declared_source_validation,"OBV or price-volume behavior indicates distribution.,Primary moving-average structure remains bearish.,Relative Strength is lagging its relevant benchmarks.,Primary MACD structure still confirms downside momentum.,Price is approaching the reduce range but has not entered the recommended reduce/exit zone.",hold,hold
2026-08-28,PLTR,short,stock,True,hold,hold,hold,hold,False,False,True,False,False,"confidence,risk",11,17,fixed_stock_short_v2_rebuild,v2_location,hold,hold
2026-08-28,PLTR,mid,stock,True,hold,hold,hold,hold,False,False,False,False,False,"confidence,risk",22,26,retained_v1_plus_zero_profile_confidence_and_declared_source_validation,"Price is near the opportunity range but has not entered the recommended buy/add zone.,10Y yield backdrop is restrictive for rate-sensitive risk.",hold,hold
2026-08-28,PLTR,long,stock,True,hold,hold,hold,hold,False,False,False,False,False,"confidence,risk",14,16,retained_v1_plus_zero_profile_confidence_and_declared_source_validation,10Y yield backdrop is restrictive for rate-sensitive risk.,hold,hold
2026-08-28,QQQ,short,ETF,True,accumulate,accumulate,accumulate,accumulate,False,False,True,False,False,"confidence,risk",0,6,retained_v1_plus_zero_profile_confidence_and_declared_source_validation,"OBV or price-volume behavior indicates distribution.,10Y yield backdrop is restrictive for rate-sensitive risk.",accumulate,accumulate
2026-08-28,QQQ,mid,ETF,True,hold,hold,hold,hold,False,False,False,False,False,"confidence,risk",0,4,retained_v1_plus_zero_profile_confidence_and_declared_source_validation,"OBV or price-volume behavior indicates distribution.,Relative Strength is lagging its relevant benchmarks.,Price is near the opportunity range but has not entered the recommended buy/add zone.,10Y yield backdrop is restrictive for rate-sensitive risk.",hold,hold
2026-08-28,QQQ,long,ETF,True,hold,hold,hold,hold,False,False,False,False,False,"confidence,risk",7,9,retained_v1_plus_zero_profile_confidence_and_declared_source_validation,"Current price is in the neutral space between actionable price zones.,10Y yield backdrop is restrictive for rate-sensitive risk.",hold,hold
2026-08-28,SOFI,short,stock,True,accumulate,accumulate,hold,hold,False,False,False,False,False,"confidence,risk",1,7,fixed_stock_short_v2_rebuild,v2_entry_unconfirmed,accumulate,hold
2026-08-28,SOFI,mid,stock,True,accumulate,accumulate,accumulate,accumulate,False,False,False,False,False,"confidence,risk",3,7,retained_v1_plus_zero_profile_confidence_and_declared_source_validation,10Y yield backdrop is restrictive for rate-sensitive risk.,accumulate,accumulate
2026-08-28,SOFI,long,stock,True,hold,hold,hold,hold,False,False,False,False,False,"confidence,risk",18,21,retained_v1_plus_zero_profile_confidence_and_declared_source_validation,"OBV or price-volume behavior indicates distribution.,Relative Strength is lagging its relevant benchmarks.,Current price is in the neutral space between actionable price zones.,10Y yield backdrop is restrictive for rate-sensitive risk.",hold,hold
2026-08-28,SOXL,short,ETF,True,hold,hold,hold,hold,False,False,True,False,False,"confidence,risk",6,12,retained_v1_plus_zero_profile_confidence_and_declared_source_validation,"Primary moving-average structure remains bearish.,OBV or price-volume behavior indicates distribution.,Primary MACD structure still confirms downside momentum.,Relative Strength is lagging its relevant benchmarks.,Price is extended into layered resistance rather than support.",hold,hold
2026-08-28,SOXL,mid,ETF,True,hold,hold,hold,hold,False,False,False,False,False,"confidence,risk",18,22,retained_v1_plus_zero_profile_confidence_and_declared_source_validation,"Relative Strength is lagging its relevant benchmarks.,Primary moving-average structure remains bearish.,Price is near the opportunity range but has not entered the recommended buy/add zone.,10Y yield backdrop is restrictive for rate-sensitive risk.",hold,hold
2026-08-28,SOXL,long,ETF,True,hold,hold,hold,hold,False,False,False,False,False,"confidence,risk",89,91,retained_v1_plus_zero_profile_confidence_and_declared_source_validation,"Volatility or extension risk is elevated.,OBV or price-volume behavior indicates distribution.,Primary MACD structure still confirms downside momentum.,Upside is extended and marginal momentum/participation is weakening.,Price is near the opportunity range but has not entered the recommended buy/add zone.",hold,hold
2026-08-28,SOXS,short,ETF,True,hold,hold,hold,hold,False,False,True,False,True,"confidence,landscape,risk",4,10,retained_v1_plus_zero_profile_confidence_and_declared_source_validation,"Relative Strength is lagging its relevant benchmarks.,10Y yield backdrop is restrictive for rate-sensitive risk.",hold,hold
2026-08-28,SOXS,mid,ETF,True,hold,hold,hold,hold,False,False,False,False,False,"confidence,risk",36,40,retained_v1_plus_zero_profile_confidence_and_declared_source_validation,"Primary moving-average structure remains bearish.,OBV or price-volume behavior indicates distribution.,Price is approaching the reduce range but has not entered the recommended reduce/exit zone.,10Y yield backdrop is restrictive for rate-sensitive risk.",hold,hold
2026-08-28,SOXS,long,ETF,True,hold,hold,hold,hold,False,False,False,False,False,"confidence,risk",27,29,retained_v1_plus_zero_profile_confidence_and_declared_source_validation,"Relative Strength is lagging its relevant benchmarks.,Primary moving-average structure remains bearish.,OBV or price-volume behavior indicates distribution.,Price is near the opportunity range but has not entered the recommended buy/add zone.,10Y yield backdrop is restrictive for rate-sensitive risk.",hold,hold
2026-08-28,SPCX,short,stock,True,accumulate,accumulate,accumulate,accumulate,False,False,True,False,False,"confidence,risk",2,8,fixed_stock_short_v2_rebuild,,accumulate,accumulate
2026-08-28,SPCX,mid,stock,True,accumulate,accumulate,accumulate,accumulate,False,False,False,False,False,"confidence,risk",5,9,retained_v1_plus_zero_profile_confidence_and_declared_source_validation,"Primary moving-average structure remains bearish.,10Y yield backdrop is restrictive for rate-sensitive risk.",accumulate,accumulate
2026-08-28,SPCX,long,stock,True,avoid,avoid,avoid,avoid,False,False,False,False,False,"confidence,risk",0,2,retained_v1_plus_zero_profile_confidence_and_declared_source_validation,"Price landscape quality is insufficient for an actionable recommendation.,10Y yield backdrop is restrictive for rate-sensitive risk.",avoid,avoid
2026-08-28,SPMO,short,ETF,True,hold,hold,hold,hold,False,False,True,False,False,"confidence,risk",0,6,retained_v1_plus_zero_profile_confidence_and_declared_source_validation,"Primary MACD structure still confirms downside momentum.,Primary moving-average structure remains bearish.,Price is extended into layered resistance rather than support.,Trend is weak, but price has not entered a reduce zone or confirmed a breakdown.,10Y yield backdrop is restrictive for rate-sensitive risk.",hold,hold
2026-08-28,SPMO,mid,ETF,True,accumulate,accumulate,accumulate,accumulate,False,False,False,False,False,"confidence,risk",0,4,retained_v1_plus_zero_profile_confidence_and_declared_source_validation,"Primary MACD structure still confirms downside momentum.,Relative Strength is lagging its relevant benchmarks.,10Y yield backdrop is restrictive for rate-sensitive risk.",accumulate,accumulate
2026-08-28,SPMO,long,ETF,True,hold,hold,hold,hold,False,False,False,False,False,"confidence,risk",14,16,retained_v1_plus_zero_profile_confidence_and_declared_source_validation,"OBV or price-volume behavior indicates distribution.,Primary MACD structure still confirms downside momentum.,Upside is extended and marginal momentum/participation is weakening.,Current price is in the neutral space between actionable price zones.,10Y yield backdrop is restrictive for rate-sensitive risk.",hold,hold
2026-08-28,SQQQ,short,ETF,True,hold,hold,hold,hold,False,False,False,False,False,"confidence,risk",1,7,retained_v1_plus_zero_profile_confidence_and_declared_source_validation,"Primary MACD structure still confirms downside momentum.,OBV or price-volume behavior indicates distribution.,Relative Strength is lagging its relevant benchmarks.,Primary moving-average structure remains bearish.,Trend is weak, but price has not entered a reduce zone or confirmed a breakdown.",hold,hold
2026-08-28,SQQQ,mid,ETF,True,hold,hold,hold,hold,False,False,False,False,False,"confidence,risk",3,7,retained_v1_plus_zero_profile_confidence_and_declared_source_validation,"Primary moving-average structure remains bearish.,OBV or price-volume behavior indicates distribution.,Trend is weak, but price has not entered a reduce zone or confirmed a breakdown.,10Y yield backdrop is restrictive for rate-sensitive risk.",hold,hold
2026-08-28,SQQQ,long,ETF,True,hold,hold,hold,hold,False,False,False,False,False,"confidence,risk",18,20,retained_v1_plus_zero_profile_confidence_and_declared_source_validation,"Relative Strength is lagging its relevant benchmarks.,Primary moving-average structure remains bearish.,OBV or price-volume behavior indicates distribution.,Price is near the opportunity range but has not entered the recommended buy/add zone.,10Y yield backdrop is restrictive for rate-sensitive risk.",hold,hold
2026-08-28,TEM,short,stock,True,hold,hold,hold,hold,False,False,True,False,False,"confidence,risk",13,19,fixed_stock_short_v2_rebuild,v2_location,hold,hold
2026-08-28,TEM,mid,stock,True,hold,hold,hold,hold,False,False,False,False,False,"confidence,risk",9,13,retained_v1_plus_zero_profile_confidence_and_declared_source_validation,10Y yield backdrop is restrictive for rate-sensitive risk.,hold,hold
2026-08-28,TEM,long,stock,True,hold,hold,hold,hold,False,False,False,False,False,"confidence,risk",18,20,retained_v1_plus_zero_profile_confidence_and_declared_source_validation,10Y yield backdrop is restrictive for rate-sensitive risk.,hold,hold
2026-08-28,TQQQ,short,ETF,True,accumulate,accumulate,accumulate,accumulate,False,False,False,False,False,"confidence,risk",0,6,retained_v1_plus_zero_profile_confidence_and_declared_source_validation,10Y yield backdrop is restrictive for rate-sensitive risk.,accumulate,accumulate
2026-08-28,TQQQ,mid,ETF,True,hold,hold,hold,hold,False,False,False,False,False,"confidence,risk",3,7,retained_v1_plus_zero_profile_confidence_and_declared_source_validation,"Relative Strength is lagging its relevant benchmarks.,OBV or price-volume behavior indicates distribution.,Current price is in the neutral space between actionable price zones.,10Y yield backdrop is restrictive for rate-sensitive risk.",hold,hold
2026-08-28,TQQQ,long,ETF,True,hold,hold,hold,hold,False,False,False,False,False,"confidence,risk",25,27,retained_v1_plus_zero_profile_confidence_and_declared_source_validation,"Current price is in the neutral space between actionable price zones.,10Y yield backdrop is restrictive for rate-sensitive risk.",hold,hold
2026-08-28,TSLA,short,stock,True,accumulate,accumulate,hold,hold,False,False,True,False,False,"confidence,risk",0,6,fixed_stock_short_v2_rebuild,v2_entry_unconfirmed,accumulate,hold
2026-08-28,TSLA,mid,stock,True,hold,hold,hold,hold,False,False,False,False,False,"confidence,risk",2,6,retained_v1_plus_zero_profile_confidence_and_declared_source_validation,"Primary moving-average structure remains bearish.,Relative Strength is lagging its relevant benchmarks.,Current price is in the neutral space between actionable price zones.,10Y yield backdrop is restrictive for rate-sensitive risk.",hold,hold
2026-08-28,TSLA,long,stock,True,hold,hold,hold,hold,False,False,False,False,False,"confidence,risk",13,15,retained_v1_plus_zero_profile_confidence_and_declared_source_validation,"Relative Strength is lagging its relevant benchmarks.,Primary moving-average structure remains bearish.,OBV or price-volume behavior indicates distribution.,Primary MACD structure still confirms downside momentum.,Trend is weak, but price has not entered a reduce zone or confirmed a breakdown.",hold,hold
2026-08-28,TSM,short,stock,True,hold,hold,hold,hold,False,False,True,False,False,"confidence,risk",0,6,fixed_stock_short_v2_rebuild,v2_location,hold,hold
2026-08-28,TSM,mid,stock,True,accumulate,accumulate,accumulate,accumulate,False,False,False,False,False,"confidence,risk",1,5,retained_v1_plus_zero_profile_confidence_and_declared_source_validation,"Relative Strength is lagging its relevant benchmarks.,10Y yield backdrop is restrictive for rate-sensitive risk.",accumulate,accumulate
2026-08-28,TSM,long,stock,True,hold,hold,hold,hold,False,False,False,False,False,"confidence,risk",14,16,retained_v1_plus_zero_profile_confidence_and_declared_source_validation,"Primary MACD structure still confirms downside momentum.,Price is approaching the reduce range but has not entered the recommended reduce/exit zone.,10Y yield backdrop is restrictive for rate-sensitive risk.",hold,hold
2026-08-28,UNH,short,stock,True,hold,hold,hold,hold,False,False,True,False,False,"confidence,risk",0,6,fixed_stock_short_v2_rebuild,"v2_location,primary_moving_average_structure_remains_bearish,relative_strength_is_lagging_its_relevant_benchmarks",hold,hold
2026-08-28,UNH,mid,stock,True,hold,hold,hold,hold,False,False,False,False,False,"confidence,risk",0,4,retained_v1_plus_zero_profile_confidence_and_declared_source_validation,"OBV or price-volume behavior indicates distribution.,Price is near the opportunity range but has not entered the recommended buy/add zone.,10Y yield backdrop is restrictive for rate-sensitive risk.",hold,hold
2026-08-28,UNH,long,stock,True,hold,hold,hold,hold,False,False,False,False,False,"confidence,risk",4,6,retained_v1_plus_zero_profile_confidence_and_declared_source_validation,"OBV or price-volume behavior indicates distribution.,Primary MACD structure still confirms downside momentum.,Upside is extended and marginal momentum/participation is weakening.,Current price is in the neutral space between actionable price zones.,10Y yield backdrop is restrictive for rate-sensitive risk.",hold,hold
2026-08-28,XE,short,stock,True,hold,hold,hold,hold,False,False,True,False,False,"confidence,risk",5,11,fixed_stock_short_v2_rebuild,"v2_location,primary_moving_average_structure_remains_bearish",hold,hold
2026-08-28,XE,mid,stock,True,hold,hold,hold,hold,False,False,False,False,False,"confidence,risk",10,14,retained_v1_plus_zero_profile_confidence_and_declared_source_validation,"Relative Strength is lagging its relevant benchmarks.,Primary MACD structure still confirms downside momentum.,Primary moving-average structure remains bearish.,Trend is weak, but price has not entered a reduce zone or confirmed a breakdown.,10Y yield backdrop is restrictive for rate-sensitive risk.",hold,hold
2026-08-28,XE,long,stock,True,hold,hold,hold,hold,False,False,False,False,False,"confidence,risk",18,20,retained_v1_plus_zero_profile_confidence_and_declared_source_validation,"OBV or price-volume behavior indicates distribution.,Current price is in the neutral space between actionable price zones.,10Y yield backdrop is restrictive for rate-sensitive risk.",hold,hold
2026-08-28,ZETA,short,stock,True,hold,hold,hold,hold,False,False,True,False,False,"confidence,risk",22,28,fixed_stock_short_v2_rebuild,v2_location,hold,hold
2026-08-28,ZETA,mid,stock,True,hold,hold,hold,hold,False,False,False,False,False,"confidence,risk",22,26,retained_v1_plus_zero_profile_confidence_and_declared_source_validation,10Y yield backdrop is restrictive for rate-sensitive risk.,hold,hold
2026-08-28,ZETA,long,stock,True,hold,hold,hold,hold,False,False,False,False,False,"confidence,risk",23,25,retained_v1_plus_zero_profile_confidence_and_declared_source_validation,10Y yield backdrop is restrictive for rate-sensitive risk.,hold,hold
2026-08-31,AAPL,short,stock,True,hold,hold,accumulate,accumulate,False,False,True,False,False,"confidence,risk",0,6,fixed_stock_short_v2_rebuild,,hold,hold
2026-08-31,AAPL,mid,stock,True,hold,hold,hold,hold,False,False,False,False,False,"confidence,risk",0,4,retained_v1_plus_zero_profile_confidence_and_declared_source_validation,10Y yield backdrop is restrictive for rate-sensitive risk.,hold,hold
2026-08-31,AAPL,long,stock,True,accumulate,accumulate,accumulate,accumulate,False,False,False,False,False,"confidence,risk",9,11,retained_v1_plus_zero_profile_confidence_and_declared_source_validation,"Primary MACD structure still confirms downside momentum.,10Y yield backdrop is restrictive for rate-sensitive risk.",accumulate,accumulate
2026-08-31,AMD,short,stock,True,accumulate,accumulate,hold,hold,False,False,True,False,False,"confidence,risk",1,7,fixed_stock_short_v2_rebuild,"v2_location,primary_moving_average_structure_remains_bearish,relative_strength_is_lagging_its_relevant_benchmarks",accumulate,accumulate
2026-08-31,AMD,mid,stock,True,accumulate,accumulate,accumulate,accumulate,False,False,False,False,False,"confidence,risk",4,8,retained_v1_plus_zero_profile_confidence_and_declared_source_validation,"Relative Strength is lagging its relevant benchmarks.,10Y yield backdrop is restrictive for rate-sensitive risk.",accumulate,accumulate
2026-08-31,AMD,long,stock,True,accumulate,accumulate,accumulate,accumulate,False,False,False,False,False,"confidence,risk",28,30,retained_v1_plus_zero_profile_confidence_and_declared_source_validation,"Primary MACD structure still confirms downside momentum.,Upside is extended and marginal momentum/participation is weakening.,10Y yield backdrop is restrictive for rate-sensitive risk.",accumulate,accumulate
2026-08-31,AMZN,short,stock,True,hold,hold,hold,hold,False,False,True,False,False,"confidence,risk",0,6,fixed_stock_short_v2_rebuild,"v2_location,relative_strength_is_lagging_its_relevant_benchmarks",hold,hold
2026-08-31,AMZN,mid,stock,True,accumulate,accumulate,accumulate,accumulate,False,False,False,False,False,"confidence,risk",1,5,retained_v1_plus_zero_profile_confidence_and_declared_source_validation,"OBV or price-volume behavior indicates distribution.,Primary MACD structure still confirms downside momentum.,10Y yield backdrop is restrictive for rate-sensitive risk.",accumulate,accumulate
2026-08-31,AMZN,long,stock,True,hold,hold,hold,hold,False,False,False,False,False,"confidence,risk",10,12,retained_v1_plus_zero_profile_confidence_and_declared_source_validation,10Y yield backdrop is restrictive for rate-sensitive risk.,hold,hold
2026-08-31,BABA,short,stock,True,sell,sell,sell,sell,False,False,False,False,False,"confidence,risk",6,12,fixed_stock_short_v2_rebuild,"v2_break,primary_moving_average_structure_remains_bearish,relative_strength_is_lagging_its_relevant_benchmarks",sell,sell
2026-08-31,BABA,mid,stock,True,hold,hold,hold,hold,False,False,False,False,False,"confidence,risk",4,8,retained_v1_plus_zero_profile_confidence_and_declared_source_validation,"Primary MACD structure still confirms downside momentum.,Primary moving-average structure remains bearish.,Relative Strength is lagging its relevant benchmarks.,Trend is weak, but price has not entered a reduce zone or confirmed a breakdown.,10Y yield backdrop is restrictive for rate-sensitive risk.",hold,hold
2026-08-31,BABA,long,stock,True,hold,hold,hold,hold,False,False,False,False,False,"confidence,risk",15,17,retained_v1_plus_zero_profile_confidence_and_declared_source_validation,"Relative Strength is lagging its relevant benchmarks.,Primary moving-average structure remains bearish.,OBV or price-volume behavior indicates distribution.,Current price is in the neutral space between actionable price zones.,10Y yield backdrop is restrictive for rate-sensitive risk.",hold,hold
2026-08-31,CRCL,short,stock,True,hold,hold,hold,hold,False,False,True,False,False,"confidence,risk",6,12,fixed_stock_short_v2_rebuild,v2_location,hold,hold
2026-08-31,CRCL,mid,stock,True,hold,hold,hold,hold,False,False,False,False,False,"confidence,risk",18,22,retained_v1_plus_zero_profile_confidence_and_declared_source_validation,10Y yield backdrop is restrictive for rate-sensitive risk.,hold,hold
2026-08-31,CRCL,long,stock,True,hold,hold,hold,hold,False,False,False,False,False,"confidence,risk",18,20,retained_v1_plus_zero_profile_confidence_and_declared_source_validation,"Relative Strength is lagging its relevant benchmarks.,Current price is in the neutral space between actionable price zones.,10Y yield backdrop is restrictive for rate-sensitive risk.",hold,hold
2026-08-31,FFAI,short,stock,True,hold,hold,avoid,avoid,False,False,False,False,False,"confidence,risk",42,48,fixed_stock_short_v2_rebuild,"v2_structure_missing,primary_moving_average_structure_remains_bearish,relative_strength_is_lagging_its_relevant_benchmarks",hold,hold
2026-08-31,FFAI,mid,stock,True,hold,hold,hold,hold,False,False,False,False,False,"confidence,risk",23,27,retained_v1_plus_zero_profile_confidence_and_declared_source_validation,"Primary MACD structure still confirms downside momentum.,OBV or price-volume behavior indicates distribution.,Current price is in the neutral space between actionable price zones.,10Y yield backdrop is restrictive for rate-sensitive risk.",hold,hold
2026-08-31,FFAI,long,stock,True,hold,hold,hold,hold,False,False,False,False,False,"confidence,risk",88,90,retained_v1_plus_zero_profile_confidence_and_declared_source_validation,"Volatility or extension risk is elevated.,OBV or price-volume behavior indicates distribution.,Upside is extended and marginal momentum/participation is weakening.,10Y yield backdrop is restrictive for rate-sensitive risk.",hold,hold
2026-08-31,GEV,short,stock,True,sell,sell,hold,hold,False,False,True,False,False,"confidence,risk",1,7,fixed_stock_short_v2_rebuild,"v2_entry_unconfirmed,primary_moving_average_structure_remains_bearish,relative_strength_is_lagging_its_relevant_benchmarks",sell,hold
2026-08-31,GEV,mid,stock,True,hold,hold,hold,hold,False,False,False,False,False,"confidence,risk",6,10,retained_v1_plus_zero_profile_confidence_and_declared_source_validation,"Primary MACD structure still confirms downside momentum.,Primary moving-average structure remains bearish.,OBV or price-volume behavior indicates distribution.,Relative Strength is lagging its relevant benchmarks.,Upside is extended and marginal momentum/participation is weakening.",hold,hold
2026-08-31,GEV,long,stock,True,accumulate,accumulate,accumulate,accumulate,False,False,False,False,False,"confidence,risk",84,86,retained_v1_plus_zero_profile_confidence_and_declared_source_validation,"OBV or price-volume behavior indicates distribution.,Volatility or extension risk is elevated.,Primary MACD structure still confirms downside momentum.,Upside is extended and marginal momentum/participation is weakening.,10Y yield backdrop is restrictive for rate-sensitive risk.",accumulate,accumulate
2026-08-31,GOOGL,short,stock,True,accumulate,accumulate,hold,hold,False,False,True,False,False,"confidence,risk",0,6,fixed_stock_short_v2_rebuild,"v2_location,primary_moving_average_structure_remains_bearish,relative_strength_is_lagging_its_relevant_benchmarks",accumulate,hold
2026-08-31,GOOGL,mid,stock,True,hold,hold,hold,hold,False,False,False,False,False,"confidence,risk",1,5,retained_v1_plus_zero_profile_confidence_and_declared_source_validation,"Primary MACD structure still confirms downside momentum.,Primary moving-average structure remains bearish.,OBV or price-volume behavior indicates distribution.,Relative Strength is lagging its relevant benchmarks.,Price is extended into layered resistance rather than support.",hold,hold
2026-08-31,GOOGL,long,stock,True,accumulate,accumulate,accumulate,accumulate,False,False,False,False,False,"confidence,risk",14,16,retained_v1_plus_zero_profile_confidence_and_declared_source_validation,"OBV or price-volume behavior indicates distribution.,Primary MACD structure still confirms downside momentum.,10Y yield backdrop is restrictive for rate-sensitive risk.",accumulate,accumulate
2026-08-31,HIMS,short,stock,True,trim,trim,trim,trim,False,False,True,False,False,"confidence,risk",3,9,fixed_stock_short_v2_rebuild,"v2_weak_resistance,primary_moving_average_structure_remains_bearish",trim,trim
2026-08-31,HIMS,mid,stock,True,accumulate,accumulate,accumulate,accumulate,False,False,False,False,False,"confidence,risk",11,15,retained_v1_plus_zero_profile_confidence_and_declared_source_validation,10Y yield backdrop is restrictive for rate-sensitive risk.,accumulate,accumulate
2026-08-31,HIMS,long,stock,True,hold,hold,hold,hold,False,False,False,False,False,"confidence,risk",18,20,retained_v1_plus_zero_profile_confidence_and_declared_source_validation,"OBV or price-volume behavior indicates distribution.,Upside is extended and marginal momentum/participation is weakening.,10Y yield backdrop is restrictive for rate-sensitive risk.",hold,hold
2026-08-31,META,short,stock,True,hold,hold,hold,hold,False,False,True,False,False,"confidence,risk",0,6,fixed_stock_short_v2_rebuild,v2_location,hold,hold
2026-08-31,META,mid,stock,True,hold,hold,hold,hold,False,False,False,False,False,"confidence,risk",2,6,retained_v1_plus_zero_profile_confidence_and_declared_source_validation,"Primary moving-average structure remains bearish.,Relative Strength is lagging its relevant benchmarks.,Current price is in the neutral space between actionable price zones.,10Y yield backdrop is restrictive for rate-sensitive risk.",hold,hold
2026-08-31,META,long,stock,True,hold,hold,hold,hold,False,False,False,False,False,"confidence,risk",18,20,retained_v1_plus_zero_profile_confidence_and_declared_source_validation,"Relative Strength is lagging its relevant benchmarks.,Primary MACD structure still confirms downside momentum.,OBV or price-volume behavior indicates distribution.,Primary moving-average structure remains bearish.,Trend is weak, but price has not entered a reduce zone or confirmed a breakdown.",hold,hold
2026-08-31,MPT,short,stock,True,accumulate,accumulate,hold,hold,False,False,False,False,False,"confidence,risk",6,12,fixed_stock_short_v2_rebuild,"v2_entry_unconfirmed,primary_moving_average_structure_remains_bearish,relative_strength_is_lagging_its_relevant_benchmarks",accumulate,hold
2026-08-31,MPT,mid,stock,True,accumulate,accumulate,accumulate,accumulate,False,False,False,False,False,"confidence,risk",17,21,retained_v1_plus_zero_profile_confidence_and_declared_source_validation,"Primary moving-average structure remains bearish.,Relative Strength is lagging its relevant benchmarks.,OBV or price-volume behavior indicates distribution.,Primary MACD structure still confirms downside momentum.,10Y yield backdrop is restrictive for rate-sensitive risk.",accumulate,accumulate
2026-08-31,MPT,long,stock,True,sell,sell,sell,sell,False,False,False,False,False,"confidence,risk",15,17,retained_v1_plus_zero_profile_confidence_and_declared_source_validation,"Relative Strength is lagging its relevant benchmarks.,Primary MACD structure still confirms downside momentum.,Primary moving-average structure remains bearish.,OBV or price-volume behavior indicates distribution.,Price is extended into layered resistance rather than support.",sell,sell
2026-08-31,MSFT,short,stock,True,hold,hold,hold,hold,False,False,True,False,False,"confidence,risk",0,6,fixed_stock_short_v2_rebuild,v2_location,hold,hold
2026-08-31,MSFT,mid,stock,True,hold,hold,hold,hold,False,False,False,False,False,"confidence,risk",27,31,retained_v1_plus_zero_profile_confidence_and_declared_source_validation,10Y yield backdrop is restrictive for rate-sensitive risk.,hold,hold
2026-08-31,MSFT,long,stock,True,hold,hold,hold,hold,False,False,False,False,False,"confidence,risk",9,11,retained_v1_plus_zero_profile_confidence_and_declared_source_validation,"OBV or price-volume behavior indicates distribution.,10Y yield backdrop is restrictive for rate-sensitive risk.",hold,hold
2026-08-31,MU,short,stock,True,trim,trim,hold,hold,False,False,True,False,False,"confidence,risk",2,8,fixed_stock_short_v2_rebuild,v2_entry_unconfirmed,trim,hold
2026-08-31,MU,mid,stock,True,hold,hold,hold,hold,False,False,False,False,False,"confidence,risk",5,9,retained_v1_plus_zero_profile_confidence_and_declared_source_validation,"Relative Strength is lagging its relevant benchmarks.,Price is near the opportunity range but has not entered the recommended buy/add zone.,10Y yield backdrop is restrictive for rate-sensitive risk.",hold,hold
2026-08-31,MU,long,stock,True,hold,hold,hold,hold,False,False,False,False,False,"confidence,risk",88,90,retained_v1_plus_zero_profile_confidence_and_declared_source_validation,"Volatility or extension risk is elevated.,OBV or price-volume behavior indicates distribution.,Primary MACD structure still confirms downside momentum.,Upside is extended and marginal momentum/participation is weakening.,10Y yield backdrop is restrictive for rate-sensitive risk.",hold,hold
2026-08-31,NFLX,short,stock,True,hold,hold,hold,hold,False,False,True,False,False,"confidence,risk",0,6,fixed_stock_short_v2_rebuild,v2_trend_resistance,hold,hold
2026-08-31,NFLX,mid,stock,True,trim,trim,trim,trim,False,False,False,False,False,"confidence,risk",1,5,retained_v1_plus_zero_profile_confidence_and_declared_source_validation,"Current price has reached the reduce zone; reduce exposure rather than add.,10Y yield backdrop is restrictive for rate-sensitive risk.",trim,trim
2026-08-31,NFLX,long,stock,True,hold,hold,hold,hold,False,False,False,False,False,"confidence,risk",6,8,retained_v1_plus_zero_profile_confidence_and_declared_source_validation,"Relative Strength is lagging its relevant benchmarks.,OBV or price-volume behavior indicates distribution.,Primary moving-average structure remains bearish.,Current price is in the neutral space between actionable price zones.,10Y yield backdrop is restrictive for rate-sensitive risk.",hold,hold
2026-08-31,NOK,short,stock,True,accumulate,accumulate,hold,hold,False,False,False,False,False,"confidence,risk",1,7,fixed_stock_short_v2_rebuild,v2_entry_unconfirmed,accumulate,hold
2026-08-31,NOK,mid,stock,True,accumulate,accumulate,accumulate,accumulate,False,False,False,False,False,"confidence,risk",4,8,retained_v1_plus_zero_profile_confidence_and_declared_source_validation,"Relative Strength is lagging its relevant benchmarks.,Primary moving-average structure remains bearish.,10Y yield backdrop is restrictive for rate-sensitive risk.",accumulate,accumulate
2026-08-31,NOK,long,stock,True,hold,hold,hold,hold,False,False,False,False,False,"confidence,risk",27,29,retained_v1_plus_zero_profile_confidence_and_declared_source_validation,"OBV or price-volume behavior indicates distribution.,Current price is in the neutral space between actionable price zones.,10Y yield backdrop is restrictive for rate-sensitive risk.",hold,hold
2026-08-31,NOW,short,stock,True,hold,hold,hold,hold,False,False,True,False,False,"confidence,risk",25,31,fixed_stock_short_v2_rebuild,v2_location,hold,hold
2026-08-31,NOW,mid,stock,True,hold,hold,hold,hold,False,False,False,False,False,"confidence,risk",30,34,retained_v1_plus_zero_profile_confidence_and_declared_source_validation,10Y yield backdrop is restrictive for rate-sensitive risk.,hold,hold
2026-08-31,NOW,long,stock,True,hold,hold,hold,hold,False,False,False,False,False,"confidence,risk",15,17,retained_v1_plus_zero_profile_confidence_and_declared_source_validation,10Y yield backdrop is restrictive for rate-sensitive risk.,hold,hold
2026-08-31,NVDA,short,stock,True,hold,hold,hold,hold,False,False,True,False,False,"confidence,risk",0,6,fixed_stock_short_v2_rebuild,v2_entry_unconfirmed,hold,hold
2026-08-31,NVDA,mid,stock,True,hold,hold,hold,hold,False,False,False,False,False,"confidence,risk",2,6,retained_v1_plus_zero_profile_confidence_and_declared_source_validation,"OBV or price-volume behavior indicates distribution.,10Y yield backdrop is restrictive for rate-sensitive risk.",hold,hold
2026-08-31,NVDA,long,stock,True,hold,hold,hold,hold,False,False,False,False,False,"confidence,risk",6,8,retained_v1_plus_zero_profile_confidence_and_declared_source_validation,"Price is approaching the reduce range but has not entered the recommended reduce/exit zone.,10Y yield backdrop is restrictive for rate-sensitive risk.",hold,hold
2026-08-31,ORCL,short,stock,True,hold,hold,hold,hold,False,False,True,False,False,"confidence,risk",1,7,fixed_stock_short_v2_rebuild,v2_location,hold,hold
2026-08-31,ORCL,mid,stock,True,hold,hold,hold,hold,False,False,False,False,False,"confidence,risk",3,7,retained_v1_plus_zero_profile_confidence_and_declared_source_validation,"Relative Strength is lagging its relevant benchmarks.,Primary moving-average structure remains bearish.,Current price is in the neutral space between actionable price zones.,10Y yield backdrop is restrictive for rate-sensitive risk.",hold,hold
2026-08-31,ORCL,long,stock,True,hold,hold,hold,hold,False,False,False,False,False,"confidence,risk",19,21,retained_v1_plus_zero_profile_confidence_and_declared_source_validation,"OBV or price-volume behavior indicates distribution.,Primary moving-average structure remains bearish.,Relative Strength is lagging its relevant benchmarks.,Price is approaching the reduce range but has not entered the recommended reduce/exit zone.,10Y yield backdrop is restrictive for rate-sensitive risk.",hold,hold
2026-08-31,PLTR,short,stock,True,trim,trim,hold,hold,False,False,True,False,False,"confidence,risk",7,13,fixed_stock_short_v2_rebuild,v2_trend_resistance,trim,hold
2026-08-31,PLTR,mid,stock,True,hold,hold,hold,hold,False,False,False,False,False,"confidence,risk",22,26,retained_v1_plus_zero_profile_confidence_and_declared_source_validation,"Price is near the opportunity range but has not entered the recommended buy/add zone.,10Y yield backdrop is restrictive for rate-sensitive risk.",hold,hold
2026-08-31,PLTR,long,stock,True,hold,hold,hold,hold,False,False,False,False,False,"confidence,risk",13,15,retained_v1_plus_zero_profile_confidence_and_declared_source_validation,10Y yield backdrop is restrictive for rate-sensitive risk.,hold,hold
2026-08-31,QQQ,short,ETF,True,accumulate,accumulate,accumulate,accumulate,False,False,True,False,False,"confidence,risk",0,6,retained_v1_plus_zero_profile_confidence_and_declared_source_validation,"OBV or price-volume behavior indicates distribution.,10Y yield backdrop is restrictive for rate-sensitive risk.",accumulate,accumulate
2026-08-31,QQQ,mid,ETF,True,hold,hold,hold,hold,False,False,False,False,False,"confidence,risk",0,4,retained_v1_plus_zero_profile_confidence_and_declared_source_validation,"OBV or price-volume behavior indicates distribution.,Relative Strength is lagging its relevant benchmarks.,Price is near the opportunity range but has not entered the recommended buy/add zone.,10Y yield backdrop is restrictive for rate-sensitive risk.",hold,hold
2026-08-31,QQQ,long,ETF,True,hold,hold,hold,hold,False,False,False,False,False,"confidence,risk",7,9,retained_v1_plus_zero_profile_confidence_and_declared_source_validation,"Current price is in the neutral space between actionable price zones.,10Y yield backdrop is restrictive for rate-sensitive risk.",hold,hold
2026-08-31,SOFI,short,stock,True,hold,hold,trim,trim,False,False,False,False,False,"confidence,risk",1,7,fixed_stock_short_v2_rebuild,v2_weak_resistance,hold,trim
2026-08-31,SOFI,mid,stock,True,accumulate,accumulate,accumulate,accumulate,False,False,False,False,False,"confidence,risk",3,7,retained_v1_plus_zero_profile_confidence_and_declared_source_validation,10Y yield backdrop is restrictive for rate-sensitive risk.,accumulate,accumulate
2026-08-31,SOFI,long,stock,True,hold,hold,hold,hold,False,False,False,False,False,"confidence,risk",18,21,retained_v1_plus_zero_profile_confidence_and_declared_source_validation,"Relative Strength is lagging its relevant benchmarks.,Current price is in the neutral space between actionable price zones.,10Y yield backdrop is restrictive for rate-sensitive risk.",hold,hold
2026-08-31,SOXL,short,ETF,True,accumulate,accumulate,accumulate,accumulate,False,False,True,False,False,"confidence,risk",5,11,retained_v1_plus_zero_profile_confidence_and_declared_source_validation,"Primary moving-average structure remains bearish.,Primary MACD structure still confirms downside momentum.,Relative Strength is lagging its relevant benchmarks.,10Y yield backdrop is restrictive for rate-sensitive risk.",accumulate,accumulate
2026-08-31,SOXL,mid,ETF,True,hold,hold,hold,hold,False,False,False,False,False,"confidence,risk",18,22,retained_v1_plus_zero_profile_confidence_and_declared_source_validation,"Relative Strength is lagging its relevant benchmarks.,Primary moving-average structure remains bearish.,Price is near the opportunity range but has not entered the recommended buy/add zone.,10Y yield backdrop is restrictive for rate-sensitive risk.",hold,hold
2026-08-31,SOXL,long,ETF,True,hold,hold,hold,hold,False,False,False,False,False,"confidence,risk",89,91,retained_v1_plus_zero_profile_confidence_and_declared_source_validation,"Volatility or extension risk is elevated.,Primary MACD structure still confirms downside momentum.,Current price is in the neutral space between actionable price zones.,10Y yield backdrop is restrictive for rate-sensitive risk.",hold,hold
2026-08-31,SOXS,short,ETF,True,hold,hold,hold,hold,False,False,True,False,False,"confidence,risk",4,10,retained_v1_plus_zero_profile_confidence_and_declared_source_validation,"OBV or price-volume behavior indicates distribution.,Relative Strength is lagging its relevant benchmarks.,10Y yield backdrop is restrictive for rate-sensitive risk.",hold,hold
2026-08-31,SOXS,mid,ETF,True,hold,hold,hold,hold,False,False,False,False,False,"confidence,risk",36,40,retained_v1_plus_zero_profile_confidence_and_declared_source_validation,"Primary moving-average structure remains bearish.,OBV or price-volume behavior indicates distribution.,Price is approaching the reduce range but has not entered the recommended reduce/exit zone.,10Y yield backdrop is restrictive for rate-sensitive risk.",hold,hold
2026-08-31,SOXS,long,ETF,True,hold,hold,hold,hold,False,False,False,False,False,"confidence,risk",27,29,retained_v1_plus_zero_profile_confidence_and_declared_source_validation,"Relative Strength is lagging its relevant benchmarks.,Primary moving-average structure remains bearish.,OBV or price-volume behavior indicates distribution.,Price is near the opportunity range but has not entered the recommended buy/add zone.,10Y yield backdrop is restrictive for rate-sensitive risk.",hold,hold
2026-08-31,SPCX,short,stock,True,buy,buy,accumulate,accumulate,False,False,True,False,False,"confidence,risk",6,12,fixed_stock_short_v2_rebuild,,buy,accumulate
2026-08-31,SPCX,mid,stock,True,hold,hold,hold,hold,False,False,False,False,False,"confidence,risk",4,8,retained_v1_plus_zero_profile_confidence_and_declared_source_validation,"Primary moving-average structure remains bearish.,Price is near the opportunity range but has not entered the recommended buy/add zone.,10Y yield backdrop is restrictive for rate-sensitive risk.",hold,hold
2026-08-31,SPCX,long,stock,True,avoid,avoid,avoid,avoid,False,False,False,False,False,"confidence,risk",0,2,retained_v1_plus_zero_profile_confidence_and_declared_source_validation,"Price landscape quality is insufficient for an actionable recommendation.,10Y yield backdrop is restrictive for rate-sensitive risk.",avoid,avoid
2026-08-31,SPMO,short,ETF,True,hold,hold,hold,hold,False,False,False,False,False,"confidence,risk",0,6,retained_v1_plus_zero_profile_confidence_and_declared_source_validation,"Primary MACD structure still confirms downside momentum.,Primary moving-average structure remains bearish.,Price is near the opportunity range but has not entered the recommended buy/add zone.,10Y yield backdrop is restrictive for rate-sensitive risk.",hold,hold
2026-08-31,SPMO,mid,ETF,True,accumulate,accumulate,accumulate,accumulate,False,False,False,False,False,"confidence,risk",0,4,retained_v1_plus_zero_profile_confidence_and_declared_source_validation,"Primary MACD structure still confirms downside momentum.,Relative Strength is lagging its relevant benchmarks.,10Y yield backdrop is restrictive for rate-sensitive risk.",accumulate,accumulate
2026-08-31,SPMO,long,ETF,True,hold,hold,hold,hold,False,False,False,False,False,"confidence,risk",12,14,retained_v1_plus_zero_profile_confidence_and_declared_source_validation,"OBV or price-volume behavior indicates distribution.,Primary MACD structure still confirms downside momentum.,Upside is extended and marginal momentum/participation is weakening.,Current price is in the neutral space between actionable price zones.,10Y yield backdrop is restrictive for rate-sensitive risk.",hold,hold
2026-08-31,SQQQ,short,ETF,True,trim,trim,trim,trim,False,False,False,False,False,"confidence,risk",0,6,retained_v1_plus_zero_profile_confidence_and_declared_source_validation,"Primary MACD structure still confirms downside momentum.,Relative Strength is lagging its relevant benchmarks.,Primary moving-average structure remains bearish.,Current price has reached the reduce zone; reduce exposure rather than add.,10Y yield backdrop is restrictive for rate-sensitive risk.",trim,trim
2026-08-31,SQQQ,mid,ETF,True,hold,hold,hold,hold,False,False,False,False,False,"confidence,risk",3,7,retained_v1_plus_zero_profile_confidence_and_declared_source_validation,"Primary moving-average structure remains bearish.,OBV or price-volume behavior indicates distribution.,Trend is weak, but price has not entered a reduce zone or confirmed a breakdown.,10Y yield backdrop is restrictive for rate-sensitive risk.",hold,hold
2026-08-31,SQQQ,long,ETF,True,hold,hold,hold,hold,False,False,False,False,False,"confidence,risk",18,20,retained_v1_plus_zero_profile_confidence_and_declared_source_validation,"Relative Strength is lagging its relevant benchmarks.,Primary moving-average structure remains bearish.,OBV or price-volume behavior indicates distribution.,Price is near the opportunity range but has not entered the recommended buy/add zone.,10Y yield backdrop is restrictive for rate-sensitive risk.",hold,hold
2026-08-31,TEM,short,stock,True,trim,trim,hold,hold,False,False,True,False,False,"confidence,risk",13,19,fixed_stock_short_v2_rebuild,v2_trend_resistance,trim,hold
2026-08-31,TEM,mid,stock,True,hold,hold,hold,hold,False,False,False,False,False,"confidence,risk",11,15,retained_v1_plus_zero_profile_confidence_and_declared_source_validation,10Y yield backdrop is restrictive for rate-sensitive risk.,hold,hold
2026-08-31,TEM,long,stock,True,hold,hold,hold,hold,False,False,False,False,False,"confidence,risk",22,24,retained_v1_plus_zero_profile_confidence_and_declared_source_validation,10Y yield backdrop is restrictive for rate-sensitive risk.,hold,hold
2026-08-31,TQQQ,short,ETF,True,accumulate,accumulate,accumulate,accumulate,False,False,False,False,False,"confidence,risk",0,6,retained_v1_plus_zero_profile_confidence_and_declared_source_validation,"OBV or price-volume behavior indicates distribution.,10Y yield backdrop is restrictive for rate-sensitive risk.",accumulate,accumulate
2026-08-31,TQQQ,mid,ETF,True,hold,hold,hold,hold,False,False,False,False,False,"confidence,risk",3,7,retained_v1_plus_zero_profile_confidence_and_declared_source_validation,"Relative Strength is lagging its relevant benchmarks.,OBV or price-volume behavior indicates distribution.,Current price is in the neutral space between actionable price zones.,10Y yield backdrop is restrictive for rate-sensitive risk.",hold,hold
2026-08-31,TQQQ,long,ETF,True,hold,hold,hold,hold,False,False,False,False,False,"confidence,risk",22,24,retained_v1_plus_zero_profile_confidence_and_declared_source_validation,"Current price is in the neutral space between actionable price zones.,10Y yield backdrop is restrictive for rate-sensitive risk.",hold,hold
2026-08-31,TSLA,short,stock,True,hold,hold,hold,hold,False,False,True,False,False,"confidence,risk",7,13,fixed_stock_short_v2_rebuild,v2_location,hold,hold
2026-08-31,TSLA,mid,stock,True,hold,hold,hold,hold,False,False,False,False,False,"confidence,risk",4,8,retained_v1_plus_zero_profile_confidence_and_declared_source_validation,"Relative Strength is lagging its relevant benchmarks.,Primary moving-average structure remains bearish.,Current price is in the neutral space between actionable price zones.,10Y yield backdrop is restrictive for rate-sensitive risk.",hold,hold
2026-08-31,TSLA,long,stock,True,hold,hold,hold,hold,False,False,False,False,False,"confidence,risk",13,15,retained_v1_plus_zero_profile_confidence_and_declared_source_validation,"Relative Strength is lagging its relevant benchmarks.,Primary MACD structure still confirms downside momentum.,Primary moving-average structure remains bearish.,Trend is weak, but price has not entered a reduce zone or confirmed a breakdown.,10Y yield backdrop is restrictive for rate-sensitive risk.",hold,hold
2026-08-31,TSM,short,stock,True,hold,hold,hold,hold,False,False,True,False,False,"confidence,risk",0,6,fixed_stock_short_v2_rebuild,v2_entry_unconfirmed,hold,hold
2026-08-31,TSM,mid,stock,True,accumulate,accumulate,accumulate,accumulate,False,False,False,False,False,"confidence,risk",1,5,retained_v1_plus_zero_profile_confidence_and_declared_source_validation,"Relative Strength is lagging its relevant benchmarks.,10Y yield backdrop is restrictive for rate-sensitive risk.",accumulate,accumulate
2026-08-31,TSM,long,stock,True,hold,hold,hold,hold,False,False,False,False,False,"confidence,risk",10,12,retained_v1_plus_zero_profile_confidence_and_declared_source_validation,"Current price is in the neutral space between actionable price zones.,10Y yield backdrop is restrictive for rate-sensitive risk.",hold,hold
2026-08-31,UNH,short,stock,True,hold,hold,hold,hold,False,False,True,False,False,"confidence,risk",0,6,fixed_stock_short_v2_rebuild,"v2_entry_unconfirmed,primary_moving_average_structure_remains_bearish,relative_strength_is_lagging_its_relevant_benchmarks",hold,hold
2026-08-31,UNH,mid,stock,True,accumulate,accumulate,accumulate,accumulate,False,False,False,False,False,"confidence,risk",0,4,retained_v1_plus_zero_profile_confidence_and_declared_source_validation,"OBV or price-volume behavior indicates distribution.,Primary MACD structure still confirms downside momentum.,10Y yield backdrop is restrictive for rate-sensitive risk.",accumulate,accumulate
2026-08-31,UNH,long,stock,True,hold,hold,hold,hold,False,False,False,False,False,"confidence,risk",4,6,retained_v1_plus_zero_profile_confidence_and_declared_source_validation,"OBV or price-volume behavior indicates distribution.,Primary MACD structure still confirms downside momentum.,Upside is extended and marginal momentum/participation is weakening.,Current price is in the neutral space between actionable price zones.,10Y yield backdrop is restrictive for rate-sensitive risk.",hold,hold
2026-08-31,XE,short,stock,True,hold,hold,hold,hold,False,False,True,False,False,"confidence,risk",5,11,fixed_stock_short_v2_rebuild,v2_location,hold,hold
2026-08-31,XE,mid,stock,True,hold,hold,hold,hold,False,False,False,False,False,"confidence,risk",9,13,retained_v1_plus_zero_profile_confidence_and_declared_source_validation,"Relative Strength is lagging its relevant benchmarks.,Primary moving-average structure remains bearish.,Primary MACD structure still confirms downside momentum.,Trend is weak, but price has not entered a reduce zone or confirmed a breakdown.,10Y yield backdrop is restrictive for rate-sensitive risk.",hold,hold
2026-08-31,XE,long,stock,True,hold,hold,hold,hold,False,False,False,False,False,"confidence,risk",18,20,retained_v1_plus_zero_profile_confidence_and_declared_source_validation,"OBV or price-volume behavior indicates distribution.,Current price is in the neutral space between actionable price zones.,10Y yield backdrop is restrictive for rate-sensitive risk.",hold,hold
2026-08-31,ZETA,short,stock,True,hold,hold,hold,hold,False,False,True,False,False,"confidence,risk",21,27,fixed_stock_short_v2_rebuild,v2_location,hold,hold
2026-08-31,ZETA,mid,stock,True,hold,hold,hold,hold,False,False,False,False,False,"confidence,risk",23,27,retained_v1_plus_zero_profile_confidence_and_declared_source_validation,"Price is near the opportunity range but has not entered the recommended buy/add zone.,10Y yield backdrop is restrictive for rate-sensitive risk.",hold,hold
2026-08-31,ZETA,long,stock,True,hold,hold,hold,hold,False,False,False,False,False,"confidence,risk",23,25,retained_v1_plus_zero_profile_confidence_and_declared_source_validation,10Y yield backdrop is restrictive for rate-sensitive risk.,hold,hold
2026-09-01,AAPL,short,stock,True,hold,hold,hold,hold,False,False,True,False,False,"confidence,risk",5,11,fixed_stock_short_v2_rebuild,v2_location,hold,hold
2026-09-01,AAPL,mid,stock,True,hold,hold,hold,hold,False,False,False,False,False,"confidence,risk",12,16,retained_v1_plus_zero_profile_confidence_and_declared_source_validation,"Price is near the opportunity range but has not entered the recommended buy/add zone.,10Y yield backdrop is restrictive for rate-sensitive risk.",hold,hold
2026-09-01,AAPL,long,stock,True,hold,hold,hold,hold,False,False,False,False,False,"confidence,risk",9,11,retained_v1_plus_zero_profile_confidence_and_declared_source_validation,10Y yield backdrop is restrictive for rate-sensitive risk.,hold,hold
2026-09-01,AMD,short,stock,True,accumulate,accumulate,hold,hold,False,False,True,False,False,"confidence,risk",1,7,fixed_stock_short_v2_rebuild,"v2_entry_unconfirmed,primary_moving_average_structure_remains_bearish,relative_strength_is_lagging_its_relevant_benchmarks",accumulate,hold
2026-09-01,AMD,mid,stock,True,hold,hold,hold,hold,False,False,False,False,False,"confidence,risk",4,8,retained_v1_plus_zero_profile_confidence_and_declared_source_validation,"Primary MACD structure still confirms downside momentum.,OBV or price-volume behavior indicates distribution.,Relative Strength is lagging its relevant benchmarks.,Current price is in the neutral space between actionable price zones.,10Y yield backdrop is restrictive for rate-sensitive risk.",hold,hold
2026-09-01,AMD,long,stock,True,hold,hold,hold,hold,False,False,False,False,False,"confidence,risk",88,90,retained_v1_plus_zero_profile_confidence_and_declared_source_validation,"Volatility or extension risk is elevated.,Primary MACD structure still confirms downside momentum.,Current price is in the neutral space between actionable price zones.,10Y yield backdrop is restrictive for rate-sensitive risk.",hold,hold
2026-09-01,AMZN,short,stock,True,hold,hold,hold,hold,False,False,True,False,False,"confidence,risk",0,6,fixed_stock_short_v2_rebuild,"v2_entry_unconfirmed,primary_moving_average_structure_remains_bearish,relative_strength_is_lagging_its_relevant_benchmarks",hold,hold
2026-09-01,AMZN,mid,stock,True,accumulate,accumulate,accumulate,accumulate,False,False,False,False,False,"confidence,risk",1,5,retained_v1_plus_zero_profile_confidence_and_declared_source_validation,"OBV or price-volume behavior indicates distribution.,Primary MACD structure still confirms downside momentum.,10Y yield backdrop is restrictive for rate-sensitive risk.",accumulate,accumulate
2026-09-01,AMZN,long,stock,True,hold,hold,hold,hold,False,False,False,False,False,"confidence,risk",5,7,retained_v1_plus_zero_profile_confidence_and_declared_source_validation,10Y yield backdrop is restrictive for rate-sensitive risk.,hold,hold
2026-09-01,BABA,short,stock,True,sell,sell,sell,sell,False,False,False,False,False,"confidence,risk",4,10,fixed_stock_short_v2_rebuild,"v2_break,primary_moving_average_structure_remains_bearish,relative_strength_is_lagging_its_relevant_benchmarks",sell,sell
2026-09-01,BABA,mid,stock,True,hold,hold,hold,hold,False,False,False,False,False,"confidence,risk",2,6,retained_v1_plus_zero_profile_confidence_and_declared_source_validation,"Primary MACD structure still confirms downside momentum.,OBV or price-volume behavior indicates distribution.,Primary moving-average structure remains bearish.,Relative Strength is lagging its relevant benchmarks.,Trend is weak, but price has not entered a reduce zone or confirmed a breakdown.",hold,hold
2026-09-01,BABA,long,stock,True,hold,hold,hold,hold,False,False,False,False,False,"confidence,risk",15,17,retained_v1_plus_zero_profile_confidence_and_declared_source_validation,"Relative Strength is lagging its relevant benchmarks.,Primary moving-average structure remains bearish.,OBV or price-volume behavior indicates distribution.,Current price is in the neutral space between actionable price zones.,10Y yield backdrop is restrictive for rate-sensitive risk.",hold,hold
2026-09-01,CRCL,short,stock,True,trim,trim,hold,hold,False,False,True,False,False,"confidence,risk",3,9,fixed_stock_short_v2_rebuild,v2_trend_resistance,trim,hold
2026-09-01,CRCL,mid,stock,True,hold,hold,hold,hold,False,False,False,False,False,"confidence,risk",6,10,retained_v1_plus_zero_profile_confidence_and_declared_source_validation,10Y yield backdrop is restrictive for rate-sensitive risk.,hold,hold
2026-09-01,CRCL,long,stock,True,hold,hold,hold,hold,False,False,False,False,False,"confidence,risk",18,20,retained_v1_plus_zero_profile_confidence_and_declared_source_validation,"Relative Strength is lagging its relevant benchmarks.,Current price is in the neutral space between actionable price zones.,10Y yield backdrop is restrictive for rate-sensitive risk.",hold,hold
2026-09-01,FFAI,short,stock,True,hold,hold,hold,hold,False,False,False,False,False,"confidence,risk",42,48,fixed_stock_short_v2_rebuild,"v2_entry_unconfirmed,primary_moving_average_structure_remains_bearish,relative_strength_is_lagging_its_relevant_benchmarks",hold,hold
2026-09-01,FFAI,mid,stock,True,hold,hold,hold,hold,False,False,False,False,False,"confidence,risk",18,22,retained_v1_plus_zero_profile_confidence_and_declared_source_validation,"Primary MACD structure still confirms downside momentum.,OBV or price-volume behavior indicates distribution.,Current price is in the neutral space between actionable price zones.,10Y yield backdrop is restrictive for rate-sensitive risk.",hold,hold
2026-09-01,FFAI,long,stock,True,hold,hold,hold,hold,False,False,False,False,False,"confidence,risk",88,90,retained_v1_plus_zero_profile_confidence_and_declared_source_validation,"Volatility or extension risk is elevated.,OBV or price-volume behavior indicates distribution.,Upside is extended and marginal momentum/participation is weakening.,10Y yield backdrop is restrictive for rate-sensitive risk.",hold,hold
2026-09-01,GEV,short,stock,True,accumulate,accumulate,hold,hold,False,False,True,False,False,"confidence,risk",1,7,fixed_stock_short_v2_rebuild,"v2_entry_unconfirmed,primary_moving_average_structure_remains_bearish,relative_strength_is_lagging_its_relevant_benchmarks",accumulate,hold
2026-09-01,GEV,mid,stock,True,accumulate,accumulate,accumulate,accumulate,False,False,False,False,False,"confidence,risk",4,8,retained_v1_plus_zero_profile_confidence_and_declared_source_validation,"Primary MACD structure still confirms downside momentum.,Primary moving-average structure remains bearish.,OBV or price-volume behavior indicates distribution.,Relative Strength is lagging its relevant benchmarks.,Upside is extended and marginal momentum/participation is weakening.",accumulate,accumulate
2026-09-01,GEV,long,stock,True,accumulate,accumulate,accumulate,accumulate,False,False,False,False,False,"confidence,risk",84,86,retained_v1_plus_zero_profile_confidence_and_declared_source_validation,"Volatility or extension risk is elevated.,OBV or price-volume behavior indicates distribution.,Primary MACD structure still confirms downside momentum.,Upside is extended and marginal momentum/participation is weakening.,10Y yield backdrop is restrictive for rate-sensitive risk.",accumulate,accumulate
2026-09-01,GOOGL,short,stock,True,accumulate,accumulate,hold,hold,False,False,True,False,False,"confidence,risk",0,6,fixed_stock_short_v2_rebuild,"v2_entry_unconfirmed,primary_moving_average_structure_remains_bearish,relative_strength_is_lagging_its_relevant_benchmarks",accumulate,hold
2026-09-01,GOOGL,mid,stock,True,hold,hold,hold,hold,False,False,False,False,False,"confidence,risk",1,5,retained_v1_plus_zero_profile_confidence_and_declared_source_validation,"Primary MACD structure still confirms downside momentum.,Primary moving-average structure remains bearish.,OBV or price-volume behavior indicates distribution.,Relative Strength is lagging its relevant benchmarks.,Price is extended into layered resistance rather than support.",hold,hold
2026-09-01,GOOGL,long,stock,True,accumulate,accumulate,accumulate,accumulate,False,False,False,False,False,"confidence,risk",14,16,retained_v1_plus_zero_profile_confidence_and_declared_source_validation,"OBV or price-volume behavior indicates distribution.,10Y yield backdrop is restrictive for rate-sensitive risk.",accumulate,accumulate
2026-09-01,HIMS,short,stock,True,hold,hold,hold,hold,False,False,True,False,False,"confidence,risk",3,9,fixed_stock_short_v2_rebuild,"v2_location,primary_moving_average_structure_remains_bearish,relative_strength_is_lagging_its_relevant_benchmarks",hold,hold
2026-09-01,HIMS,mid,stock,True,hold,hold,hold,hold,False,False,False,False,True,"confidence,landscape,risk",7,11,retained_v1_plus_zero_profile_confidence_and_declared_source_validation,"Primary MACD structure still confirms downside momentum.,OBV or price-volume behavior indicates distribution.,Trend is weak, but price has not entered a reduce zone or confirmed a breakdown.,10Y yield backdrop is restrictive for rate-sensitive risk.",hold,hold
2026-09-01,HIMS,long,stock,True,hold,hold,hold,hold,False,False,False,False,False,"confidence,risk",18,20,retained_v1_plus_zero_profile_confidence_and_declared_source_validation,"OBV or price-volume behavior indicates distribution.,10Y yield backdrop is restrictive for rate-sensitive risk.",hold,hold
2026-09-01,META,short,stock,True,hold,hold,hold,hold,False,False,True,False,False,"confidence,risk",0,6,fixed_stock_short_v2_rebuild,v2_trend_resistance,hold,hold
2026-09-01,META,mid,stock,True,hold,hold,hold,hold,False,False,False,False,False,"confidence,risk",2,6,retained_v1_plus_zero_profile_confidence_and_declared_source_validation,"Primary moving-average structure remains bearish.,Current price is in the neutral space between actionable price zones.,10Y yield backdrop is restrictive for rate-sensitive risk.",hold,hold
2026-09-01,META,long,stock,True,hold,hold,hold,hold,False,False,False,False,False,"confidence,risk",18,20,retained_v1_plus_zero_profile_confidence_and_declared_source_validation,"Relative Strength is lagging its relevant benchmarks.,Primary MACD structure still confirms downside momentum.,OBV or price-volume behavior indicates distribution.,Primary moving-average structure remains bearish.,Trend is weak, but price has not entered a reduce zone or confirmed a breakdown.",hold,hold
2026-09-01,MPT,short,stock,True,accumulate,accumulate,accumulate,accumulate,False,False,False,False,False,"confidence,risk",0,6,fixed_stock_short_v2_rebuild,"primary_moving_average_structure_remains_bearish,relative_strength_is_lagging_its_relevant_benchmarks",accumulate,accumulate
2026-09-01,MPT,mid,stock,True,accumulate,accumulate,accumulate,accumulate,False,False,False,False,False,"confidence,risk",14,18,retained_v1_plus_zero_profile_confidence_and_declared_source_validation,"Primary moving-average structure remains bearish.,Relative Strength is lagging its relevant benchmarks.,OBV or price-volume behavior indicates distribution.,10Y yield backdrop is restrictive for rate-sensitive risk.",accumulate,accumulate
2026-09-01,MPT,long,stock,True,sell,sell,sell,sell,False,False,False,False,False,"confidence,risk",14,16,retained_v1_plus_zero_profile_confidence_and_declared_source_validation,"Relative Strength is lagging its relevant benchmarks.,Primary MACD structure still confirms downside momentum.,Primary moving-average structure remains bearish.,OBV or price-volume behavior indicates distribution.,Price is extended into layered resistance rather than support.",sell,sell
2026-09-01,MSFT,short,stock,True,hold,hold,hold,hold,False,False,True,False,False,"confidence,risk",0,6,fixed_stock_short_v2_rebuild,v2_location,hold,hold
2026-09-01,MSFT,mid,stock,True,hold,hold,hold,hold,False,False,False,False,False,"confidence,risk",20,24,retained_v1_plus_zero_profile_confidence_and_declared_source_validation,10Y yield backdrop is restrictive for rate-sensitive risk.,hold,hold
2026-09-01,MSFT,long,stock,True,hold,hold,hold,hold,False,False,False,False,False,"confidence,risk",8,10,retained_v1_plus_zero_profile_confidence_and_declared_source_validation,"OBV or price-volume behavior indicates distribution.,10Y yield backdrop is restrictive for rate-sensitive risk.",hold,hold
2026-09-01,MU,short,stock,True,accumulate,accumulate,hold,hold,False,False,True,False,False,"confidence,risk",2,8,fixed_stock_short_v2_rebuild,v2_location,accumulate,hold
2026-09-01,MU,mid,stock,True,accumulate,accumulate,accumulate,accumulate,False,False,False,False,False,"confidence,risk",5,9,retained_v1_plus_zero_profile_confidence_and_declared_source_validation,"OBV or price-volume behavior indicates distribution.,Upside is extended and marginal momentum/participation is weakening.,10Y yield backdrop is restrictive for rate-sensitive risk.",accumulate,accumulate
2026-09-01,MU,long,stock,True,hold,hold,hold,hold,False,False,False,False,False,"confidence,risk",88,90,retained_v1_plus_zero_profile_confidence_and_declared_source_validation,"Volatility or extension risk is elevated.,OBV or price-volume behavior indicates distribution.,Primary MACD structure still confirms downside momentum.,Upside is extended and marginal momentum/participation is weakening.,Price is near the opportunity range but has not entered the recommended buy/add zone.",hold,hold
2026-09-01,NFLX,short,stock,True,hold,hold,trim,trim,False,False,True,False,False,"confidence,risk",0,6,fixed_stock_short_v2_rebuild,v2_weak_resistance,hold,trim
2026-09-01,NFLX,mid,stock,True,trim,trim,trim,trim,False,False,False,False,False,"confidence,risk",1,5,retained_v1_plus_zero_profile_confidence_and_declared_source_validation,"OBV or price-volume behavior indicates distribution.,Current price has reached the reduce zone; reduce exposure rather than add.,10Y yield backdrop is restrictive for rate-sensitive risk.",trim,trim
2026-09-01,NFLX,long,stock,True,hold,hold,hold,hold,False,False,False,False,False,"confidence,risk",6,8,retained_v1_plus_zero_profile_confidence_and_declared_source_validation,"Relative Strength is lagging its relevant benchmarks.,Primary moving-average structure remains bearish.,Current price is in the neutral space between actionable price zones.,10Y yield backdrop is restrictive for rate-sensitive risk.",hold,hold
2026-09-01,NOK,short,stock,False,accumulate,accumulate,hold,hold,False,False,False,False,False,"confidence,risk",1,7,fixed_stock_short_v2_rebuild,"v2_entry_unconfirmed,primary_moving_average_structure_remains_bearish",hold,hold
2026-09-01,NOK,mid,stock,False,accumulate,accumulate,accumulate,accumulate,False,False,False,False,False,"confidence,risk",4,8,retained_v1_plus_zero_profile_confidence_and_declared_source_validation,"Relative Strength is lagging its relevant benchmarks.,Primary moving-average structure remains bearish.,Price is extended into layered resistance rather than support.,10Y yield backdrop is restrictive for rate-sensitive risk.",accumulate,accumulate
2026-09-01,NOK,long,stock,False,hold,hold,hold,hold,False,False,False,False,False,"confidence,risk",27,29,retained_v1_plus_zero_profile_confidence_and_declared_source_validation,"OBV or price-volume behavior indicates distribution.,Current price is in the neutral space between actionable price zones.,10Y yield backdrop is restrictive for rate-sensitive risk.",hold,hold
2026-09-01,NOW,short,stock,True,hold,hold,hold,hold,False,False,True,False,False,"confidence,risk",1,7,fixed_stock_short_v2_rebuild,v2_location,hold,hold
2026-09-01,NOW,mid,stock,True,hold,hold,hold,hold,False,False,False,False,False,"confidence,risk",13,17,retained_v1_plus_zero_profile_confidence_and_declared_source_validation,10Y yield backdrop is restrictive for rate-sensitive risk.,hold,hold
2026-09-01,NOW,long,stock,True,hold,hold,hold,hold,False,False,False,False,False,"confidence,risk",20,22,retained_v1_plus_zero_profile_confidence_and_declared_source_validation,10Y yield backdrop is restrictive for rate-sensitive risk.,hold,hold
2026-09-01,NVDA,short,stock,True,accumulate,accumulate,hold,hold,False,False,True,False,False,"confidence,risk",0,6,fixed_stock_short_v2_rebuild,v2_entry_unconfirmed,accumulate,hold
2026-09-01,NVDA,mid,stock,True,hold,hold,hold,hold,False,False,False,False,False,"confidence,risk",2,6,retained_v1_plus_zero_profile_confidence_and_declared_source_validation,"OBV or price-volume behavior indicates distribution.,10Y yield backdrop is restrictive for rate-sensitive risk.",hold,hold
2026-09-01,NVDA,long,stock,True,hold,hold,hold,hold,False,False,False,False,False,"confidence,risk",11,13,retained_v1_plus_zero_profile_confidence_and_declared_source_validation,"Price is approaching the reduce range but has not entered the recommended reduce/exit zone.,10Y yield backdrop is restrictive for rate-sensitive risk.",hold,hold
2026-09-01,ORCL,short,stock,True,hold,hold,hold,hold,False,False,True,False,False,"confidence,risk",1,7,fixed_stock_short_v2_rebuild,v2_trend_resistance,hold,hold
2026-09-01,ORCL,mid,stock,True,accumulate,accumulate,accumulate,accumulate,False,False,False,False,False,"confidence,risk",3,7,retained_v1_plus_zero_profile_confidence_and_declared_source_validation,"Relative Strength is lagging its relevant benchmarks.,Primary moving-average structure remains bearish.,OBV or price-volume behavior indicates distribution.,10Y yield backdrop is restrictive for rate-sensitive risk.",accumulate,accumulate
2026-09-01,ORCL,long,stock,True,hold,hold,hold,hold,False,False,False,False,False,"confidence,risk",19,21,retained_v1_plus_zero_profile_confidence_and_declared_source_validation,"Relative Strength is lagging its relevant benchmarks.,OBV or price-volume behavior indicates distribution.,Primary moving-average structure remains bearish.,Primary MACD structure still confirms downside momentum.,Trend is weak, but price has not entered a reduce zone or confirmed a breakdown.",hold,hold
2026-09-01,PLTR,short,stock,True,hold,hold,hold,hold,False,False,True,False,False,"confidence,risk",1,7,fixed_stock_short_v2_rebuild,v2_location,hold,hold
2026-09-01,PLTR,mid,stock,True,accumulate,accumulate,accumulate,accumulate,False,False,False,False,False,"confidence,risk",9,13,retained_v1_plus_zero_profile_confidence_and_declared_source_validation,"OBV or price-volume behavior indicates distribution.,Primary MACD structure still confirms downside momentum.,Upside is extended and marginal momentum/participation is weakening.,10Y yield backdrop is restrictive for rate-sensitive risk.",accumulate,accumulate
2026-09-01,PLTR,long,stock,True,hold,hold,hold,hold,False,False,False,False,False,"confidence,risk",13,15,retained_v1_plus_zero_profile_confidence_and_declared_source_validation,10Y yield backdrop is restrictive for rate-sensitive risk.,hold,hold
2026-09-01,QQQ,short,ETF,True,hold,hold,hold,hold,False,False,True,False,False,"confidence,risk",0,6,retained_v1_plus_zero_profile_confidence_and_declared_source_validation,"Primary MACD structure still confirms downside momentum.,OBV or price-volume behavior indicates distribution.,Primary moving-average structure remains bearish.,Upside is extended and marginal momentum/participation is weakening.,Trend is weak, but price has not entered a reduce zone or confirmed a breakdown.",hold,hold
2026-09-01,QQQ,mid,ETF,True,accumulate,accumulate,accumulate,accumulate,False,False,False,False,False,"confidence,risk",0,4,retained_v1_plus_zero_profile_confidence_and_declared_source_validation,"OBV or price-volume behavior indicates distribution.,Primary MACD structure still confirms downside momentum.,10Y yield backdrop is restrictive for rate-sensitive risk.",accumulate,accumulate
2026-09-01,QQQ,long,ETF,True,hold,hold,hold,hold,False,False,False,False,False,"confidence,risk",7,9,retained_v1_plus_zero_profile_confidence_and_declared_source_validation,"Current price is in the neutral space between actionable price zones.,10Y yield backdrop is restrictive for rate-sensitive risk.",hold,hold
2026-09-01,SOFI,short,stock,True,hold,hold,hold,hold,False,False,False,False,False,"confidence,risk",9,15,fixed_stock_short_v2_rebuild,"v2_location,primary_moving_average_structure_remains_bearish,relative_strength_is_lagging_its_relevant_benchmarks",hold,hold
2026-09-01,SOFI,mid,stock,True,hold,hold,hold,hold,False,False,False,False,False,"confidence,risk",13,17,retained_v1_plus_zero_profile_confidence_and_declared_source_validation,"OBV or price-volume behavior indicates distribution.,Primary MACD structure still confirms downside momentum.,Current price is in the neutral space between actionable price zones.,10Y yield backdrop is restrictive for rate-sensitive risk.",hold,hold
2026-09-01,SOFI,long,stock,True,hold,hold,hold,hold,False,False,False,False,False,"confidence,risk",18,21,retained_v1_plus_zero_profile_confidence_and_declared_source_validation,"OBV or price-volume behavior indicates distribution.,Relative Strength is lagging its relevant benchmarks.,Primary moving-average structure remains bearish.,Current price is in the neutral space between actionable price zones.,10Y yield backdrop is restrictive for rate-sensitive risk.",hold,hold
2026-09-01,SOXL,short,ETF,True,hold,hold,hold,hold,False,False,True,False,False,"confidence,risk",5,11,retained_v1_plus_zero_profile_confidence_and_declared_source_validation,"Relative Strength is lagging its relevant benchmarks.,Primary moving-average structure remains bearish.,Primary MACD structure still confirms downside momentum.,Price is extended into layered resistance rather than support.,Trend is weak, but price has not entered a reduce zone or confirmed a breakdown.",hold,hold
2026-09-01,SOXL,mid,ETF,True,accumulate,accumulate,accumulate,accumulate,False,False,False,False,False,"confidence,risk",20,24,retained_v1_plus_zero_profile_confidence_and_declared_source_validation,"Relative Strength is lagging its relevant benchmarks.,Primary moving-average structure remains bearish.,OBV or price-volume behavior indicates distribution.,Primary MACD structure still confirms downside momentum.,10Y yield backdrop is restrictive for rate-sensitive risk.",accumulate,accumulate
2026-09-01,SOXL,long,ETF,True,hold,hold,hold,hold,False,False,False,False,False,"confidence,risk",89,91,retained_v1_plus_zero_profile_confidence_and_declared_source_validation,"Volatility or extension risk is elevated.,OBV or price-volume behavior indicates distribution.,Primary MACD structure still confirms downside momentum.,Upside is extended and marginal momentum/participation is weakening.,Price is near the opportunity range but has not entered the recommended buy/add zone.",hold,hold
2026-09-01,SOXS,short,ETF,True,hold,hold,hold,hold,False,False,True,False,False,"confidence,risk",7,13,retained_v1_plus_zero_profile_confidence_and_declared_source_validation,"OBV or price-volume behavior indicates distribution.,10Y yield backdrop is restrictive for rate-sensitive risk.",hold,hold
2026-09-01,SOXS,mid,ETF,True,hold,hold,hold,hold,False,False,False,False,False,"confidence,risk",36,40,retained_v1_plus_zero_profile_confidence_and_declared_source_validation,"Relative Strength is lagging its relevant benchmarks.,Primary moving-average structure remains bearish.,OBV or price-volume behavior indicates distribution.,Trend is weak, but price has not entered a reduce zone or confirmed a breakdown.,10Y yield backdrop is restrictive for rate-sensitive risk.",hold,hold
2026-09-01,SOXS,long,ETF,True,hold,hold,hold,hold,False,False,False,False,False,"confidence,risk",26,28,retained_v1_plus_zero_profile_confidence_and_declared_source_validation,"Relative Strength is lagging its relevant benchmarks.,Primary moving-average structure remains bearish.,OBV or price-volume behavior indicates distribution.,Price is near the opportunity range but has not entered the recommended buy/add zone.,10Y yield backdrop is restrictive for rate-sensitive risk.",hold,hold
2026-09-01,SPCX,short,stock,True,hold,hold,accumulate,accumulate,False,False,True,False,False,"confidence,risk",1,7,fixed_stock_short_v2_rebuild,,hold,accumulate
2026-09-01,SPCX,mid,stock,True,accumulate,accumulate,accumulate,accumulate,False,False,False,False,False,"confidence,risk",5,9,retained_v1_plus_zero_profile_confidence_and_declared_source_validation,10Y yield backdrop is restrictive for rate-sensitive risk.,accumulate,accumulate
2026-09-01,SPCX,long,stock,True,avoid,avoid,avoid,avoid,False,False,False,False,False,"confidence,risk",0,2,retained_v1_plus_zero_profile_confidence_and_declared_source_validation,"Price landscape quality is insufficient for an actionable recommendation.,10Y yield backdrop is restrictive for rate-sensitive risk.",avoid,avoid
2026-09-01,SPMO,short,ETF,True,accumulate,accumulate,accumulate,accumulate,False,False,False,False,False,"confidence,risk",0,6,retained_v1_plus_zero_profile_confidence_and_declared_source_validation,"Primary MACD structure still confirms downside momentum.,Primary moving-average structure remains bearish.,Price is extended into layered resistance rather than support.,10Y yield backdrop is restrictive for rate-sensitive risk.",accumulate,accumulate
2026-09-01,SPMO,mid,ETF,True,accumulate,accumulate,accumulate,accumulate,False,False,False,False,False,"confidence,risk",0,4,retained_v1_plus_zero_profile_confidence_and_declared_source_validation,"Primary MACD structure still confirms downside momentum.,Relative Strength is lagging its relevant benchmarks.,10Y yield backdrop is restrictive for rate-sensitive risk.",accumulate,accumulate
2026-09-01,SPMO,long,ETF,True,hold,hold,hold,hold,False,False,False,False,False,"confidence,risk",12,14,retained_v1_plus_zero_profile_confidence_and_declared_source_validation,"OBV or price-volume behavior indicates distribution.,Primary MACD structure still confirms downside momentum.,Upside is extended and marginal momentum/participation is weakening.,Current price is in the neutral space between actionable price zones.,10Y yield backdrop is restrictive for rate-sensitive risk.",hold,hold
2026-09-01,SQQQ,short,ETF,True,hold,hold,hold,hold,False,False,False,False,False,"confidence,risk",3,9,retained_v1_plus_zero_profile_confidence_and_declared_source_validation,10Y yield backdrop is restrictive for rate-sensitive risk.,hold,hold
2026-09-01,SQQQ,mid,ETF,True,trim,trim,trim,trim,False,False,False,False,False,"confidence,risk",3,7,retained_v1_plus_zero_profile_confidence_and_declared_source_validation,"Primary moving-average structure remains bearish.,Relative Strength is lagging its relevant benchmarks.,Current price has reached the reduce zone; reduce exposure rather than add.,10Y yield backdrop is restrictive for rate-sensitive risk.",trim,trim
2026-09-01,SQQQ,long,ETF,True,hold,hold,hold,hold,False,False,False,False,False,"confidence,risk",18,20,retained_v1_plus_zero_profile_confidence_and_declared_source_validation,"Relative Strength is lagging its relevant benchmarks.,Primary moving-average structure remains bearish.,OBV or price-volume behavior indicates distribution.,Price is near the opportunity range but has not entered the recommended buy/add zone.,10Y yield backdrop is restrictive for rate-sensitive risk.",hold,hold
2026-09-01,TEM,short,stock,True,hold,hold,accumulate,accumulate,False,False,True,False,False,"confidence,risk",11,17,fixed_stock_short_v2_rebuild,,hold,accumulate
2026-09-01,TEM,mid,stock,True,hold,hold,hold,hold,False,False,False,False,False,"confidence,risk",8,12,retained_v1_plus_zero_profile_confidence_and_declared_source_validation,10Y yield backdrop is restrictive for rate-sensitive risk.,hold,hold
2026-09-01,TEM,long,stock,True,hold,hold,hold,hold,False,False,False,False,False,"confidence,risk",18,20,retained_v1_plus_zero_profile_confidence_and_declared_source_validation,10Y yield backdrop is restrictive for rate-sensitive risk.,hold,hold
2026-09-01,TQQQ,short,ETF,True,hold,hold,hold,hold,False,False,True,False,False,"confidence,risk",1,7,retained_v1_plus_zero_profile_confidence_and_declared_source_validation,"Primary MACD structure still confirms downside momentum.,OBV or price-volume behavior indicates distribution.,Primary moving-average structure remains bearish.,Relative Strength is lagging its relevant benchmarks.,Upside is extended and marginal momentum/participation is weakening.",hold,hold
2026-09-01,TQQQ,mid,ETF,True,accumulate,accumulate,accumulate,accumulate,False,False,False,False,False,"confidence,risk",3,7,retained_v1_plus_zero_profile_confidence_and_declared_source_validation,"Primary MACD structure still confirms downside momentum.,OBV or price-volume behavior indicates distribution.,Relative Strength is lagging its relevant benchmarks.,Primary moving-average structure remains bearish.,10Y yield backdrop is restrictive for rate-sensitive risk.",accumulate,accumulate
2026-09-01,TQQQ,long,ETF,True,hold,hold,hold,hold,False,False,False,False,False,"confidence,risk",25,27,retained_v1_plus_zero_profile_confidence_and_declared_source_validation,"Current price is in the neutral space between actionable price zones.,10Y yield backdrop is restrictive for rate-sensitive risk.",hold,hold
2026-09-01,TSLA,short,stock,True,hold,hold,accumulate,accumulate,False,False,True,False,False,"confidence,risk",0,6,fixed_stock_short_v2_rebuild,,hold,accumulate
2026-09-01,TSLA,mid,stock,True,hold,hold,hold,hold,False,False,False,False,False,"confidence,risk",2,6,retained_v1_plus_zero_profile_confidence_and_declared_source_validation,"Primary moving-average structure remains bearish.,Relative Strength is lagging its relevant benchmarks.,Price is approaching the reduce range but has not entered the recommended reduce/exit zone.,10Y yield backdrop is restrictive for rate-sensitive risk.",hold,hold
2026-09-01,TSLA,long,stock,True,hold,hold,hold,hold,False,False,False,False,False,"confidence,risk",13,15,retained_v1_plus_zero_profile_confidence_and_declared_source_validation,"Relative Strength is lagging its relevant benchmarks.,OBV or price-volume behavior indicates distribution.,Primary MACD structure still confirms downside momentum.,Primary moving-average structure remains bearish.,Trend is weak, but price has not entered a reduce zone or confirmed a breakdown.",hold,hold
2026-09-01,TSM,short,stock,True,hold,hold,hold,hold,False,False,True,False,False,"confidence,risk",0,6,fixed_stock_short_v2_rebuild,"v2_entry_unconfirmed,primary_moving_average_structure_remains_bearish",hold,hold
2026-09-01,TSM,mid,stock,True,accumulate,accumulate,accumulate,accumulate,False,False,False,False,False,"confidence,risk",1,5,retained_v1_plus_zero_profile_confidence_and_declared_source_validation,"Primary MACD structure still confirms downside momentum.,10Y yield backdrop is restrictive for rate-sensitive risk.",accumulate,accumulate
2026-09-01,TSM,long,stock,True,hold,hold,hold,hold,False,False,False,False,False,"confidence,risk",14,16,retained_v1_plus_zero_profile_confidence_and_declared_source_validation,"Primary MACD structure still confirms downside momentum.,Price is approaching the reduce range but has not entered the recommended reduce/exit zone.,10Y yield backdrop is restrictive for rate-sensitive risk.",hold,hold
2026-09-01,UNH,short,stock,True,hold,hold,trim,trim,False,False,True,False,False,"confidence,risk",0,6,fixed_stock_short_v2_rebuild,"v2_weak_resistance,primary_moving_average_structure_remains_bearish,relative_strength_is_lagging_its_relevant_benchmarks",hold,trim
2026-09-01,UNH,mid,stock,True,hold,hold,hold,hold,False,False,False,False,False,"confidence,risk",0,4,retained_v1_plus_zero_profile_confidence_and_declared_source_validation,"OBV or price-volume behavior indicates distribution.,Current price is in the neutral space between actionable price zones.,10Y yield backdrop is restrictive for rate-sensitive risk.",hold,hold
2026-09-01,UNH,long,stock,True,hold,hold,hold,hold,False,False,False,False,False,"confidence,risk",4,6,retained_v1_plus_zero_profile_confidence_and_declared_source_validation,"OBV or price-volume behavior indicates distribution.,Primary MACD structure still confirms downside momentum.,Upside is extended and marginal momentum/participation is weakening.,Current price is in the neutral space between actionable price zones.,10Y yield backdrop is restrictive for rate-sensitive risk.",hold,hold
2026-09-01,XE,short,stock,True,hold,hold,hold,hold,False,False,True,False,False,"confidence,risk",5,11,fixed_stock_short_v2_rebuild,v2_entry_unconfirmed,hold,hold
2026-09-01,XE,mid,stock,True,hold,hold,hold,hold,False,False,False,False,False,"confidence,risk",9,13,retained_v1_plus_zero_profile_confidence_and_declared_source_validation,"Primary MACD structure still confirms downside momentum.,Relative Strength is lagging its relevant benchmarks.,OBV or price-volume behavior indicates distribution.,Primary moving-average structure remains bearish.,Trend is weak, but price has not entered a reduce zone or confirmed a breakdown.",hold,hold
2026-09-01,XE,long,stock,True,hold,hold,hold,hold,False,False,False,False,False,"confidence,risk",18,20,retained_v1_plus_zero_profile_confidence_and_declared_source_validation,"OBV or price-volume behavior indicates distribution.,Current price is in the neutral space between actionable price zones.,10Y yield backdrop is restrictive for rate-sensitive risk.",hold,hold
2026-09-01,ZETA,short,stock,True,hold,hold,hold,hold,False,False,True,False,False,"confidence,risk",21,27,fixed_stock_short_v2_rebuild,v2_location,hold,hold
2026-09-01,ZETA,mid,stock,True,hold,hold,hold,hold,False,False,False,False,False,"confidence,risk",25,29,retained_v1_plus_zero_profile_confidence_and_declared_source_validation,10Y yield backdrop is restrictive for rate-sensitive risk.,hold,hold
2026-09-01,ZETA,long,stock,True,hold,hold,hold,hold,False,False,False,False,False,"confidence,risk",24,26,retained_v1_plus_zero_profile_confidence_and_declared_source_validation,10Y yield backdrop is restrictive for rate-sensitive risk.,hold,hold
2026-09-02,AAPL,short,stock,True,hold,hold,hold,hold,False,False,True,False,False,"confidence,risk",0,6,fixed_stock_short_v2_rebuild,v2_location,hold,hold
2026-09-02,AAPL,mid,stock,True,hold,hold,hold,hold,False,False,False,False,False,"confidence,risk",4,8,retained_v1_plus_zero_profile_confidence_and_declared_source_validation,"Price is near the opportunity range but has not entered the recommended buy/add zone.,10Y yield backdrop is restrictive for rate-sensitive risk.",hold,hold
2026-09-02,AAPL,long,stock,True,hold,hold,hold,hold,False,False,False,False,False,"confidence,risk",9,11,retained_v1_plus_zero_profile_confidence_and_declared_source_validation,10Y yield backdrop is restrictive for rate-sensitive risk.,hold,hold
2026-09-02,AMD,short,stock,True,accumulate,accumulate,hold,hold,False,False,True,False,False,"confidence,risk",1,7,fixed_stock_short_v2_rebuild,"v2_entry_unconfirmed,primary_moving_average_structure_remains_bearish,relative_strength_is_lagging_its_relevant_benchmarks",accumulate,hold
2026-09-02,AMD,mid,stock,True,hold,hold,hold,hold,False,False,False,False,False,"confidence,risk",3,7,retained_v1_plus_zero_profile_confidence_and_declared_source_validation,"Primary MACD structure still confirms downside momentum.,OBV or price-volume behavior indicates distribution.,Relative Strength is lagging its relevant benchmarks.,Price is extended into layered resistance rather than support.,Upside is extended and marginal momentum/participation is weakening.",hold,hold
2026-09-02,AMD,long,stock,True,hold,hold,hold,hold,False,False,False,False,False,"confidence,risk",88,90,retained_v1_plus_zero_profile_confidence_and_declared_source_validation,"Volatility or extension risk is elevated.,Primary MACD structure still confirms downside momentum.,Current price is in the neutral space between actionable price zones.,10Y yield backdrop is restrictive for rate-sensitive risk.",hold,hold
2026-09-02,AMZN,short,stock,True,hold,hold,hold,hold,False,False,True,False,False,"confidence,risk",0,6,fixed_stock_short_v2_rebuild,"v2_entry_unconfirmed,primary_moving_average_structure_remains_bearish,relative_strength_is_lagging_its_relevant_benchmarks",hold,hold
2026-09-02,AMZN,mid,stock,True,accumulate,accumulate,accumulate,accumulate,False,False,False,False,False,"confidence,risk",1,5,retained_v1_plus_zero_profile_confidence_and_declared_source_validation,"OBV or price-volume behavior indicates distribution.,Primary MACD structure still confirms downside momentum.,10Y yield backdrop is restrictive for rate-sensitive risk.",accumulate,accumulate
2026-09-02,AMZN,long,stock,True,hold,hold,hold,hold,False,False,False,False,False,"confidence,risk",5,7,retained_v1_plus_zero_profile_confidence_and_declared_source_validation,10Y yield backdrop is restrictive for rate-sensitive risk.,hold,hold
2026-09-02,BABA,short,stock,True,sell,sell,sell,sell,False,False,False,False,False,"confidence,risk",5,11,fixed_stock_short_v2_rebuild,"v2_break,primary_moving_average_structure_remains_bearish,relative_strength_is_lagging_its_relevant_benchmarks",sell,sell
2026-09-02,BABA,mid,stock,True,sell,sell,sell,sell,False,False,False,False,False,"confidence,risk",3,7,retained_v1_plus_zero_profile_confidence_and_declared_source_validation,"Primary MACD structure still confirms downside momentum.,Primary moving-average structure remains bearish.,OBV or price-volume behavior indicates distribution.,Relative Strength is lagging its relevant benchmarks.,A confirmed breakdown has invalidated the prior opportunity structure; exit is anchored near the current executable area.",sell,sell
2026-09-02,BABA,long,stock,True,hold,hold,hold,hold,False,False,False,False,False,"confidence,risk",15,17,retained_v1_plus_zero_profile_confidence_and_declared_source_validation,"Relative Strength is lagging its relevant benchmarks.,Primary moving-average structure remains bearish.,OBV or price-volume behavior indicates distribution.,Current price is in the neutral space between actionable price zones.,10Y yield backdrop is restrictive for rate-sensitive risk.",hold,hold
2026-09-02,CRCL,short,stock,True,hold,hold,hold,hold,False,False,True,False,False,"confidence,risk",3,9,fixed_stock_short_v2_rebuild,v2_location,hold,hold
2026-09-02,CRCL,mid,stock,True,hold,hold,hold,hold,False,False,False,False,False,"confidence,risk",6,10,retained_v1_plus_zero_profile_confidence_and_declared_source_validation,10Y yield backdrop is restrictive for rate-sensitive risk.,hold,hold
2026-09-02,CRCL,long,stock,True,hold,hold,hold,hold,False,False,False,False,False,"confidence,risk",18,20,retained_v1_plus_zero_profile_confidence_and_declared_source_validation,"Relative Strength is lagging its relevant benchmarks.,Current price is in the neutral space between actionable price zones.,10Y yield backdrop is restrictive for rate-sensitive risk.",hold,hold
2026-09-02,FFAI,short,stock,True,hold,hold,hold,hold,False,False,False,False,False,"confidence,risk",42,48,fixed_stock_short_v2_rebuild,"v2_location,primary_moving_average_structure_remains_bearish,relative_strength_is_lagging_its_relevant_benchmarks",hold,sell
2026-09-02,FFAI,mid,stock,True,hold,hold,hold,hold,False,False,False,False,False,"confidence,risk",23,27,retained_v1_plus_zero_profile_confidence_and_declared_source_validation,"OBV or price-volume behavior indicates distribution.,Primary MACD structure still confirms downside momentum.,Trend is weak, but price has not entered a reduce zone or confirmed a breakdown.,10Y yield backdrop is restrictive for rate-sensitive risk.",hold,hold
2026-09-02,FFAI,long,stock,True,hold,hold,hold,hold,False,False,False,False,False,"confidence,risk",88,90,retained_v1_plus_zero_profile_confidence_and_declared_source_validation,"OBV or price-volume behavior indicates distribution.,Volatility or extension risk is elevated.,Upside is extended and marginal momentum/participation is weakening.,10Y yield backdrop is restrictive for rate-sensitive risk.",hold,hold
2026-09-02,GEV,short,stock,True,trim,trim,hold,hold,False,False,True,False,False,"confidence,risk",1,7,fixed_stock_short_v2_rebuild,"v2_location,primary_moving_average_structure_remains_bearish,relative_strength_is_lagging_its_relevant_benchmarks",trim,hold
2026-09-02,GEV,mid,stock,True,hold,hold,hold,hold,False,False,False,False,False,"confidence,risk",4,8,retained_v1_plus_zero_profile_confidence_and_declared_source_validation,"Primary MACD structure still confirms downside momentum.,Primary moving-average structure remains bearish.,OBV or price-volume behavior indicates distribution.,Trend is weak, but price has not entered a reduce zone or confirmed a breakdown.,10Y yield backdrop is restrictive for rate-sensitive risk.",hold,hold
2026-09-02,GEV,long,stock,True,accumulate,accumulate,accumulate,accumulate,False,False,False,False,False,"confidence,risk",84,86,retained_v1_plus_zero_profile_confidence_and_declared_source_validation,"Volatility or extension risk is elevated.,OBV or price-volume behavior indicates distribution.,Primary MACD structure still confirms downside momentum.,Upside is extended and marginal momentum/participation is weakening.,10Y yield backdrop is restrictive for rate-sensitive risk.",accumulate,accumulate
2026-09-02,GOOGL,short,stock,True,hold,hold,hold,hold,False,False,True,False,False,"confidence,risk",0,6,fixed_stock_short_v2_rebuild,"v2_location,primary_moving_average_structure_remains_bearish,relative_strength_is_lagging_its_relevant_benchmarks",hold,hold
2026-09-02,GOOGL,mid,stock,True,hold,hold,hold,hold,False,False,False,False,False,"confidence,risk",1,5,retained_v1_plus_zero_profile_confidence_and_declared_source_validation,"Primary MACD structure still confirms downside momentum.,Primary moving-average structure remains bearish.,OBV or price-volume behavior indicates distribution.,Relative Strength is lagging its relevant benchmarks.,Price is extended into layered resistance rather than support.",hold,hold
2026-09-02,GOOGL,long,stock,True,accumulate,accumulate,accumulate,accumulate,False,False,False,False,False,"confidence,risk",14,16,retained_v1_plus_zero_profile_confidence_and_declared_source_validation,"OBV or price-volume behavior indicates distribution.,10Y yield backdrop is restrictive for rate-sensitive risk.",accumulate,accumulate
2026-09-02,HIMS,short,stock,True,hold,hold,trim,trim,False,False,True,False,False,"confidence,risk",3,9,fixed_stock_short_v2_rebuild,"v2_weak_resistance,primary_moving_average_structure_remains_bearish,relative_strength_is_lagging_its_relevant_benchmarks",hold,trim
2026-09-02,HIMS,mid,stock,True,accumulate,accumulate,accumulate,accumulate,False,False,False,False,False,"confidence,risk",6,10,retained_v1_plus_zero_profile_confidence_and_declared_source_validation,"Primary MACD structure still confirms downside momentum.,OBV or price-volume behavior indicates distribution.,10Y yield backdrop is restrictive for rate-sensitive risk.",accumulate,accumulate
2026-09-02,HIMS,long,stock,True,hold,hold,hold,hold,False,False,False,False,False,"confidence,risk",18,20,retained_v1_plus_zero_profile_confidence_and_declared_source_validation,"OBV or price-volume behavior indicates distribution.,Upside is extended and marginal momentum/participation is weakening.,10Y yield backdrop is restrictive for rate-sensitive risk.",hold,hold
2026-09-02,META,short,stock,True,hold,hold,hold,hold,False,False,True,False,False,"confidence,risk",4,10,fixed_stock_short_v2_rebuild,v2_location,hold,hold
2026-09-02,META,mid,stock,True,hold,hold,hold,hold,False,False,False,False,False,"confidence,risk",5,9,retained_v1_plus_zero_profile_confidence_and_declared_source_validation,"Primary moving-average structure remains bearish.,Price is approaching the reduce range but has not entered the recommended reduce/exit zone.,10Y yield backdrop is restrictive for rate-sensitive risk.",hold,hold
2026-09-02,META,long,stock,True,hold,hold,hold,hold,False,False,False,False,False,"confidence,risk",18,20,retained_v1_plus_zero_profile_confidence_and_declared_source_validation,"Relative Strength is lagging its relevant benchmarks.,Primary MACD structure still confirms downside momentum.,OBV or price-volume behavior indicates distribution.,Primary moving-average structure remains bearish.,Price is approaching the reduce range but has not entered the recommended reduce/exit zone.",hold,hold
2026-09-02,MPT,short,stock,True,hold,hold,hold,hold,False,False,False,False,False,"confidence,risk",0,6,fixed_stock_short_v2_rebuild,"v2_location,primary_moving_average_structure_remains_bearish,relative_strength_is_lagging_its_relevant_benchmarks",hold,hold
2026-09-02,MPT,mid,stock,True,hold,hold,hold,hold,False,False,False,False,False,"confidence,risk",12,16,retained_v1_plus_zero_profile_confidence_and_declared_source_validation,"Primary moving-average structure remains bearish.,Relative Strength is lagging its relevant benchmarks.,OBV or price-volume behavior indicates distribution.,Price is near the opportunity range but has not entered the recommended buy/add zone.,10Y yield backdrop is restrictive for rate-sensitive risk.",hold,hold
2026-09-02,MPT,long,stock,True,sell,sell,sell,sell,False,False,False,False,False,"confidence,risk",14,16,retained_v1_plus_zero_profile_confidence_and_declared_source_validation,"Relative Strength is lagging its relevant benchmarks.,Primary MACD structure still confirms downside momentum.,Primary moving-average structure remains bearish.,OBV or price-volume behavior indicates distribution.,A confirmed breakdown has invalidated the prior opportunity structure; exit is anchored near the current executable area.",sell,sell
2026-09-02,MSFT,short,stock,True,hold,hold,hold,hold,False,False,True,False,False,"confidence,risk",0,6,fixed_stock_short_v2_rebuild,v2_location,hold,hold
2026-09-02,MSFT,mid,stock,True,hold,hold,hold,hold,False,False,False,False,False,"confidence,risk",10,14,retained_v1_plus_zero_profile_confidence_and_declared_source_validation,"Primary MACD structure still confirms downside momentum.,10Y yield backdrop is restrictive for rate-sensitive risk.",hold,hold
2026-09-02,MSFT,long,stock,True,hold,hold,hold,hold,False,False,False,False,False,"confidence,risk",8,10,retained_v1_plus_zero_profile_confidence_and_declared_source_validation,"OBV or price-volume behavior indicates distribution.,10Y yield backdrop is restrictive for rate-sensitive risk.",hold,hold
2026-09-02,MU,short,stock,True,trim,trim,hold,hold,False,False,True,False,False,"confidence,risk",1,7,fixed_stock_short_v2_rebuild,v2_trend_resistance,trim,hold
2026-09-02,MU,mid,stock,True,hold,hold,hold,hold,False,False,False,False,False,"confidence,risk",4,8,retained_v1_plus_zero_profile_confidence_and_declared_source_validation,"OBV or price-volume behavior indicates distribution.,Price is near the opportunity range but has not entered the recommended buy/add zone.,10Y yield backdrop is restrictive for rate-sensitive risk.",hold,hold
2026-09-02,MU,long,stock,True,accumulate,accumulate,accumulate,accumulate,False,False,False,False,False,"confidence,risk",88,90,retained_v1_plus_zero_profile_confidence_and_declared_source_validation,"Volatility or extension risk is elevated.,OBV or price-volume behavior indicates distribution.,Primary MACD structure still confirms downside momentum.,Upside is extended and marginal momentum/participation is weakening.,10Y yield backdrop is restrictive for rate-sensitive risk.",accumulate,accumulate
2026-09-02,NFLX,short,stock,True,accumulate,accumulate,hold,hold,False,False,True,False,False,"confidence,risk",0,6,fixed_stock_short_v2_rebuild,v2_entry_unconfirmed,accumulate,hold
2026-09-02,NFLX,mid,stock,True,accumulate,accumulate,accumulate,accumulate,False,False,False,False,False,"confidence,risk",1,5,retained_v1_plus_zero_profile_confidence_and_declared_source_validation,"OBV or price-volume behavior indicates distribution.,10Y yield backdrop is restrictive for rate-sensitive risk.",accumulate,accumulate
2026-09-02,NFLX,long,stock,True,hold,hold,hold,hold,False,False,False,False,False,"confidence,risk",6,8,retained_v1_plus_zero_profile_confidence_and_declared_source_validation,"Relative Strength is lagging its relevant benchmarks.,Primary moving-average structure remains bearish.,Current price is in the neutral space between actionable price zones.,10Y yield backdrop is restrictive for rate-sensitive risk.",hold,hold
2026-09-02,NOK,short,stock,True,accumulate,accumulate,hold,hold,False,False,False,False,False,"confidence,risk",1,7,fixed_stock_short_v2_rebuild,"v2_entry_unconfirmed,primary_moving_average_structure_remains_bearish",accumulate,hold
2026-09-02,NOK,mid,stock,True,hold,hold,hold,hold,False,False,False,False,False,"confidence,risk",5,9,retained_v1_plus_zero_profile_confidence_and_declared_source_validation,"Relative Strength is lagging its relevant benchmarks.,Primary moving-average structure remains bearish.,Price is extended into layered resistance rather than support.,Trend is weak, but price has not entered a reduce zone or confirmed a breakdown.,10Y yield backdrop is restrictive for rate-sensitive risk.",hold,hold
2026-09-02,NOK,long,stock,True,hold,hold,hold,hold,False,False,False,False,False,"confidence,risk",27,29,retained_v1_plus_zero_profile_confidence_and_declared_source_validation,"OBV or price-volume behavior indicates distribution.,Current price is in the neutral space between actionable price zones.,10Y yield backdrop is restrictive for rate-sensitive risk.",hold,hold
2026-09-02,NOW,short,stock,True,accumulate,accumulate,accumulate,accumulate,False,False,True,False,False,"confidence,risk",1,7,fixed_stock_short_v2_rebuild,,accumulate,accumulate
2026-09-02,NOW,mid,stock,True,hold,hold,hold,hold,False,False,False,False,False,"confidence,risk",7,11,retained_v1_plus_zero_profile_confidence_and_declared_source_validation,10Y yield backdrop is restrictive for rate-sensitive risk.,hold,hold
2026-09-02,NOW,long,stock,True,hold,hold,hold,hold,False,False,False,False,False,"confidence,risk",20,22,retained_v1_plus_zero_profile_confidence_and_declared_source_validation,10Y yield backdrop is restrictive for rate-sensitive risk.,hold,hold
2026-09-02,NVDA,short,stock,True,hold,hold,hold,hold,False,False,True,False,False,"confidence,risk",0,6,fixed_stock_short_v2_rebuild,v2_location,hold,hold
2026-09-02,NVDA,mid,stock,True,trim,trim,trim,trim,False,False,False,False,False,"confidence,risk",2,6,retained_v1_plus_zero_profile_confidence_and_declared_source_validation,"OBV or price-volume behavior indicates distribution.,Current price has reached the reduce zone; reduce exposure rather than add.,10Y yield backdrop is restrictive for rate-sensitive risk.",trim,trim
2026-09-02,NVDA,long,stock,True,hold,hold,hold,hold,False,False,False,False,False,"confidence,risk",11,13,retained_v1_plus_zero_profile_confidence_and_declared_source_validation,"Price is approaching the reduce range but has not entered the recommended reduce/exit zone.,10Y yield backdrop is restrictive for rate-sensitive risk.",hold,hold
2026-09-02,ORCL,short,stock,True,hold,hold,hold,hold,False,False,True,False,False,"confidence,risk",1,7,fixed_stock_short_v2_rebuild,v2_location,hold,hold
2026-09-02,ORCL,mid,stock,True,hold,hold,hold,hold,False,False,False,False,False,"confidence,risk",3,7,retained_v1_plus_zero_profile_confidence_and_declared_source_validation,"Relative Strength is lagging its relevant benchmarks.,Primary moving-average structure remains bearish.,Trend is weak, but price has not entered a reduce zone or confirmed a breakdown.,10Y yield backdrop is restrictive for rate-sensitive risk.",hold,hold
2026-09-02,ORCL,long,stock,True,hold,hold,hold,hold,False,False,False,False,False,"confidence,risk",19,21,retained_v1_plus_zero_profile_confidence_and_declared_source_validation,"Relative Strength is lagging its relevant benchmarks.,OBV or price-volume behavior indicates distribution.,Primary moving-average structure remains bearish.,Primary MACD structure still confirms downside momentum.,Trend is weak, but price has not entered a reduce zone or confirmed a breakdown.",hold,hold
2026-09-02,PLTR,short,stock,True,accumulate,accumulate,accumulate,accumulate,False,False,True,False,False,"confidence,risk",4,10,fixed_stock_short_v2_rebuild,,accumulate,accumulate
2026-09-02,PLTR,mid,stock,True,hold,hold,hold,hold,False,False,False,False,False,"confidence,risk",3,7,retained_v1_plus_zero_profile_confidence_and_declared_source_validation,"Primary MACD structure still confirms downside momentum.,Current price is in the neutral space between actionable price zones.,10Y yield backdrop is restrictive for rate-sensitive risk.",hold,hold
2026-09-02,PLTR,long,stock,True,hold,hold,hold,hold,False,False,False,False,False,"confidence,risk",13,15,retained_v1_plus_zero_profile_confidence_and_declared_source_validation,10Y yield backdrop is restrictive for rate-sensitive risk.,hold,hold
2026-09-02,QQQ,short,ETF,True,accumulate,accumulate,accumulate,accumulate,False,False,True,False,False,"confidence,risk",0,6,retained_v1_plus_zero_profile_confidence_and_declared_source_validation,"Primary MACD structure still confirms downside momentum.,OBV or price-volume behavior indicates distribution.,Primary moving-average structure remains bearish.,10Y yield backdrop is restrictive for rate-sensitive risk.",accumulate,accumulate
2026-09-02,QQQ,mid,ETF,True,accumulate,accumulate,accumulate,accumulate,False,False,False,False,False,"confidence,risk",0,4,retained_v1_plus_zero_profile_confidence_and_declared_source_validation,"OBV or price-volume behavior indicates distribution.,Primary MACD structure still confirms downside momentum.,10Y yield backdrop is restrictive for rate-sensitive risk.",accumulate,accumulate
2026-09-02,QQQ,long,ETF,True,hold,hold,hold,hold,False,False,False,False,False,"confidence,risk",7,9,retained_v1_plus_zero_profile_confidence_and_declared_source_validation,"Current price is in the neutral space between actionable price zones.,10Y yield backdrop is restrictive for rate-sensitive risk.",hold,hold
2026-09-02,SOFI,short,stock,True,hold,hold,trim,trim,False,False,False,False,False,"confidence,risk",1,7,fixed_stock_short_v2_rebuild,"v2_weak_resistance,primary_moving_average_structure_remains_bearish",hold,trim
2026-09-02,SOFI,mid,stock,True,accumulate,accumulate,accumulate,accumulate,False,False,False,False,False,"confidence,risk",3,7,retained_v1_plus_zero_profile_confidence_and_declared_source_validation,"OBV or price-volume behavior indicates distribution.,Primary MACD structure still confirms downside momentum.,10Y yield backdrop is restrictive for rate-sensitive risk.",accumulate,accumulate
2026-09-02,SOFI,long,stock,True,hold,hold,hold,hold,False,False,False,False,False,"confidence,risk",18,21,retained_v1_plus_zero_profile_confidence_and_declared_source_validation,"OBV or price-volume behavior indicates distribution.,Relative Strength is lagging its relevant benchmarks.,Current price is in the neutral space between actionable price zones.,10Y yield backdrop is restrictive for rate-sensitive risk.",hold,hold
2026-09-02,SOXL,short,ETF,True,accumulate,hold,hold,hold,False,False,True,False,True,"action,confidence,state,landscape,risk",5,11,retained_v1_plus_zero_profile_confidence_and_declared_source_validation,"Relative Strength is lagging its relevant benchmarks.,Primary moving-average structure remains bearish.,Primary MACD structure still confirms downside momentum.,Price is extended into layered resistance rather than support.,Trend is weak, but price has not entered a reduce zone or confirmed a breakdown.",hold,accumulate
2026-09-02,SOXL,mid,ETF,True,accumulate,accumulate,accumulate,accumulate,False,False,False,False,False,"confidence,risk",20,24,retained_v1_plus_zero_profile_confidence_and_declared_source_validation,"Relative Strength is lagging its relevant benchmarks.,Primary moving-average structure remains bearish.,Primary MACD structure still confirms downside momentum.,10Y yield backdrop is restrictive for rate-sensitive risk.",accumulate,accumulate
2026-09-02,SOXL,long,ETF,True,hold,hold,hold,hold,False,False,False,False,False,"confidence,risk",89,91,retained_v1_plus_zero_profile_confidence_and_declared_source_validation,"Volatility or extension risk is elevated.,OBV or price-volume behavior indicates distribution.,Primary MACD structure still confirms downside momentum.,Upside is extended and marginal momentum/participation is weakening.,Price is near the opportunity range but has not entered the recommended buy/add zone.",hold,hold
2026-09-02,SOXS,short,ETF,True,accumulate,accumulate,accumulate,accumulate,False,False,True,False,False,"confidence,risk",4,10,retained_v1_plus_zero_profile_confidence_and_declared_source_validation,"OBV or price-volume behavior indicates distribution.,10Y yield backdrop is restrictive for rate-sensitive risk.",accumulate,accumulate
2026-09-02,SOXS,mid,ETF,True,hold,hold,hold,hold,False,False,False,False,False,"confidence,risk",36,40,retained_v1_plus_zero_profile_confidence_and_declared_source_validation,"Primary moving-average structure remains bearish.,OBV or price-volume behavior indicates distribution.,Relative Strength is lagging its relevant benchmarks.,Trend is weak, but price has not entered a reduce zone or confirmed a breakdown.,10Y yield backdrop is restrictive for rate-sensitive risk.",hold,hold
2026-09-02,SOXS,long,ETF,True,hold,hold,hold,hold,False,False,False,False,False,"confidence,risk",26,28,retained_v1_plus_zero_profile_confidence_and_declared_source_validation,"Relative Strength is lagging its relevant benchmarks.,Primary moving-average structure remains bearish.,OBV or price-volume behavior indicates distribution.,Price is near the opportunity range but has not entered the recommended buy/add zone.,10Y yield backdrop is restrictive for rate-sensitive risk.",hold,hold
2026-09-02,SPCX,short,stock,True,hold,hold,hold,hold,False,False,True,False,False,"confidence,risk",1,7,fixed_stock_short_v2_rebuild,v2_trend_resistance,hold,hold
2026-09-02,SPCX,mid,stock,True,accumulate,accumulate,accumulate,accumulate,False,False,False,False,False,"confidence,risk",4,8,retained_v1_plus_zero_profile_confidence_and_declared_source_validation,"Primary moving-average structure remains bearish.,10Y yield backdrop is restrictive for rate-sensitive risk.",accumulate,accumulate
2026-09-02,SPCX,long,stock,True,avoid,avoid,avoid,avoid,False,False,False,False,False,"confidence,risk",0,2,retained_v1_plus_zero_profile_confidence_and_declared_source_validation,"Price landscape quality is insufficient for an actionable recommendation.,10Y yield backdrop is restrictive for rate-sensitive risk.",avoid,avoid
2026-09-02,SPMO,short,ETF,True,hold,hold,hold,hold,False,False,False,False,False,"confidence,risk",0,6,retained_v1_plus_zero_profile_confidence_and_declared_source_validation,"Primary moving-average structure remains bearish.,Primary MACD structure still confirms downside momentum.,Relative Strength is lagging its relevant benchmarks.,Price is near the opportunity range but has not entered the recommended buy/add zone.,10Y yield backdrop is restrictive for rate-sensitive risk.",hold,hold
2026-09-02,SPMO,mid,ETF,True,accumulate,accumulate,accumulate,accumulate,False,False,False,False,False,"confidence,risk",0,4,retained_v1_plus_zero_profile_confidence_and_declared_source_validation,"Primary MACD structure still confirms downside momentum.,OBV or price-volume behavior indicates distribution.,10Y yield backdrop is restrictive for rate-sensitive risk.",accumulate,accumulate
2026-09-02,SPMO,long,ETF,True,hold,hold,hold,hold,False,False,False,False,False,"confidence,risk",12,14,retained_v1_plus_zero_profile_confidence_and_declared_source_validation,"OBV or price-volume behavior indicates distribution.,Primary MACD structure still confirms downside momentum.,Upside is extended and marginal momentum/participation is weakening.,Current price is in the neutral space between actionable price zones.,10Y yield backdrop is restrictive for rate-sensitive risk.",hold,hold
2026-09-02,SQQQ,short,ETF,True,hold,hold,hold,hold,False,False,False,False,False,"confidence,risk",2,8,retained_v1_plus_zero_profile_confidence_and_declared_source_validation,10Y yield backdrop is restrictive for rate-sensitive risk.,hold,hold
2026-09-02,SQQQ,mid,ETF,True,trim,trim,trim,trim,False,False,False,False,False,"confidence,risk",2,6,retained_v1_plus_zero_profile_confidence_and_declared_source_validation,"Primary moving-average structure remains bearish.,Current price has reached the reduce zone; reduce exposure rather than add.,10Y yield backdrop is restrictive for rate-sensitive risk.",trim,trim
2026-09-02,SQQQ,long,ETF,True,hold,hold,hold,hold,False,False,False,False,False,"confidence,risk",18,20,retained_v1_plus_zero_profile_confidence_and_declared_source_validation,"Relative Strength is lagging its relevant benchmarks.,Primary moving-average structure remains bearish.,OBV or price-volume behavior indicates distribution.,Price is near the opportunity range but has not entered the recommended buy/add zone.,10Y yield backdrop is restrictive for rate-sensitive risk.",hold,hold
2026-09-02,TEM,short,stock,True,accumulate,accumulate,hold,hold,False,False,True,False,False,"confidence,risk",13,19,fixed_stock_short_v2_rebuild,v2_entry_unconfirmed,accumulate,hold
2026-09-02,TEM,mid,stock,True,hold,hold,hold,hold,False,False,False,False,False,"confidence,risk",11,15,retained_v1_plus_zero_profile_confidence_and_declared_source_validation,10Y yield backdrop is restrictive for rate-sensitive risk.,hold,hold
2026-09-02,TEM,long,stock,True,hold,hold,hold,hold,False,False,False,False,False,"confidence,risk",18,20,retained_v1_plus_zero_profile_confidence_and_declared_source_validation,10Y yield backdrop is restrictive for rate-sensitive risk.,hold,hold
2026-09-02,TQQQ,short,ETF,True,hold,hold,hold,hold,False,False,False,False,False,"confidence,risk",0,6,retained_v1_plus_zero_profile_confidence_and_declared_source_validation,"Primary MACD structure still confirms downside momentum.,OBV or price-volume behavior indicates distribution.,Primary moving-average structure remains bearish.,Relative Strength is lagging its relevant benchmarks.,Trend is weak, but price has not entered a reduce zone or confirmed a breakdown.",hold,hold
2026-09-02,TQQQ,mid,ETF,True,accumulate,accumulate,accumulate,accumulate,False,False,False,False,False,"confidence,risk",3,7,retained_v1_plus_zero_profile_confidence_and_declared_source_validation,"Primary MACD structure still confirms downside momentum.,OBV or price-volume behavior indicates distribution.,Relative Strength is lagging its relevant benchmarks.,Primary moving-average structure remains bearish.,10Y yield backdrop is restrictive for rate-sensitive risk.",accumulate,accumulate
2026-09-02,TQQQ,long,ETF,True,hold,hold,hold,hold,False,False,False,False,False,"confidence,risk",25,27,retained_v1_plus_zero_profile_confidence_and_declared_source_validation,"Current price is in the neutral space between actionable price zones.,10Y yield backdrop is restrictive for rate-sensitive risk.",hold,hold
2026-09-02,TSLA,short,stock,True,hold,hold,hold,hold,False,False,True,False,False,"confidence,risk",0,6,fixed_stock_short_v2_rebuild,v2_entry_unconfirmed,hold,hold
2026-09-02,TSLA,mid,stock,True,trim,trim,trim,trim,False,False,False,False,False,"confidence,risk",2,6,retained_v1_plus_zero_profile_confidence_and_declared_source_validation,"Primary moving-average structure remains bearish.,Relative Strength is lagging its relevant benchmarks.,Current price has reached the reduce zone; reduce exposure rather than add.,10Y yield backdrop is restrictive for rate-sensitive risk.",trim,trim
2026-09-02,TSLA,long,stock,True,hold,hold,hold,hold,False,False,False,False,False,"confidence,risk",13,15,retained_v1_plus_zero_profile_confidence_and_declared_source_validation,"Relative Strength is lagging its relevant benchmarks.,OBV or price-volume behavior indicates distribution.,Primary MACD structure still confirms downside momentum.,Primary moving-average structure remains bearish.,Trend is weak, but price has not entered a reduce zone or confirmed a breakdown.",hold,hold
2026-09-02,TSM,short,stock,True,hold,hold,hold,hold,False,False,True,False,False,"confidence,risk",0,6,fixed_stock_short_v2_rebuild,v2_location,hold,hold
2026-09-02,TSM,mid,stock,True,accumulate,accumulate,accumulate,accumulate,False,False,False,False,False,"confidence,risk",1,5,retained_v1_plus_zero_profile_confidence_and_declared_source_validation,"Primary MACD structure still confirms downside momentum.,Relative Strength is lagging its relevant benchmarks.,10Y yield backdrop is restrictive for rate-sensitive risk.",accumulate,accumulate
2026-09-02,TSM,long,stock,True,hold,hold,hold,hold,False,False,False,False,False,"confidence,risk",14,16,retained_v1_plus_zero_profile_confidence_and_declared_source_validation,"Primary MACD structure still confirms downside momentum.,Price is approaching the reduce range but has not entered the recommended reduce/exit zone.,10Y yield backdrop is restrictive for rate-sensitive risk.",hold,hold
2026-09-02,UNH,short,stock,True,hold,hold,hold,hold,False,False,True,False,False,"confidence,risk",6,12,fixed_stock_short_v2_rebuild,v2_location,hold,hold
2026-09-02,UNH,mid,stock,True,trim,trim,trim,trim,False,False,False,False,False,"confidence,risk",0,4,retained_v1_plus_zero_profile_confidence_and_declared_source_validation,"OBV or price-volume behavior indicates distribution.,Current price has reached the reduce zone; reduce exposure rather than add.,10Y yield backdrop is restrictive for rate-sensitive risk.",trim,trim
2026-09-02,UNH,long,stock,True,hold,hold,hold,hold,False,False,False,False,False,"confidence,risk",4,6,retained_v1_plus_zero_profile_confidence_and_declared_source_validation,"OBV or price-volume behavior indicates distribution.,Primary MACD structure still confirms downside momentum.,Upside is extended and marginal momentum/participation is weakening.,10Y yield backdrop is restrictive for rate-sensitive risk.",hold,hold
2026-09-02,XE,short,stock,True,hold,hold,trim,trim,False,False,True,False,False,"confidence,risk",4,10,fixed_stock_short_v2_rebuild,"v2_weak_resistance,primary_moving_average_structure_remains_bearish",hold,trim
2026-09-02,XE,mid,stock,True,hold,hold,hold,hold,False,False,False,False,False,"confidence,risk",9,13,retained_v1_plus_zero_profile_confidence_and_declared_source_validation,"Relative Strength is lagging its relevant benchmarks.,Primary MACD structure still confirms downside momentum.,OBV or price-volume behavior indicates distribution.,Primary moving-average structure remains bearish.,Trend is weak, but price has not entered a reduce zone or confirmed a breakdown.",hold,hold
2026-09-02,XE,long,stock,True,hold,hold,hold,hold,False,False,False,False,False,"confidence,risk",18,20,retained_v1_plus_zero_profile_confidence_and_declared_source_validation,"OBV or price-volume behavior indicates distribution.,Current price is in the neutral space between actionable price zones.,10Y yield backdrop is restrictive for rate-sensitive risk.",hold,hold
2026-09-02,ZETA,short,stock,True,hold,hold,hold,hold,False,False,True,False,False,"confidence,risk",1,7,fixed_stock_short_v2_rebuild,v2_location,hold,hold
2026-09-02,ZETA,mid,stock,True,buy,buy,buy,buy,False,False,False,False,False,"confidence,risk",13,17,retained_v1_plus_zero_profile_confidence_and_declared_source_validation,10Y yield backdrop is restrictive for rate-sensitive risk.,buy,buy
2026-09-02,ZETA,long,stock,True,hold,hold,hold,hold,False,False,False,False,False,"confidence,risk",22,24,retained_v1_plus_zero_profile_confidence_and_declared_source_validation,10Y yield backdrop is restrictive for rate-sensitive risk.,hold,hold
2026-09-03,AAPL,short,stock,True,hold,hold,hold,hold,False,False,True,False,False,"confidence,risk",7,13,fixed_stock_short_v2_rebuild,v2_location,hold,hold
2026-09-03,AAPL,mid,stock,True,hold,hold,hold,hold,False,False,False,False,False,"confidence,risk",7,11,retained_v1_plus_zero_profile_confidence_and_declared_source_validation,10Y yield backdrop is restrictive for rate-sensitive risk.,hold,hold
2026-09-03,AAPL,long,stock,True,hold,hold,hold,hold,False,False,False,False,False,"confidence,risk",9,11,retained_v1_plus_zero_profile_confidence_and_declared_source_validation,"Upside is extended and marginal momentum/participation is weakening.,Price is approaching the reduce range but has not entered the recommended reduce/exit zone.,10Y yield backdrop is restrictive for rate-sensitive risk.",hold,hold
2026-09-03,AMD,short,stock,True,accumulate,accumulate,hold,hold,False,False,True,False,False,"confidence,risk",1,7,fixed_stock_short_v2_rebuild,"v2_entry_unconfirmed,primary_moving_average_structure_remains_bearish,relative_strength_is_lagging_its_relevant_benchmarks",accumulate,hold
2026-09-03,AMD,mid,stock,True,hold,hold,hold,hold,False,False,False,False,False,"confidence,risk",3,7,retained_v1_plus_zero_profile_confidence_and_declared_source_validation,"Primary MACD structure still confirms downside momentum.,OBV or price-volume behavior indicates distribution.,Relative Strength is lagging its relevant benchmarks.,Price is extended into layered resistance rather than support.,Upside is extended and marginal momentum/participation is weakening.",hold,hold
2026-09-03,AMD,long,stock,True,hold,hold,hold,hold,False,False,False,False,False,"confidence,risk",88,90,retained_v1_plus_zero_profile_confidence_and_declared_source_validation,"Volatility or extension risk is elevated.,Primary MACD structure still confirms downside momentum.,Current price is in the neutral space between actionable price zones.,10Y yield backdrop is restrictive for rate-sensitive risk.",hold,hold
2026-09-03,AMZN,short,stock,True,hold,hold,hold,hold,False,False,True,False,False,"confidence,risk",0,6,fixed_stock_short_v2_rebuild,"v2_location,relative_strength_is_lagging_its_relevant_benchmarks",hold,hold
2026-09-03,AMZN,mid,stock,True,hold,hold,hold,hold,False,False,False,False,False,"confidence,risk",1,5,retained_v1_plus_zero_profile_confidence_and_declared_source_validation,"OBV or price-volume behavior indicates distribution.,Primary MACD structure still confirms downside momentum.,Price is near the opportunity range but has not entered the recommended buy/add zone.,10Y yield backdrop is restrictive for rate-sensitive risk.",hold,hold
2026-09-03,AMZN,long,stock,True,hold,hold,hold,hold,False,False,False,False,False,"confidence,risk",5,7,retained_v1_plus_zero_profile_confidence_and_declared_source_validation,10Y yield backdrop is restrictive for rate-sensitive risk.,hold,hold
2026-09-03,BABA,short,stock,True,accumulate,accumulate,hold,hold,False,False,True,False,False,"confidence,risk",1,7,fixed_stock_short_v2_rebuild,"v2_entry_unconfirmed,primary_moving_average_structure_remains_bearish,relative_strength_is_lagging_its_relevant_benchmarks",accumulate,hold
2026-09-03,BABA,mid,stock,True,sell,sell,sell,sell,False,False,False,False,False,"confidence,risk",2,6,retained_v1_plus_zero_profile_confidence_and_declared_source_validation,"Primary MACD structure still confirms downside momentum.,Primary moving-average structure remains bearish.,OBV or price-volume behavior indicates distribution.,Relative Strength is lagging its relevant benchmarks.,A confirmed breakdown has invalidated the prior opportunity structure; exit is anchored near the current executable area.",sell,sell
2026-09-03,BABA,long,stock,True,hold,hold,hold,hold,False,False,False,False,False,"confidence,risk",8,10,retained_v1_plus_zero_profile_confidence_and_declared_source_validation,"Relative Strength is lagging its relevant benchmarks.,Primary moving-average structure remains bearish.,OBV or price-volume behavior indicates distribution.,Current price is in the neutral space between actionable price zones.,10Y yield backdrop is restrictive for rate-sensitive risk.",hold,hold
2026-09-03,CRCL,short,stock,True,hold,hold,hold,hold,False,False,True,False,False,"confidence,risk",18,24,fixed_stock_short_v2_rebuild,v2_location,hold,hold
2026-09-03,CRCL,mid,stock,True,hold,hold,hold,hold,False,False,False,False,False,"confidence,risk",11,15,retained_v1_plus_zero_profile_confidence_and_declared_source_validation,10Y yield backdrop is restrictive for rate-sensitive risk.,hold,hold
2026-09-03,CRCL,long,stock,True,hold,hold,hold,hold,False,False,False,False,False,"confidence,risk",18,20,retained_v1_plus_zero_profile_confidence_and_declared_source_validation,"Relative Strength is lagging its relevant benchmarks.,Current price is in the neutral space between actionable price zones.,10Y yield backdrop is restrictive for rate-sensitive risk.",hold,hold
2026-09-03,FFAI,short,stock,True,hold,hold,hold,hold,False,False,False,False,False,"confidence,risk",42,48,fixed_stock_short_v2_rebuild,"v2_entry_unconfirmed,primary_moving_average_structure_remains_bearish,relative_strength_is_lagging_its_relevant_benchmarks",hold,hold
2026-09-03,FFAI,mid,stock,True,hold,hold,hold,hold,False,False,False,False,False,"confidence,risk",23,27,retained_v1_plus_zero_profile_confidence_and_declared_source_validation,"Primary MACD structure still confirms downside momentum.,OBV or price-volume behavior indicates distribution.,Trend is weak, but price has not entered a reduce zone or confirmed a breakdown.,10Y yield backdrop is restrictive for rate-sensitive risk.",hold,hold
2026-09-03,FFAI,long,stock,True,hold,hold,hold,hold,False,False,False,False,False,"confidence,risk",88,90,retained_v1_plus_zero_profile_confidence_and_declared_source_validation,"Volatility or extension risk is elevated.,OBV or price-volume behavior indicates distribution.,Upside is extended and marginal momentum/participation is weakening.,10Y yield backdrop is restrictive for rate-sensitive risk.",hold,hold
2026-09-03,GEV,short,stock,True,hold,hold,trim,trim,False,False,True,False,False,"confidence,risk",20,26,fixed_stock_short_v2_rebuild,"v2_weak_resistance,primary_moving_average_structure_remains_bearish,relative_strength_is_lagging_its_relevant_benchmarks",hold,trim
2026-09-03,GEV,mid,stock,True,sell,sell,sell,sell,False,False,False,False,False,"confidence,risk",3,7,retained_v1_plus_zero_profile_confidence_and_declared_source_validation,"Primary moving-average structure remains bearish.,OBV or price-volume behavior indicates distribution.,Primary MACD structure still confirms downside momentum.,Bearish deterioration is confirmed while current price is in the executable reduce zone.,10Y yield backdrop is restrictive for rate-sensitive risk.",sell,sell
2026-09-03,GEV,long,stock,True,accumulate,accumulate,accumulate,accumulate,False,False,False,False,False,"confidence,risk",84,86,retained_v1_plus_zero_profile_confidence_and_declared_source_validation,"Volatility or extension risk is elevated.,OBV or price-volume behavior indicates distribution.,Primary MACD structure still confirms downside momentum.,Upside is extended and marginal momentum/participation is weakening.,10Y yield backdrop is restrictive for rate-sensitive risk.",accumulate,accumulate
2026-09-03,GOOGL,short,stock,True,hold,trim,hold,hold,False,False,True,False,True,"action,confidence,state,landscape,risk",0,6,fixed_stock_short_v2_rebuild,"v2_location,primary_moving_average_structure_remains_bearish,relative_strength_is_lagging_its_relevant_benchmarks",trim,hold
2026-09-03,GOOGL,mid,stock,True,hold,hold,hold,hold,False,False,False,False,True,"confidence,landscape,risk",0,4,retained_v1_plus_zero_profile_confidence_and_declared_source_validation,"Primary moving-average structure remains bearish.,OBV or price-volume behavior indicates distribution.,Primary MACD structure still confirms downside momentum.,Relative Strength is lagging its relevant benchmarks.,Trend is weak, but price has not entered a reduce zone or confirmed a breakdown.",hold,hold
2026-09-03,GOOGL,long,stock,True,accumulate,accumulate,accumulate,accumulate,False,False,False,False,False,"confidence,risk",14,16,retained_v1_plus_zero_profile_confidence_and_declared_source_validation,"OBV or price-volume behavior indicates distribution.,10Y yield backdrop is restrictive for rate-sensitive risk.",accumulate,accumulate
2026-09-03,HIMS,short,stock,True,hold,hold,hold,hold,False,False,True,False,False,"confidence,risk",3,9,fixed_stock_short_v2_rebuild,"v2_location,primary_moving_average_structure_remains_bearish,relative_strength_is_lagging_its_relevant_benchmarks",hold,hold
2026-09-03,HIMS,mid,stock,True,hold,hold,hold,hold,False,False,False,False,False,"confidence,risk",7,11,retained_v1_plus_zero_profile_confidence_and_declared_source_validation,"Primary MACD structure still confirms downside momentum.,OBV or price-volume behavior indicates distribution.,Relative Strength is lagging its relevant benchmarks.,Trend is weak, but price has not entered a reduce zone or confirmed a breakdown.,10Y yield backdrop is restrictive for rate-sensitive risk.",hold,hold
2026-09-03,HIMS,long,stock,True,hold,hold,hold,hold,False,False,False,False,False,"confidence,risk",18,20,retained_v1_plus_zero_profile_confidence_and_declared_source_validation,"OBV or price-volume behavior indicates distribution.,10Y yield backdrop is restrictive for rate-sensitive risk.",hold,hold
2026-09-03,META,short,stock,True,buy,buy,buy,buy,False,False,True,False,False,"confidence,risk",10,16,fixed_stock_short_v2_rebuild,,buy,buy
2026-09-03,META,mid,stock,True,hold,hold,hold,hold,False,False,False,False,False,"confidence,risk",9,13,retained_v1_plus_zero_profile_confidence_and_declared_source_validation,"Primary moving-average structure remains bearish.,Current price is in the neutral space between actionable price zones.,10Y yield backdrop is restrictive for rate-sensitive risk.",hold,hold
2026-09-03,META,long,stock,True,hold,hold,hold,hold,False,False,False,False,False,"confidence,risk",18,20,retained_v1_plus_zero_profile_confidence_and_declared_source_validation,"Primary MACD structure still confirms downside momentum.,OBV or price-volume behavior indicates distribution.,Relative Strength is lagging its relevant benchmarks.,Primary moving-average structure remains bearish.,Trend is weak, but price has not entered a reduce zone or confirmed a breakdown.",hold,hold
2026-09-03,MPT,short,stock,True,accumulate,accumulate,hold,hold,False,False,False,False,False,"confidence,risk",0,6,fixed_stock_short_v2_rebuild,"v2_location,primary_moving_average_structure_remains_bearish,relative_strength_is_lagging_its_relevant_benchmarks",accumulate,accumulate
2026-09-03,MPT,mid,stock,True,hold,hold,hold,hold,False,False,False,False,False,"confidence,risk",12,16,retained_v1_plus_zero_profile_confidence_and_declared_source_validation,"Primary moving-average structure remains bearish.,Relative Strength is lagging its relevant benchmarks.,OBV or price-volume behavior indicates distribution.,Price is near the opportunity range but has not entered the recommended buy/add zone.,10Y yield backdrop is restrictive for rate-sensitive risk.",hold,hold
2026-09-03,MPT,long,stock,True,sell,sell,sell,sell,False,False,False,False,False,"confidence,risk",7,9,retained_v1_plus_zero_profile_confidence_and_declared_source_validation,"Relative Strength is lagging its relevant benchmarks.,Primary MACD structure still confirms downside momentum.,Primary moving-average structure remains bearish.,OBV or price-volume behavior indicates distribution.,Price is extended into layered resistance rather than support.",sell,sell
2026-09-03,MSFT,short,stock,True,hold,hold,hold,hold,False,False,True,False,False,"confidence,risk",0,6,fixed_stock_short_v2_rebuild,v2_trend_resistance,hold,hold
2026-09-03,MSFT,mid,stock,True,trim,trim,trim,trim,False,False,False,False,False,"confidence,risk",20,24,retained_v1_plus_zero_profile_confidence_and_declared_source_validation,"Primary MACD structure still confirms downside momentum.,Current price has reached the reduce zone; reduce exposure rather than add.,10Y yield backdrop is restrictive for rate-sensitive risk.",trim,trim
2026-09-03,MSFT,long,stock,True,hold,hold,hold,hold,False,False,False,False,False,"confidence,risk",9,11,retained_v1_plus_zero_profile_confidence_and_declared_source_validation,"OBV or price-volume behavior indicates distribution.,10Y yield backdrop is restrictive for rate-sensitive risk.",hold,hold
2026-09-03,MU,short,stock,True,trim,trim,hold,hold,False,False,True,False,False,"confidence,risk",1,7,fixed_stock_short_v2_rebuild,v2_trend_resistance,trim,hold
2026-09-03,MU,mid,stock,True,hold,hold,hold,hold,False,False,False,False,False,"confidence,risk",4,8,retained_v1_plus_zero_profile_confidence_and_declared_source_validation,"Price is near the opportunity range but has not entered the recommended buy/add zone.,10Y yield backdrop is restrictive for rate-sensitive risk.",hold,hold
2026-09-03,MU,long,stock,True,accumulate,accumulate,accumulate,accumulate,False,False,False,False,False,"confidence,risk",88,90,retained_v1_plus_zero_profile_confidence_and_declared_source_validation,"Volatility or extension risk is elevated.,OBV or price-volume behavior indicates distribution.,Primary MACD structure still confirms downside momentum.,Upside is extended and marginal momentum/participation is weakening.,10Y yield backdrop is restrictive for rate-sensitive risk.",accumulate,accumulate
2026-09-03,NFLX,short,stock,True,accumulate,accumulate,hold,hold,False,False,True,False,False,"confidence,risk",0,6,fixed_stock_short_v2_rebuild,v2_entry_unconfirmed,accumulate,hold
2026-09-03,NFLX,mid,stock,True,accumulate,accumulate,accumulate,accumulate,False,False,False,False,False,"confidence,risk",1,5,retained_v1_plus_zero_profile_confidence_and_declared_source_validation,"OBV or price-volume behavior indicates distribution.,10Y yield backdrop is restrictive for rate-sensitive risk.",accumulate,accumulate
2026-09-03,NFLX,long,stock,True,hold,hold,hold,hold,False,False,False,False,False,"confidence,risk",6,8,retained_v1_plus_zero_profile_confidence_and_declared_source_validation,"Relative Strength is lagging its relevant benchmarks.,Primary moving-average structure remains bearish.,Current price is in the neutral space between actionable price zones.,10Y yield backdrop is restrictive for rate-sensitive risk.",hold,hold
2026-09-03,NOK,short,stock,True,accumulate,accumulate,hold,hold,False,False,False,False,False,"confidence,risk",0,6,fixed_stock_short_v2_rebuild,"v2_entry_unconfirmed,primary_moving_average_structure_remains_bearish",accumulate,hold
2026-09-03,NOK,mid,stock,True,hold,hold,hold,hold,False,False,False,False,False,"confidence,risk",6,10,retained_v1_plus_zero_profile_confidence_and_declared_source_validation,"Relative Strength is lagging its relevant benchmarks.,Primary moving-average structure remains bearish.,Primary MACD structure still confirms downside momentum.,Price is extended into layered resistance rather than support.,Trend is weak, but price has not entered a reduce zone or confirmed a breakdown.",hold,hold
2026-09-03,NOK,long,stock,True,hold,hold,hold,hold,False,False,False,False,False,"confidence,risk",27,29,retained_v1_plus_zero_profile_confidence_and_declared_source_validation,"OBV or price-volume behavior indicates distribution.,Current price is in the neutral space between actionable price zones.,10Y yield backdrop is restrictive for rate-sensitive risk.",hold,hold
2026-09-03,NOW,short,stock,True,hold,hold,hold,hold,False,False,True,False,False,"confidence,risk",2,8,fixed_stock_short_v2_rebuild,v2_trend_resistance,hold,hold
2026-09-03,NOW,mid,stock,True,hold,hold,hold,hold,False,False,False,False,False,"confidence,risk",13,17,retained_v1_plus_zero_profile_confidence_and_declared_source_validation,10Y yield backdrop is restrictive for rate-sensitive risk.,hold,hold
2026-09-03,NOW,long,stock,True,hold,hold,hold,hold,False,False,False,False,False,"confidence,risk",20,22,retained_v1_plus_zero_profile_confidence_and_declared_source_validation,10Y yield backdrop is restrictive for rate-sensitive risk.,hold,hold
2026-09-03,NVDA,short,stock,True,hold,hold,hold,hold,False,False,True,False,False,"confidence,risk",4,10,fixed_stock_short_v2_rebuild,v2_location,hold,hold
2026-09-03,NVDA,mid,stock,True,hold,hold,hold,hold,False,False,False,False,False,"confidence,risk",5,9,retained_v1_plus_zero_profile_confidence_and_declared_source_validation,"OBV or price-volume behavior indicates distribution.,10Y yield backdrop is restrictive for rate-sensitive risk.",hold,hold
2026-09-03,NVDA,long,stock,True,trim,trim,trim,trim,False,False,False,False,False,"confidence,risk",11,13,retained_v1_plus_zero_profile_confidence_and_declared_source_validation,"Current price has reached the reduce zone; reduce exposure rather than add.,10Y yield backdrop is restrictive for rate-sensitive risk.",trim,trim
2026-09-03,ORCL,short,stock,True,hold,hold,hold,hold,False,False,True,False,False,"confidence,risk",14,20,fixed_stock_short_v2_rebuild,v2_trend_resistance,hold,hold
2026-09-03,ORCL,mid,stock,True,hold,hold,hold,hold,False,False,False,False,False,"confidence,risk",15,19,retained_v1_plus_zero_profile_confidence_and_declared_source_validation,"Relative Strength is lagging its relevant benchmarks.,Primary moving-average structure remains bearish.,Current price is in the neutral space between actionable price zones.,10Y yield backdrop is restrictive for rate-sensitive risk.,Earnings proximity raises event uncertainty.",hold,hold
2026-09-03,ORCL,long,stock,True,trim,trim,trim,trim,False,False,False,False,False,"confidence,risk",31,33,retained_v1_plus_zero_profile_confidence_and_declared_source_validation,"OBV or price-volume behavior indicates distribution.,Relative Strength is lagging its relevant benchmarks.,Primary moving-average structure remains bearish.,Primary MACD structure still confirms downside momentum.,Current price has reached the reduce zone; reduce exposure rather than add.",trim,trim
2026-09-03,PLTR,short,stock,True,hold,hold,hold,hold,False,False,True,False,False,"confidence,risk",1,7,fixed_stock_short_v2_rebuild,v2_location,hold,hold
2026-09-03,PLTR,mid,stock,True,trim,trim,trim,trim,False,False,False,False,False,"confidence,risk",8,12,retained_v1_plus_zero_profile_confidence_and_declared_source_validation,"Primary MACD structure still confirms downside momentum.,Current price has reached the reduce zone; reduce exposure rather than add.,10Y yield backdrop is restrictive for rate-sensitive risk.",trim,trim
2026-09-03,PLTR,long,stock,True,hold,hold,hold,hold,False,False,False,False,False,"confidence,risk",13,15,retained_v1_plus_zero_profile_confidence_and_declared_source_validation,10Y yield backdrop is restrictive for rate-sensitive risk.,hold,hold
2026-09-03,QQQ,short,ETF,True,hold,hold,hold,hold,False,False,True,False,False,"confidence,risk",0,6,retained_v1_plus_zero_profile_confidence_and_declared_source_validation,"Current price is in the neutral space between actionable price zones.,10Y yield backdrop is restrictive for rate-sensitive risk.",hold,hold
2026-09-03,QQQ,mid,ETF,True,hold,hold,hold,hold,False,False,False,False,False,"confidence,risk",0,4,retained_v1_plus_zero_profile_confidence_and_declared_source_validation,"OBV or price-volume behavior indicates distribution.,Upside is extended and marginal momentum/participation is weakening.,Current price is in the neutral space between actionable price zones.,10Y yield backdrop is restrictive for rate-sensitive risk.",hold,hold
2026-09-03,QQQ,long,ETF,True,hold,hold,hold,hold,False,False,False,False,False,"confidence,risk",7,9,retained_v1_plus_zero_profile_confidence_and_declared_source_validation,"Current price is in the neutral space between actionable price zones.,10Y yield backdrop is restrictive for rate-sensitive risk.",hold,hold
2026-09-03,SOFI,short,stock,True,hold,hold,hold,hold,False,False,False,False,False,"confidence,risk",1,7,fixed_stock_short_v2_rebuild,v2_location,hold,hold
2026-09-03,SOFI,mid,stock,True,hold,hold,hold,hold,False,False,False,False,False,"confidence,risk",3,7,retained_v1_plus_zero_profile_confidence_and_declared_source_validation,"Primary MACD structure still confirms downside momentum.,Current price is in the neutral space between actionable price zones.,10Y yield backdrop is restrictive for rate-sensitive risk.",hold,hold
2026-09-03,SOFI,long,stock,True,hold,hold,hold,hold,False,False,False,False,False,"confidence,risk",18,21,retained_v1_plus_zero_profile_confidence_and_declared_source_validation,"OBV or price-volume behavior indicates distribution.,Relative Strength is lagging its relevant benchmarks.,Current price is in the neutral space between actionable price zones.,10Y yield backdrop is restrictive for rate-sensitive risk.",hold,hold
2026-09-03,SOXL,short,ETF,True,accumulate,accumulate,accumulate,accumulate,False,False,True,False,False,"confidence,risk",5,11,retained_v1_plus_zero_profile_confidence_and_declared_source_validation,"Relative Strength is lagging its relevant benchmarks.,Primary moving-average structure remains bearish.,OBV or price-volume behavior indicates distribution.,Primary MACD structure still confirms downside momentum.,10Y yield backdrop is restrictive for rate-sensitive risk.",accumulate,accumulate
2026-09-03,SOXL,mid,ETF,True,accumulate,accumulate,accumulate,accumulate,False,False,False,False,False,"confidence,risk",20,24,retained_v1_plus_zero_profile_confidence_and_declared_source_validation,"Relative Strength is lagging its relevant benchmarks.,Primary moving-average structure remains bearish.,Primary MACD structure still confirms downside momentum.,10Y yield backdrop is restrictive for rate-sensitive risk.",accumulate,accumulate
2026-09-03,SOXL,long,ETF,True,hold,hold,hold,hold,False,False,False,False,False,"confidence,risk",89,91,retained_v1_plus_zero_profile_confidence_and_declared_source_validation,"Volatility or extension risk is elevated.,OBV or price-volume behavior indicates distribution.,Primary MACD structure still confirms downside momentum.,Upside is extended and marginal momentum/participation is weakening.,Price is near the opportunity range but has not entered the recommended buy/add zone.",hold,hold
2026-09-03,SOXS,short,ETF,True,accumulate,accumulate,accumulate,accumulate,False,False,True,False,False,"confidence,risk",3,9,retained_v1_plus_zero_profile_confidence_and_declared_source_validation,"OBV or price-volume behavior indicates distribution.,10Y yield backdrop is restrictive for rate-sensitive risk.",accumulate,accumulate
2026-09-03,SOXS,mid,ETF,True,hold,hold,hold,hold,False,False,False,False,False,"confidence,risk",36,40,retained_v1_plus_zero_profile_confidence_and_declared_source_validation,"Primary moving-average structure remains bearish.,OBV or price-volume behavior indicates distribution.,Relative Strength is lagging its relevant benchmarks.,Trend is weak, but price has not entered a reduce zone or confirmed a breakdown.,10Y yield backdrop is restrictive for rate-sensitive risk.",hold,hold
2026-09-03,SOXS,long,ETF,True,hold,hold,hold,hold,False,False,False,False,False,"confidence,risk",26,28,retained_v1_plus_zero_profile_confidence_and_declared_source_validation,"Relative Strength is lagging its relevant benchmarks.,Primary moving-average structure remains bearish.,OBV or price-volume behavior indicates distribution.,Price is near the opportunity range but has not entered the recommended buy/add zone.,10Y yield backdrop is restrictive for rate-sensitive risk.",hold,hold
2026-09-03,SPCX,short,stock,True,hold,hold,hold,hold,False,False,True,False,False,"confidence,risk",7,13,fixed_stock_short_v2_rebuild,v2_location,hold,hold
2026-09-03,SPCX,mid,stock,True,hold,hold,hold,hold,False,False,False,False,False,"confidence,risk",8,12,retained_v1_plus_zero_profile_confidence_and_declared_source_validation,10Y yield backdrop is restrictive for rate-sensitive risk.,hold,hold
2026-09-03,SPCX,long,stock,True,avoid,avoid,avoid,avoid,False,False,False,False,False,"confidence,risk",0,2,retained_v1_plus_zero_profile_confidence_and_declared_source_validation,"Price landscape quality is insufficient for an actionable recommendation.,10Y yield backdrop is restrictive for rate-sensitive risk.",avoid,avoid
2026-09-03,SPMO,short,ETF,True,hold,hold,hold,hold,False,False,False,False,False,"confidence,risk",0,6,retained_v1_plus_zero_profile_confidence_and_declared_source_validation,"Primary moving-average structure remains bearish.,Current price is in the neutral space between actionable price zones.,10Y yield backdrop is restrictive for rate-sensitive risk.",hold,hold
2026-09-03,SPMO,mid,ETF,True,hold,hold,hold,hold,False,False,False,False,False,"confidence,risk",0,4,retained_v1_plus_zero_profile_confidence_and_declared_source_validation,"Primary MACD structure still confirms downside momentum.,Price is near the opportunity range but has not entered the recommended buy/add zone.,10Y yield backdrop is restrictive for rate-sensitive risk.",hold,hold
2026-09-03,SPMO,long,ETF,True,hold,hold,hold,hold,False,False,False,False,False,"confidence,risk",14,16,retained_v1_plus_zero_profile_confidence_and_declared_source_validation,"OBV or price-volume behavior indicates distribution.,Primary MACD structure still confirms downside momentum.,Upside is extended and marginal momentum/participation is weakening.,Current price is in the neutral space between actionable price zones.,10Y yield backdrop is restrictive for rate-sensitive risk.",hold,hold
2026-09-03,SQQQ,short,ETF,True,hold,hold,hold,hold,False,False,False,False,False,"confidence,risk",0,6,retained_v1_plus_zero_profile_confidence_and_declared_source_validation,"OBV or price-volume behavior indicates distribution.,Current price is in the neutral space between actionable price zones.,10Y yield backdrop is restrictive for rate-sensitive risk.",hold,hold
2026-09-03,SQQQ,mid,ETF,True,hold,hold,hold,hold,False,False,False,False,False,"confidence,risk",3,7,retained_v1_plus_zero_profile_confidence_and_declared_source_validation,"Primary moving-average structure remains bearish.,Relative Strength is lagging its relevant benchmarks.,Trend is weak, but price has not entered a reduce zone or confirmed a breakdown.,10Y yield backdrop is restrictive for rate-sensitive risk.",hold,hold
2026-09-03,SQQQ,long,ETF,True,hold,hold,hold,hold,False,False,False,False,False,"confidence,risk",18,20,retained_v1_plus_zero_profile_confidence_and_declared_source_validation,"Relative Strength is lagging its relevant benchmarks.,Primary moving-average structure remains bearish.,OBV or price-volume behavior indicates distribution.,Price is near the opportunity range but has not entered the recommended buy/add zone.,10Y yield backdrop is restrictive for rate-sensitive risk.",hold,hold
2026-09-03,TEM,short,stock,True,hold,hold,hold,hold,False,False,True,False,False,"confidence,risk",7,13,fixed_stock_short_v2_rebuild,v2_trend_resistance,hold,hold
2026-09-03,TEM,mid,stock,True,hold,hold,hold,hold,False,False,False,False,False,"confidence,risk",6,10,retained_v1_plus_zero_profile_confidence_and_declared_source_validation,10Y yield backdrop is restrictive for rate-sensitive risk.,hold,hold
2026-09-03,TEM,long,stock,True,hold,hold,hold,hold,False,False,False,False,False,"confidence,risk",18,20,retained_v1_plus_zero_profile_confidence_and_declared_source_validation,10Y yield backdrop is restrictive for rate-sensitive risk.,hold,hold
2026-09-03,TQQQ,short,ETF,True,hold,hold,hold,hold,False,False,False,False,False,"confidence,risk",0,6,retained_v1_plus_zero_profile_confidence_and_declared_source_validation,"Current price is in the neutral space between actionable price zones.,10Y yield backdrop is restrictive for rate-sensitive risk.",hold,hold
2026-09-03,TQQQ,mid,ETF,True,hold,hold,hold,hold,False,False,False,False,False,"confidence,risk",2,6,retained_v1_plus_zero_profile_confidence_and_declared_source_validation,"OBV or price-volume behavior indicates distribution.,Primary MACD structure still confirms downside momentum.,Relative Strength is lagging its relevant benchmarks.,Price is approaching the reduce range but has not entered the recommended reduce/exit zone.,10Y yield backdrop is restrictive for rate-sensitive risk.",hold,hold
2026-09-03,TQQQ,long,ETF,True,hold,hold,hold,hold,False,False,False,False,False,"confidence,risk",25,27,retained_v1_plus_zero_profile_confidence_and_declared_source_validation,"Current price is in the neutral space between actionable price zones.,10Y yield backdrop is restrictive for rate-sensitive risk.",hold,hold
2026-09-03,TSLA,short,stock,True,hold,hold,hold,hold,False,False,True,False,False,"confidence,risk",1,7,fixed_stock_short_v2_rebuild,v2_location,hold,hold
2026-09-03,TSLA,mid,stock,True,hold,hold,hold,hold,False,False,False,False,False,"confidence,risk",8,12,retained_v1_plus_zero_profile_confidence_and_declared_source_validation,"Primary moving-average structure remains bearish.,10Y yield backdrop is restrictive for rate-sensitive risk.",hold,hold
2026-09-03,TSLA,long,stock,True,hold,hold,hold,hold,False,False,False,False,False,"confidence,risk",13,15,retained_v1_plus_zero_profile_confidence_and_declared_source_validation,"Relative Strength is lagging its relevant benchmarks.,Primary MACD structure still confirms downside momentum.,Primary moving-average structure remains bearish.,OBV or price-volume behavior indicates distribution.,Trend is weak, but price has not entered a reduce zone or confirmed a breakdown.",hold,hold
2026-09-03,TSM,short,stock,True,accumulate,accumulate,hold,hold,False,False,True,False,False,"confidence,risk",0,6,fixed_stock_short_v2_rebuild,v2_location,accumulate,hold
2026-09-03,TSM,mid,stock,True,accumulate,accumulate,accumulate,accumulate,False,False,False,False,False,"confidence,risk",1,5,retained_v1_plus_zero_profile_confidence_and_declared_source_validation,"Primary MACD structure still confirms downside momentum.,Relative Strength is lagging its relevant benchmarks.,10Y yield backdrop is restrictive for rate-sensitive risk.",accumulate,accumulate
2026-09-03,TSM,long,stock,True,hold,hold,hold,hold,False,False,False,False,False,"confidence,risk",14,16,retained_v1_plus_zero_profile_confidence_and_declared_source_validation,"Primary MACD structure still confirms downside momentum.,Price is approaching the reduce range but has not entered the recommended reduce/exit zone.,10Y yield backdrop is restrictive for rate-sensitive risk.",hold,hold
2026-09-03,UNH,short,stock,True,hold,hold,hold,hold,False,False,True,False,False,"confidence,risk",6,12,fixed_stock_short_v2_rebuild,v2_location,hold,hold
2026-09-03,UNH,mid,stock,True,trim,trim,trim,trim,False,False,False,False,False,"confidence,risk",0,4,retained_v1_plus_zero_profile_confidence_and_declared_source_validation,"OBV or price-volume behavior indicates distribution.,Relative Strength is lagging its relevant benchmarks.,Current price has reached the reduce zone; reduce exposure rather than add.,10Y yield backdrop is restrictive for rate-sensitive risk.",trim,trim
2026-09-03,UNH,long,stock,True,hold,hold,hold,hold,False,False,False,False,False,"confidence,risk",4,6,retained_v1_plus_zero_profile_confidence_and_declared_source_validation,"OBV or price-volume behavior indicates distribution.,Primary MACD structure still confirms downside momentum.,Upside is extended and marginal momentum/participation is weakening.,10Y yield backdrop is restrictive for rate-sensitive risk.",hold,hold
2026-09-03,XE,short,stock,True,hold,hold,trim,trim,False,False,True,False,False,"confidence,risk",4,10,fixed_stock_short_v2_rebuild,"v2_weak_resistance,primary_moving_average_structure_remains_bearish,relative_strength_is_lagging_its_relevant_benchmarks",hold,trim
2026-09-03,XE,mid,stock,True,hold,hold,hold,hold,False,False,False,False,False,"confidence,risk",8,12,retained_v1_plus_zero_profile_confidence_and_declared_source_validation,"Primary MACD structure still confirms downside momentum.,Relative Strength is lagging its relevant benchmarks.,Primary moving-average structure remains bearish.,OBV or price-volume behavior indicates distribution.,Price is near the opportunity range but has not entered the recommended buy/add zone.",hold,hold
2026-09-03,XE,long,stock,True,hold,hold,hold,hold,False,False,False,False,False,"confidence,risk",18,20,retained_v1_plus_zero_profile_confidence_and_declared_source_validation,"OBV or price-volume behavior indicates distribution.,Current price is in the neutral space between actionable price zones.,10Y yield backdrop is restrictive for rate-sensitive risk.",hold,hold
2026-09-03,ZETA,short,stock,True,hold,hold,strong_buy,strong_buy,False,False,True,False,False,"confidence,risk",8,14,fixed_stock_short_v2_rebuild,,hold,strong_buy
2026-09-03,ZETA,mid,stock,True,hold,hold,hold,hold,False,False,False,False,False,"confidence,risk",26,30,retained_v1_plus_zero_profile_confidence_and_declared_source_validation,10Y yield backdrop is restrictive for rate-sensitive risk.,hold,hold
2026-09-03,ZETA,long,stock,True,hold,hold,hold,hold,False,False,False,False,False,"confidence,risk",25,27,retained_v1_plus_zero_profile_confidence_and_declared_source_validation,10Y yield backdrop is restrictive for rate-sensitive risk.,hold,hold
2026-09-04,AAPL,short,stock,True,accumulate,accumulate,accumulate,accumulate,False,False,True,False,False,"confidence,risk",0,6,fixed_stock_short_v2_rebuild,,accumulate,accumulate
2026-09-04,AAPL,mid,stock,True,buy,buy,buy,buy,False,False,False,False,False,"confidence,risk",0,4,retained_v1_plus_zero_profile_confidence_and_declared_source_validation,10Y yield backdrop is restrictive for rate-sensitive risk.,buy,buy
2026-09-04,AAPL,long,stock,True,hold,hold,hold,hold,False,False,False,False,False,"confidence,risk",9,11,retained_v1_plus_zero_profile_confidence_and_declared_source_validation,10Y yield backdrop is restrictive for rate-sensitive risk.,hold,hold
2026-09-04,AMD,short,stock,True,hold,hold,accumulate,accumulate,False,False,True,False,False,"confidence,risk",21,27,fixed_stock_short_v2_rebuild,,hold,accumulate
2026-09-04,AMD,mid,stock,True,hold,hold,hold,hold,False,False,False,False,False,"confidence,risk",3,7,retained_v1_plus_zero_profile_confidence_and_declared_source_validation,"Price is near the opportunity range but has not entered the recommended buy/add zone.,10Y yield backdrop is restrictive for rate-sensitive risk.",hold,hold
2026-09-04,AMD,long,stock,True,accumulate,accumulate,accumulate,accumulate,False,False,False,False,False,"confidence,risk",25,27,retained_v1_plus_zero_profile_confidence_and_declared_source_validation,"OBV or price-volume behavior indicates distribution.,Primary MACD structure still confirms downside momentum.,Upside is extended and marginal momentum/participation is weakening.,10Y yield backdrop is restrictive for rate-sensitive risk.",accumulate,accumulate
2026-09-04,AMZN,short,stock,True,hold,hold,hold,hold,False,False,True,False,False,"confidence,risk",0,6,fixed_stock_short_v2_rebuild,"v2_location,relative_strength_is_lagging_its_relevant_benchmarks",hold,hold
2026-09-04,AMZN,mid,stock,True,accumulate,accumulate,accumulate,accumulate,False,False,False,False,False,"confidence,risk",1,5,retained_v1_plus_zero_profile_confidence_and_declared_source_validation,"OBV or price-volume behavior indicates distribution.,10Y yield backdrop is restrictive for rate-sensitive risk.",accumulate,accumulate
2026-09-04,AMZN,long,stock,True,hold,hold,hold,hold,False,False,False,False,False,"confidence,risk",10,12,retained_v1_plus_zero_profile_confidence_and_declared_source_validation,10Y yield backdrop is restrictive for rate-sensitive risk.,hold,hold
2026-09-04,BABA,short,stock,True,hold,hold,trim,trim,False,False,True,False,False,"confidence,risk",0,6,fixed_stock_short_v2_rebuild,"v2_weak_resistance,primary_moving_average_structure_remains_bearish,relative_strength_is_lagging_its_relevant_benchmarks",hold,trim
2026-09-04,BABA,mid,stock,True,hold,hold,hold,hold,False,False,False,False,False,"confidence,risk",1,5,retained_v1_plus_zero_profile_confidence_and_declared_source_validation,"Primary moving-average structure remains bearish.,Primary MACD structure still confirms downside momentum.,OBV or price-volume behavior indicates distribution.,Trend is weak, but price has not entered a reduce zone or confirmed a breakdown.,10Y yield backdrop is restrictive for rate-sensitive risk.",hold,hold
2026-09-04,BABA,long,stock,True,hold,hold,hold,hold,False,False,False,False,False,"confidence,risk",15,17,retained_v1_plus_zero_profile_confidence_and_declared_source_validation,"Relative Strength is lagging its relevant benchmarks.,Primary moving-average structure remains bearish.,OBV or price-volume behavior indicates distribution.,Trend is weak, but price has not entered a reduce zone or confirmed a breakdown.,10Y yield backdrop is restrictive for rate-sensitive risk.",hold,hold
2026-09-04,CRCL,short,stock,True,hold,hold,hold,hold,False,False,True,False,False,"confidence,risk",23,29,fixed_stock_short_v2_rebuild,v2_location,hold,hold
2026-09-04,CRCL,mid,stock,True,hold,hold,hold,hold,False,False,False,False,False,"confidence,risk",9,13,retained_v1_plus_zero_profile_confidence_and_declared_source_validation,10Y yield backdrop is restrictive for rate-sensitive risk.,hold,hold
2026-09-04,CRCL,long,stock,True,hold,hold,hold,hold,False,False,False,False,False,"confidence,risk",18,20,retained_v1_plus_zero_profile_confidence_and_declared_source_validation,"Relative Strength is lagging its relevant benchmarks.,10Y yield backdrop is restrictive for rate-sensitive risk.",hold,hold
2026-09-04,FFAI,short,stock,True,accumulate,accumulate,hold,hold,False,False,False,False,False,"confidence,risk",36,42,fixed_stock_short_v2_rebuild,"v2_entry_unconfirmed,primary_moving_average_structure_remains_bearish,relative_strength_is_lagging_its_relevant_benchmarks",accumulate,hold
2026-09-04,FFAI,mid,stock,True,hold,hold,hold,hold,False,False,False,False,False,"confidence,risk",18,22,retained_v1_plus_zero_profile_confidence_and_declared_source_validation,"Primary MACD structure still confirms downside momentum.,OBV or price-volume behavior indicates distribution.,Trend is weak, but price has not entered a reduce zone or confirmed a breakdown.,10Y yield backdrop is restrictive for rate-sensitive risk.",hold,hold
2026-09-04,FFAI,long,stock,True,hold,hold,hold,hold,False,False,False,False,False,"confidence,risk",88,90,retained_v1_plus_zero_profile_confidence_and_declared_source_validation,"Volatility or extension risk is elevated.,OBV or price-volume behavior indicates distribution.,Upside is extended and marginal momentum/participation is weakening.,10Y yield backdrop is restrictive for rate-sensitive risk.",hold,hold
2026-09-04,GEV,short,stock,True,hold,hold,trim,trim,False,False,True,False,False,"confidence,risk",7,13,fixed_stock_short_v2_rebuild,"v2_weak_resistance,primary_moving_average_structure_remains_bearish,relative_strength_is_lagging_its_relevant_benchmarks",hold,trim
2026-09-04,GEV,mid,stock,True,trim,trim,trim,trim,False,False,False,False,False,"confidence,risk",3,7,retained_v1_plus_zero_profile_confidence_and_declared_source_validation,"Primary moving-average structure remains bearish.,Primary MACD structure still confirms downside momentum.,Current price has reached the reduce zone; reduce exposure rather than add.,10Y yield backdrop is restrictive for rate-sensitive risk.",trim,trim
2026-09-04,GEV,long,stock,True,accumulate,accumulate,accumulate,accumulate,False,False,False,False,False,"confidence,risk",84,86,retained_v1_plus_zero_profile_confidence_and_declared_source_validation,"Volatility or extension risk is elevated.,OBV or price-volume behavior indicates distribution.,Primary MACD structure still confirms downside momentum.,Upside is extended and marginal momentum/participation is weakening.,10Y yield backdrop is restrictive for rate-sensitive risk.",accumulate,accumulate
2026-09-04,GOOGL,short,stock,True,hold,hold,hold,hold,False,False,True,False,False,"confidence,risk",0,6,fixed_stock_short_v2_rebuild,"v2_location,primary_moving_average_structure_remains_bearish",hold,hold
2026-09-04,GOOGL,mid,stock,True,hold,hold,hold,hold,False,False,False,False,False,"confidence,risk",0,4,retained_v1_plus_zero_profile_confidence_and_declared_source_validation,"Primary moving-average structure remains bearish.,OBV or price-volume behavior indicates distribution.,Primary MACD structure still confirms downside momentum.,Relative Strength is lagging its relevant benchmarks.,Price is extended into layered resistance rather than support.",hold,hold
2026-09-04,GOOGL,long,stock,True,accumulate,accumulate,accumulate,accumulate,False,False,False,False,False,"confidence,risk",11,13,retained_v1_plus_zero_profile_confidence_and_declared_source_validation,"OBV or price-volume behavior indicates distribution.,Primary MACD structure still confirms downside momentum.,10Y yield backdrop is restrictive for rate-sensitive risk.",accumulate,accumulate
2026-09-04,HIMS,short,stock,True,accumulate,accumulate,hold,hold,False,False,True,False,False,"confidence,risk",2,8,fixed_stock_short_v2_rebuild,"v2_entry_unconfirmed,primary_moving_average_structure_remains_bearish,relative_strength_is_lagging_its_relevant_benchmarks",accumulate,hold
2026-09-04,HIMS,mid,stock,True,hold,hold,hold,hold,False,False,False,False,False,"confidence,risk",6,10,retained_v1_plus_zero_profile_confidence_and_declared_source_validation,"Primary MACD structure still confirms downside momentum.,OBV or price-volume behavior indicates distribution.,Relative Strength is lagging its relevant benchmarks.,Trend is weak, but price has not entered a reduce zone or confirmed a breakdown.,10Y yield backdrop is restrictive for rate-sensitive risk.",hold,hold
2026-09-04,HIMS,long,stock,True,hold,hold,hold,hold,False,False,False,False,False,"confidence,risk",18,20,retained_v1_plus_zero_profile_confidence_and_declared_source_validation,"OBV or price-volume behavior indicates distribution.,Current price is in the neutral space between actionable price zones.,10Y yield backdrop is restrictive for rate-sensitive risk.",hold,hold
2026-09-04,META,short,stock,True,hold,hold,hold,hold,False,False,True,False,False,"confidence,risk",11,17,fixed_stock_short_v2_rebuild,v2_location,hold,hold
2026-09-04,META,mid,stock,True,hold,hold,hold,hold,False,False,False,False,False,"confidence,risk",21,25,retained_v1_plus_zero_profile_confidence_and_declared_source_validation,10Y yield backdrop is restrictive for rate-sensitive risk.,hold,hold
2026-09-04,META,long,stock,True,hold,hold,hold,hold,False,False,False,False,False,"confidence,risk",13,15,retained_v1_plus_zero_profile_confidence_and_declared_source_validation,"Relative Strength is lagging its relevant benchmarks.,Primary moving-average structure remains bearish.,Current price is in the neutral space between actionable price zones.,10Y yield backdrop is restrictive for rate-sensitive risk.",hold,hold
2026-09-04,MPT,short,stock,True,accumulate,accumulate,hold,hold,False,False,False,False,False,"confidence,risk",0,6,fixed_stock_short_v2_rebuild,"v2_location,primary_moving_average_structure_remains_bearish,relative_strength_is_lagging_its_relevant_benchmarks",accumulate,hold
2026-09-04,MPT,mid,stock,True,accumulate,accumulate,accumulate,accumulate,False,False,False,False,False,"confidence,risk",13,17,retained_v1_plus_zero_profile_confidence_and_declared_source_validation,"Primary moving-average structure remains bearish.,Relative Strength is lagging its relevant benchmarks.,OBV or price-volume behavior indicates distribution.,10Y yield backdrop is restrictive for rate-sensitive risk.",accumulate,accumulate
2026-09-04,MPT,long,stock,True,sell,sell,sell,sell,False,False,False,False,False,"confidence,risk",14,16,retained_v1_plus_zero_profile_confidence_and_declared_source_validation,"Relative Strength is lagging its relevant benchmarks.,Primary MACD structure still confirms downside momentum.,Primary moving-average structure remains bearish.,OBV or price-volume behavior indicates distribution.,A confirmed breakdown has invalidated the prior opportunity structure; exit is anchored near the current executable area.",sell,sell
2026-09-04,MSFT,short,stock,True,hold,hold,hold,hold,False,False,True,False,False,"confidence,risk",0,6,fixed_stock_short_v2_rebuild,v2_location,hold,hold
2026-09-04,MSFT,mid,stock,True,hold,hold,hold,hold,False,False,False,False,False,"confidence,risk",9,13,retained_v1_plus_zero_profile_confidence_and_declared_source_validation,"Primary MACD structure still confirms downside momentum.,10Y yield backdrop is restrictive for rate-sensitive risk.",hold,hold
2026-09-04,MSFT,long,stock,True,hold,hold,hold,hold,False,False,False,False,False,"confidence,risk",8,10,retained_v1_plus_zero_profile_confidence_and_declared_source_validation,"OBV or price-volume behavior indicates distribution.,10Y yield backdrop is restrictive for rate-sensitive risk.",hold,hold
2026-09-04,MU,short,stock,True,hold,hold,hold,hold,False,False,True,False,False,"confidence,risk",22,28,fixed_stock_short_v2_rebuild,v2_trend_resistance,hold,hold
2026-09-04,MU,mid,stock,True,hold,hold,hold,hold,False,False,False,False,False,"confidence,risk",24,28,retained_v1_plus_zero_profile_confidence_and_declared_source_validation,10Y yield backdrop is restrictive for rate-sensitive risk.,hold,hold
2026-09-04,MU,long,stock,True,hold,hold,hold,hold,False,False,False,False,False,"confidence,risk",25,27,retained_v1_plus_zero_profile_confidence_and_declared_source_validation,"OBV or price-volume behavior indicates distribution.,10Y yield backdrop is restrictive for rate-sensitive risk.",hold,hold
2026-09-04,NFLX,short,stock,True,hold,hold,hold,hold,False,False,True,False,False,"confidence,risk",8,14,fixed_stock_short_v2_rebuild,v2_location,hold,hold
2026-09-04,NFLX,mid,stock,True,hold,hold,hold,hold,False,False,False,False,False,"confidence,risk",1,5,retained_v1_plus_zero_profile_confidence_and_declared_source_validation,"OBV or price-volume behavior indicates distribution.,Relative Strength is lagging its relevant benchmarks.,Upside is extended and marginal momentum/participation is weakening.,Current price is in the neutral space between actionable price zones.,10Y yield backdrop is restrictive for rate-sensitive risk.",hold,hold
2026-09-04,NFLX,long,stock,True,hold,hold,hold,hold,False,False,False,False,False,"confidence,risk",6,8,retained_v1_plus_zero_profile_confidence_and_declared_source_validation,"Relative Strength is lagging its relevant benchmarks.,Primary moving-average structure remains bearish.,Current price is in the neutral space between actionable price zones.,10Y yield backdrop is restrictive for rate-sensitive risk.",hold,hold
2026-09-04,NOK,short,stock,True,trim,trim,hold,hold,False,False,False,False,False,"confidence,risk",0,6,fixed_stock_short_v2_rebuild,"v2_location,primary_moving_average_structure_remains_bearish",trim,hold
2026-09-04,NOK,mid,stock,True,hold,hold,hold,hold,False,False,False,False,False,"confidence,risk",3,7,retained_v1_plus_zero_profile_confidence_and_declared_source_validation,"Relative Strength is lagging its relevant benchmarks.,Primary moving-average structure remains bearish.,Price is extended into layered resistance rather than support.,Trend is weak, but price has not entered a reduce zone or confirmed a breakdown.,10Y yield backdrop is restrictive for rate-sensitive risk.",hold,hold
2026-09-04,NOK,long,stock,True,hold,hold,hold,hold,False,False,False,False,False,"confidence,risk",27,29,retained_v1_plus_zero_profile_confidence_and_declared_source_validation,"OBV or price-volume behavior indicates distribution.,Current price is in the neutral space between actionable price zones.,10Y yield backdrop is restrictive for rate-sensitive risk.",hold,hold
2026-09-04,NOW,short,stock,True,hold,hold,accumulate,accumulate,False,False,True,False,False,"confidence,risk",1,7,fixed_stock_short_v2_rebuild,,hold,accumulate
2026-09-04,NOW,mid,stock,True,hold,hold,hold,hold,False,False,False,False,False,"confidence,risk",9,13,retained_v1_plus_zero_profile_confidence_and_declared_source_validation,10Y yield backdrop is restrictive for rate-sensitive risk.,hold,hold
2026-09-04,NOW,long,stock,True,hold,hold,hold,hold,False,False,False,False,False,"confidence,risk",10,12,retained_v1_plus_zero_profile_confidence_and_declared_source_validation,10Y yield backdrop is restrictive for rate-sensitive risk.,hold,hold
2026-09-04,NVDA,short,stock,True,hold,hold,hold,hold,False,False,True,False,False,"confidence,risk",0,6,fixed_stock_short_v2_rebuild,v2_trend_resistance,hold,hold
2026-09-04,NVDA,mid,stock,True,hold,hold,hold,hold,False,False,False,False,False,"confidence,risk",7,11,retained_v1_plus_zero_profile_confidence_and_declared_source_validation,"OBV or price-volume behavior indicates distribution.,10Y yield backdrop is restrictive for rate-sensitive risk.",hold,hold
2026-09-04,NVDA,long,stock,True,trim,trim,trim,trim,False,False,False,False,False,"confidence,risk",6,8,retained_v1_plus_zero_profile_confidence_and_declared_source_validation,"Current price has reached the reduce zone; reduce exposure rather than add.,10Y yield backdrop is restrictive for rate-sensitive risk.",trim,trim
2026-09-04,ORCL,short,stock,True,buy,buy,hold,hold,False,False,True,False,False,"confidence,risk",33,39,fixed_stock_short_v2_rebuild,v2_event,buy,hold
2026-09-04,ORCL,mid,stock,True,hold,hold,hold,hold,False,False,False,False,False,"confidence,risk",19,23,retained_v1_plus_zero_profile_confidence_and_declared_source_validation,"Relative Strength is lagging its relevant benchmarks.,Price is approaching the reduce range but has not entered the recommended reduce/exit zone.,10Y yield backdrop is restrictive for rate-sensitive risk.,Earnings proximity raises event uncertainty.",hold,hold
2026-09-04,ORCL,long,stock,True,trim,trim,trim,trim,False,False,False,False,False,"confidence,risk",31,33,retained_v1_plus_zero_profile_confidence_and_declared_source_validation,"Primary moving-average structure remains bearish.,Relative Strength is lagging its relevant benchmarks.,Current price has reached the reduce zone; reduce exposure rather than add.,10Y yield backdrop is restrictive for rate-sensitive risk.,Earnings proximity raises event uncertainty.",trim,trim
2026-09-04,PLTR,short,stock,True,hold,hold,hold,hold,False,False,True,False,False,"confidence,risk",1,7,fixed_stock_short_v2_rebuild,v2_entry_unconfirmed,hold,hold
2026-09-04,PLTR,mid,stock,True,accumulate,accumulate,accumulate,accumulate,False,False,False,False,False,"confidence,risk",3,7,retained_v1_plus_zero_profile_confidence_and_declared_source_validation,"OBV or price-volume behavior indicates distribution.,Primary MACD structure still confirms downside momentum.,Upside is extended and marginal momentum/participation is weakening.,10Y yield backdrop is restrictive for rate-sensitive risk.",accumulate,accumulate
2026-09-04,PLTR,long,stock,True,hold,hold,hold,hold,False,False,False,False,False,"confidence,risk",12,14,retained_v1_plus_zero_profile_confidence_and_declared_source_validation,10Y yield backdrop is restrictive for rate-sensitive risk.,hold,hold
2026-09-04,QQQ,short,ETF,True,hold,hold,hold,hold,False,False,True,False,False,"confidence,risk",4,10,retained_v1_plus_zero_profile_confidence_and_declared_source_validation,"OBV or price-volume behavior indicates distribution.,Price is near the opportunity range but has not entered the recommended buy/add zone.,10Y yield backdrop is restrictive for rate-sensitive risk.",hold,hold
2026-09-04,QQQ,mid,ETF,True,hold,hold,hold,hold,False,False,False,False,False,"confidence,risk",0,4,retained_v1_plus_zero_profile_confidence_and_declared_source_validation,"OBV or price-volume behavior indicates distribution.,10Y yield backdrop is restrictive for rate-sensitive risk.",hold,hold
2026-09-04,QQQ,long,ETF,True,hold,hold,hold,hold,False,False,False,False,False,"confidence,risk",7,9,retained_v1_plus_zero_profile_confidence_and_declared_source_validation,"Price is approaching the reduce range but has not entered the recommended reduce/exit zone.,10Y yield backdrop is restrictive for rate-sensitive risk.",hold,hold
2026-09-04,SOFI,short,stock,True,hold,hold,trim,trim,False,False,False,False,False,"confidence,risk",1,7,fixed_stock_short_v2_rebuild,v2_weak_resistance,hold,trim
2026-09-04,SOFI,mid,stock,True,hold,hold,hold,hold,False,False,False,False,False,"confidence,risk",3,7,retained_v1_plus_zero_profile_confidence_and_declared_source_validation,"OBV or price-volume behavior indicates distribution.,Current price is in the neutral space between actionable price zones.,10Y yield backdrop is restrictive for rate-sensitive risk.",hold,hold
2026-09-04,SOFI,long,stock,True,hold,hold,hold,hold,False,False,False,False,False,"confidence,risk",18,21,retained_v1_plus_zero_profile_confidence_and_declared_source_validation,"OBV or price-volume behavior indicates distribution.,Relative Strength is lagging its relevant benchmarks.,Current price is in the neutral space between actionable price zones.,10Y yield backdrop is restrictive for rate-sensitive risk.",hold,hold
2026-09-04,SOXL,short,ETF,True,hold,hold,hold,hold,False,False,True,False,False,"confidence,risk",25,31,retained_v1_plus_zero_profile_confidence_and_declared_source_validation,"Relative Strength is lagging its relevant benchmarks.,OBV or price-volume behavior indicates distribution.,Primary moving-average structure remains bearish.,Current price is in the neutral space between actionable price zones.,10Y yield backdrop is restrictive for rate-sensitive risk.",hold,hold
2026-09-04,SOXL,mid,ETF,True,hold,hold,hold,hold,False,False,False,False,False,"confidence,risk",18,22,retained_v1_plus_zero_profile_confidence_and_declared_source_validation,"Relative Strength is lagging its relevant benchmarks.,Primary moving-average structure remains bearish.,Trend is weak, but price has not entered a reduce zone or confirmed a breakdown.,10Y yield backdrop is restrictive for rate-sensitive risk.",hold,hold
2026-09-04,SOXL,long,ETF,True,hold,hold,hold,hold,False,False,False,False,False,"confidence,risk",89,91,retained_v1_plus_zero_profile_confidence_and_declared_source_validation,"Volatility or extension risk is elevated.,OBV or price-volume behavior indicates distribution.,Primary MACD structure still confirms downside momentum.,Upside is extended and marginal momentum/participation is weakening.,Current price is in the neutral space between actionable price zones.",hold,hold
2026-09-04,SOXS,short,ETF,True,hold,hold,hold,hold,False,False,True,False,False,"confidence,risk",5,11,retained_v1_plus_zero_profile_confidence_and_declared_source_validation,"OBV or price-volume behavior indicates distribution.,Primary MACD structure still confirms downside momentum.,Current price is in the neutral space between actionable price zones.,10Y yield backdrop is restrictive for rate-sensitive risk.",hold,hold
2026-09-04,SOXS,mid,ETF,True,hold,hold,hold,hold,False,False,False,False,False,"confidence,risk",36,40,retained_v1_plus_zero_profile_confidence_and_declared_source_validation,"Relative Strength is lagging its relevant benchmarks.,Primary moving-average structure remains bearish.,OBV or price-volume behavior indicates distribution.,Trend is weak, but price has not entered a reduce zone or confirmed a breakdown.,10Y yield backdrop is restrictive for rate-sensitive risk.",hold,hold
2026-09-04,SOXS,long,ETF,True,hold,hold,hold,hold,False,False,False,False,False,"confidence,risk",27,29,retained_v1_plus_zero_profile_confidence_and_declared_source_validation,"Relative Strength is lagging its relevant benchmarks.,Primary moving-average structure remains bearish.,Price is near the opportunity range but has not entered the recommended buy/add zone.,10Y yield backdrop is restrictive for rate-sensitive risk.",hold,hold
2026-09-04,SPCX,short,stock,True,trim,trim,hold,hold,False,False,True,False,False,"confidence,risk",1,7,fixed_stock_short_v2_rebuild,v2_trend_resistance,trim,hold
2026-09-04,SPCX,mid,stock,True,hold,hold,hold,hold,False,False,False,False,False,"confidence,risk",4,8,retained_v1_plus_zero_profile_confidence_and_declared_source_validation,"Price is near the opportunity range but has not entered the recommended buy/add zone.,10Y yield backdrop is restrictive for rate-sensitive risk.",hold,hold
2026-09-04,SPCX,long,stock,True,avoid,avoid,avoid,avoid,False,False,False,False,False,"confidence,risk",0,2,retained_v1_plus_zero_profile_confidence_and_declared_source_validation,"Price landscape quality is insufficient for an actionable recommendation.,10Y yield backdrop is restrictive for rate-sensitive risk.",avoid,avoid
2026-09-04,SPMO,short,ETF,True,hold,hold,hold,hold,False,False,False,False,False,"confidence,risk",23,29,retained_v1_plus_zero_profile_confidence_and_declared_source_validation,10Y yield backdrop is restrictive for rate-sensitive risk.,hold,hold
2026-09-04,SPMO,mid,ETF,True,hold,hold,hold,hold,False,False,False,False,False,"confidence,risk",3,7,retained_v1_plus_zero_profile_confidence_and_declared_source_validation,"Primary MACD structure still confirms downside momentum.,Current price is in the neutral space between actionable price zones.,10Y yield backdrop is restrictive for rate-sensitive risk.",hold,hold
2026-09-04,SPMO,long,ETF,True,hold,hold,hold,hold,False,False,False,False,False,"confidence,risk",12,14,retained_v1_plus_zero_profile_confidence_and_declared_source_validation,"OBV or price-volume behavior indicates distribution.,Primary MACD structure still confirms downside momentum.,Upside is extended and marginal momentum/participation is weakening.,Current price is in the neutral space between actionable price zones.,10Y yield backdrop is restrictive for rate-sensitive risk.",hold,hold
2026-09-04,SQQQ,short,ETF,True,hold,hold,hold,hold,False,False,False,False,False,"confidence,risk",0,6,retained_v1_plus_zero_profile_confidence_and_declared_source_validation,"Primary MACD structure still confirms downside momentum.,Primary moving-average structure remains bearish.,Trend is weak, but price has not entered a reduce zone or confirmed a breakdown.,10Y yield backdrop is restrictive for rate-sensitive risk.",hold,hold
2026-09-04,SQQQ,mid,ETF,True,hold,hold,hold,hold,False,False,False,False,False,"confidence,risk",2,6,retained_v1_plus_zero_profile_confidence_and_declared_source_validation,"Primary moving-average structure remains bearish.,Relative Strength is lagging its relevant benchmarks.,Trend is weak, but price has not entered a reduce zone or confirmed a breakdown.,10Y yield backdrop is restrictive for rate-sensitive risk.",hold,hold
2026-09-04,SQQQ,long,ETF,True,hold,hold,hold,hold,False,False,False,False,False,"confidence,risk",18,20,retained_v1_plus_zero_profile_confidence_and_declared_source_validation,"Relative Strength is lagging its relevant benchmarks.,Primary moving-average structure remains bearish.,OBV or price-volume behavior indicates distribution.,Price is near the opportunity range but has not entered the recommended buy/add zone.,10Y yield backdrop is restrictive for rate-sensitive risk.",hold,hold
2026-09-04,TEM,short,stock,True,hold,hold,hold,hold,False,False,True,False,False,"confidence,risk",3,9,fixed_stock_short_v2_rebuild,v2_trend_resistance,hold,hold
2026-09-04,TEM,mid,stock,True,hold,hold,hold,hold,False,False,False,False,False,"confidence,risk",6,10,retained_v1_plus_zero_profile_confidence_and_declared_source_validation,"Primary MACD structure still confirms downside momentum.,10Y yield backdrop is restrictive for rate-sensitive risk.",hold,hold
2026-09-04,TEM,long,stock,True,hold,hold,hold,hold,False,False,False,False,False,"confidence,risk",18,20,retained_v1_plus_zero_profile_confidence_and_declared_source_validation,10Y yield backdrop is restrictive for rate-sensitive risk.,hold,hold
2026-09-04,TQQQ,short,ETF,True,accumulate,accumulate,accumulate,accumulate,False,False,False,False,False,"confidence,risk",4,10,retained_v1_plus_zero_profile_confidence_and_declared_source_validation,"OBV or price-volume behavior indicates distribution.,Relative Strength is lagging its relevant benchmarks.,10Y yield backdrop is restrictive for rate-sensitive risk.",accumulate,accumulate
2026-09-04,TQQQ,mid,ETF,True,accumulate,accumulate,accumulate,accumulate,False,False,False,False,False,"confidence,risk",2,6,retained_v1_plus_zero_profile_confidence_and_declared_source_validation,"OBV or price-volume behavior indicates distribution.,Primary MACD structure still confirms downside momentum.,10Y yield backdrop is restrictive for rate-sensitive risk.",accumulate,accumulate
2026-09-04,TQQQ,long,ETF,True,hold,hold,hold,hold,False,False,False,False,False,"confidence,risk",22,24,retained_v1_plus_zero_profile_confidence_and_declared_source_validation,"Current price is in the neutral space between actionable price zones.,10Y yield backdrop is restrictive for rate-sensitive risk.",hold,hold
2026-09-04,TSLA,short,stock,True,hold,hold,hold,hold,False,False,True,False,False,"confidence,risk",6,12,fixed_stock_short_v2_rebuild,v2_location,hold,hold
2026-09-04,TSLA,mid,stock,True,hold,hold,hold,hold,False,False,False,False,False,"confidence,risk",3,7,retained_v1_plus_zero_profile_confidence_and_declared_source_validation,"Primary moving-average structure remains bearish.,Relative Strength is lagging its relevant benchmarks.,Current price is in the neutral space between actionable price zones.,10Y yield backdrop is restrictive for rate-sensitive risk.",hold,hold
2026-09-04,TSLA,long,stock,True,hold,hold,hold,hold,False,False,False,False,False,"confidence,risk",13,15,retained_v1_plus_zero_profile_confidence_and_declared_source_validation,"Relative Strength is lagging its relevant benchmarks.,OBV or price-volume behavior indicates distribution.,Primary moving-average structure remains bearish.,Primary MACD structure still confirms downside momentum.,Trend is weak, but price has not entered a reduce zone or confirmed a breakdown.",hold,hold
2026-09-04,TSM,short,stock,True,hold,hold,hold,hold,False,False,True,False,False,"confidence,risk",20,26,fixed_stock_short_v2_rebuild,v2_trend_resistance,hold,hold
2026-09-04,TSM,mid,stock,True,hold,hold,hold,hold,False,False,False,False,False,"confidence,risk",1,5,retained_v1_plus_zero_profile_confidence_and_declared_source_validation,"Price is near the opportunity range but has not entered the recommended buy/add zone.,10Y yield backdrop is restrictive for rate-sensitive risk.",hold,hold
2026-09-04,TSM,long,stock,True,hold,hold,hold,hold,False,False,False,False,False,"confidence,risk",10,12,retained_v1_plus_zero_profile_confidence_and_declared_source_validation,"Current price is in the neutral space between actionable price zones.,10Y yield backdrop is restrictive for rate-sensitive risk.",hold,hold
2026-09-04,UNH,short,stock,True,hold,hold,trim,trim,False,False,True,False,False,"confidence,risk",0,6,fixed_stock_short_v2_rebuild,v2_weak_resistance,hold,trim
2026-09-04,UNH,mid,stock,True,hold,hold,hold,hold,False,False,False,False,False,"confidence,risk",0,4,retained_v1_plus_zero_profile_confidence_and_declared_source_validation,"OBV or price-volume behavior indicates distribution.,Relative Strength is lagging its relevant benchmarks.,Current price is in the neutral space between actionable price zones.,10Y yield backdrop is restrictive for rate-sensitive risk.",hold,hold
2026-09-04,UNH,long,stock,True,accumulate,accumulate,accumulate,accumulate,False,False,False,False,False,"confidence,risk",4,6,retained_v1_plus_zero_profile_confidence_and_declared_source_validation,"OBV or price-volume behavior indicates distribution.,Primary MACD structure still confirms downside momentum.,Upside is extended and marginal momentum/participation is weakening.,10Y yield backdrop is restrictive for rate-sensitive risk.",accumulate,accumulate
2026-09-04,XE,short,stock,True,hold,hold,trim,trim,False,False,True,False,False,"confidence,risk",4,10,fixed_stock_short_v2_rebuild,"v2_weak_resistance,primary_moving_average_structure_remains_bearish,relative_strength_is_lagging_its_relevant_benchmarks",hold,trim
2026-09-04,XE,mid,stock,True,accumulate,accumulate,accumulate,accumulate,False,False,False,False,False,"confidence,risk",8,12,retained_v1_plus_zero_profile_confidence_and_declared_source_validation,"Primary MACD structure still confirms downside momentum.,Primary moving-average structure remains bearish.,OBV or price-volume behavior indicates distribution.,Relative Strength is lagging its relevant benchmarks.,10Y yield backdrop is restrictive for rate-sensitive risk.",accumulate,accumulate
2026-09-04,XE,long,stock,True,hold,hold,hold,hold,False,False,False,False,False,"confidence,risk",18,20,retained_v1_plus_zero_profile_confidence_and_declared_source_validation,"OBV or price-volume behavior indicates distribution.,Current price is in the neutral space between actionable price zones.,10Y yield backdrop is restrictive for rate-sensitive risk.",hold,hold
2026-09-04,ZETA,short,stock,True,hold,hold,hold,hold,False,False,False,False,False,"confidence,risk",1,7,fixed_stock_short_v2_rebuild,v2_location,hold,accumulate
2026-09-04,ZETA,mid,stock,True,hold,hold,hold,hold,False,False,False,False,False,"confidence,risk",13,17,retained_v1_plus_zero_profile_confidence_and_declared_source_validation,10Y yield backdrop is restrictive for rate-sensitive risk.,hold,hold
2026-09-04,ZETA,long,stock,True,hold,hold,hold,hold,False,False,False,False,False,"confidence,risk",21,23,retained_v1_plus_zero_profile_confidence_and_declared_source_validation,10Y yield backdrop is restrictive for rate-sensitive risk.,hold,hold
2026-09-08,AAPL,short,stock,True,accumulate,accumulate,accumulate,accumulate,False,False,True,False,False,"confidence,risk",0,6,fixed_stock_short_v2_rebuild,,accumulate,accumulate
2026-09-08,AAPL,mid,stock,True,trim,trim,trim,trim,False,False,False,False,False,"confidence,risk",0,4,retained_v1_plus_zero_profile_confidence_and_declared_source_validation,"Current price has reached the reduce zone; reduce exposure rather than add.,10Y yield backdrop is restrictive for rate-sensitive risk.",trim,trim
2026-09-08,AAPL,long,stock,True,hold,hold,hold,hold,False,False,False,False,False,"confidence,risk",9,11,retained_v1_plus_zero_profile_confidence_and_declared_source_validation,"Price is near the opportunity range but has not entered the recommended buy/add zone.,10Y yield backdrop is restrictive for rate-sensitive risk.",hold,hold
2026-09-08,AMD,short,stock,True,hold,hold,hold,hold,False,False,True,False,False,"confidence,risk",23,29,fixed_stock_short_v2_rebuild,v2_location,hold,hold
2026-09-08,AMD,mid,stock,True,hold,hold,hold,hold,False,False,False,False,False,"confidence,risk",4,8,retained_v1_plus_zero_profile_confidence_and_declared_source_validation,"Price is near the opportunity range but has not entered the recommended buy/add zone.,10Y yield backdrop is restrictive for rate-sensitive risk.",hold,hold
2026-09-08,AMD,long,stock,True,hold,hold,hold,hold,False,False,False,False,False,"confidence,risk",25,27,retained_v1_plus_zero_profile_confidence_and_declared_source_validation,"Primary MACD structure still confirms downside momentum.,Upside is extended and marginal momentum/participation is weakening.,Current price is in the neutral space between actionable price zones.,10Y yield backdrop is restrictive for rate-sensitive risk.",hold,hold
2026-09-08,AMZN,short,stock,True,hold,hold,trim,trim,False,False,True,False,False,"confidence,risk",0,6,fixed_stock_short_v2_rebuild,"v2_weak_resistance,primary_moving_average_structure_remains_bearish,relative_strength_is_lagging_its_relevant_benchmarks",hold,trim
2026-09-08,AMZN,mid,stock,True,accumulate,accumulate,accumulate,accumulate,False,False,False,False,False,"confidence,risk",1,5,retained_v1_plus_zero_profile_confidence_and_declared_source_validation,"OBV or price-volume behavior indicates distribution.,10Y yield backdrop is restrictive for rate-sensitive risk.",accumulate,accumulate
2026-09-08,AMZN,long,stock,True,hold,hold,hold,hold,False,False,False,False,False,"confidence,risk",10,12,retained_v1_plus_zero_profile_confidence_and_declared_source_validation,10Y yield backdrop is restrictive for rate-sensitive risk.,hold,hold
2026-09-08,BABA,short,stock,True,hold,hold,trim,trim,False,False,True,False,False,"confidence,risk",3,9,fixed_stock_short_v2_rebuild,"v2_weak_resistance,primary_moving_average_structure_remains_bearish,relative_strength_is_lagging_its_relevant_benchmarks",hold,trim
2026-09-08,BABA,mid,stock,True,hold,hold,hold,hold,False,False,False,False,False,"confidence,risk",1,5,retained_v1_plus_zero_profile_confidence_and_declared_source_validation,"Primary moving-average structure remains bearish.,Primary MACD structure still confirms downside momentum.,OBV or price-volume behavior indicates distribution.,Trend is weak, but price has not entered a reduce zone or confirmed a breakdown.,10Y yield backdrop is restrictive for rate-sensitive risk.",hold,hold
2026-09-08,BABA,long,stock,True,hold,hold,hold,hold,False,False,False,False,False,"confidence,risk",15,17,retained_v1_plus_zero_profile_confidence_and_declared_source_validation,"Relative Strength is lagging its relevant benchmarks.,Primary moving-average structure remains bearish.,OBV or price-volume behavior indicates distribution.,Trend is weak, but price has not entered a reduce zone or confirmed a breakdown.,10Y yield backdrop is restrictive for rate-sensitive risk.",hold,hold
2026-09-08,CRCL,short,stock,True,hold,hold,hold,hold,False,False,True,False,False,"confidence,risk",3,9,fixed_stock_short_v2_rebuild,v2_location,hold,accumulate
2026-09-08,CRCL,mid,stock,True,hold,hold,hold,hold,False,False,False,False,False,"confidence,risk",6,10,retained_v1_plus_zero_profile_confidence_and_declared_source_validation,10Y yield backdrop is restrictive for rate-sensitive risk.,hold,hold
2026-09-08,CRCL,long,stock,True,hold,hold,hold,hold,False,False,False,False,False,"confidence,risk",18,20,retained_v1_plus_zero_profile_confidence_and_declared_source_validation,"Relative Strength is lagging its relevant benchmarks.,Current price is in the neutral space between actionable price zones.,10Y yield backdrop is restrictive for rate-sensitive risk.",hold,hold
2026-09-08,FFAI,short,stock,True,hold,hold,hold,hold,False,False,False,False,False,"confidence,risk",36,42,fixed_stock_short_v2_rebuild,"v2_entry_unconfirmed,primary_moving_average_structure_remains_bearish,relative_strength_is_lagging_its_relevant_benchmarks",hold,hold
2026-09-08,FFAI,mid,stock,True,hold,hold,hold,hold,False,False,False,False,False,"confidence,risk",38,42,retained_v1_plus_zero_profile_confidence_and_declared_source_validation,"Relative Strength is lagging its relevant benchmarks.,Primary moving-average structure remains bearish.,OBV or price-volume behavior indicates distribution.,Price is extended into layered resistance rather than support.,Trend is weak, but price has not entered a reduce zone or confirmed a breakdown.",hold,hold
2026-09-08,FFAI,long,stock,True,hold,hold,hold,hold,False,False,False,False,False,"confidence,risk",88,90,retained_v1_plus_zero_profile_confidence_and_declared_source_validation,"Relative Strength is lagging its relevant benchmarks.,Primary moving-average structure remains bearish.,Volatility or extension risk is elevated.,OBV or price-volume behavior indicates distribution.,Price is near the opportunity range but has not entered the recommended buy/add zone.",hold,hold
2026-09-08,GEV,short,stock,True,hold,hold,hold,hold,False,False,True,False,False,"confidence,risk",20,26,fixed_stock_short_v2_rebuild,v2_location,hold,hold
2026-09-08,GEV,mid,stock,True,hold,hold,hold,hold,False,False,False,False,False,"confidence,risk",11,15,retained_v1_plus_zero_profile_confidence_and_declared_source_validation,"Primary moving-average structure remains bearish.,Current price is in the neutral space between actionable price zones.,10Y yield backdrop is restrictive for rate-sensitive risk.",hold,hold
2026-09-08,GEV,long,stock,True,hold,hold,hold,hold,False,False,False,False,False,"confidence,risk",84,86,retained_v1_plus_zero_profile_confidence_and_declared_source_validation,"Volatility or extension risk is elevated.,OBV or price-volume behavior indicates distribution.,Primary MACD structure still confirms downside momentum.,Upside is extended and marginal momentum/participation is weakening.,Price is near the opportunity range but has not entered the recommended buy/add zone.",hold,hold
2026-09-08,GOOGL,short,stock,True,accumulate,accumulate,hold,hold,False,False,True,False,False,"confidence,risk",0,6,fixed_stock_short_v2_rebuild,"v2_entry_unconfirmed,primary_moving_average_structure_remains_bearish,relative_strength_is_lagging_its_relevant_benchmarks",accumulate,hold
2026-09-08,GOOGL,mid,stock,True,hold,hold,hold,hold,False,False,False,False,False,"confidence,risk",0,4,retained_v1_plus_zero_profile_confidence_and_declared_source_validation,"Primary moving-average structure remains bearish.,OBV or price-volume behavior indicates distribution.,Primary MACD structure still confirms downside momentum.,Relative Strength is lagging its relevant benchmarks.,Price is extended into layered resistance rather than support.",hold,hold
2026-09-08,GOOGL,long,stock,True,accumulate,accumulate,accumulate,accumulate,False,False,False,False,False,"confidence,risk",11,13,retained_v1_plus_zero_profile_confidence_and_declared_source_validation,"OBV or price-volume behavior indicates distribution.,Primary MACD structure still confirms downside momentum.,10Y yield backdrop is restrictive for rate-sensitive risk.",accumulate,accumulate
2026-09-08,HIMS,short,stock,True,accumulate,accumulate,hold,hold,False,False,False,False,False,"confidence,risk",2,8,fixed_stock_short_v2_rebuild,"v2_entry_unconfirmed,primary_moving_average_structure_remains_bearish,relative_strength_is_lagging_its_relevant_benchmarks",accumulate,hold
2026-09-08,HIMS,mid,stock,True,hold,hold,hold,hold,False,False,False,False,False,"confidence,risk",6,10,retained_v1_plus_zero_profile_confidence_and_declared_source_validation,"Primary MACD structure still confirms downside momentum.,OBV or price-volume behavior indicates distribution.,Relative Strength is lagging its relevant benchmarks.,Trend is weak, but price has not entered a reduce zone or confirmed a breakdown.,10Y yield backdrop is restrictive for rate-sensitive risk.",hold,hold
2026-09-08,HIMS,long,stock,True,hold,hold,hold,hold,False,False,False,False,False,"confidence,risk",18,20,retained_v1_plus_zero_profile_confidence_and_declared_source_validation,"OBV or price-volume behavior indicates distribution.,Current price is in the neutral space between actionable price zones.,10Y yield backdrop is restrictive for rate-sensitive risk.",hold,hold
2026-09-08,META,short,stock,True,trim,trim,hold,hold,False,False,True,False,False,"confidence,risk",0,6,fixed_stock_short_v2_rebuild,v2_trend_resistance,trim,hold
2026-09-08,META,mid,stock,True,hold,hold,hold,hold,False,False,False,False,False,"confidence,risk",8,12,retained_v1_plus_zero_profile_confidence_and_declared_source_validation,10Y yield backdrop is restrictive for rate-sensitive risk.,hold,hold
2026-09-08,META,long,stock,True,hold,hold,hold,hold,False,False,False,False,False,"confidence,risk",13,15,retained_v1_plus_zero_profile_confidence_and_declared_source_validation,"Relative Strength is lagging its relevant benchmarks.,Primary moving-average structure remains bearish.,Current price is in the neutral space between actionable price zones.,10Y yield backdrop is restrictive for rate-sensitive risk.",hold,hold
2026-09-08,MPT,short,stock,False,accumulate,accumulate,hold,hold,False,False,False,False,False,"confidence,risk",0,6,fixed_stock_short_v2_rebuild,"v2_entry_unconfirmed,primary_moving_average_structure_remains_bearish",hold,hold
2026-09-08,MPT,mid,stock,False,accumulate,accumulate,accumulate,accumulate,False,False,False,False,False,"confidence,risk",8,12,retained_v1_plus_zero_profile_confidence_and_declared_source_validation,"Primary moving-average structure remains bearish.,Relative Strength is lagging its relevant benchmarks.,OBV or price-volume behavior indicates distribution.,10Y yield backdrop is restrictive for rate-sensitive risk.",accumulate,accumulate
2026-09-08,MPT,long,stock,False,sell,sell,sell,sell,False,False,False,False,False,"confidence,risk",8,10,retained_v1_plus_zero_profile_confidence_and_declared_source_validation,"Relative Strength is lagging its relevant benchmarks.,Primary MACD structure still confirms downside momentum.,Primary moving-average structure remains bearish.,OBV or price-volume behavior indicates distribution.,A confirmed breakdown has invalidated the prior opportunity structure; exit is anchored near the current executable area.",sell,sell
2026-09-08,MSFT,short,stock,True,hold,hold,hold,hold,False,False,True,False,False,"confidence,risk",0,6,fixed_stock_short_v2_rebuild,v2_entry_unconfirmed,hold,hold
2026-09-08,MSFT,mid,stock,True,hold,hold,hold,hold,False,False,False,False,False,"confidence,risk",6,10,retained_v1_plus_zero_profile_confidence_and_declared_source_validation,"Primary MACD structure still confirms downside momentum.,10Y yield backdrop is restrictive for rate-sensitive risk.",hold,hold
2026-09-08,MSFT,long,stock,True,hold,hold,hold,hold,False,False,False,False,False,"confidence,risk",8,10,retained_v1_plus_zero_profile_confidence_and_declared_source_validation,"OBV or price-volume behavior indicates distribution.,10Y yield backdrop is restrictive for rate-sensitive risk.",hold,hold
2026-09-08,MU,short,stock,True,hold,hold,hold,hold,False,False,True,False,False,"confidence,risk",1,7,fixed_stock_short_v2_rebuild,v2_trend_resistance,hold,hold
2026-09-08,MU,mid,stock,True,hold,hold,hold,hold,False,False,False,False,False,"confidence,risk",4,8,retained_v1_plus_zero_profile_confidence_and_declared_source_validation,10Y yield backdrop is restrictive for rate-sensitive risk.,hold,hold
2026-09-08,MU,long,stock,True,hold,hold,hold,hold,False,False,False,False,False,"confidence,risk",25,27,retained_v1_plus_zero_profile_confidence_and_declared_source_validation,"OBV or price-volume behavior indicates distribution.,10Y yield backdrop is restrictive for rate-sensitive risk.",hold,hold
2026-09-08,NFLX,short,stock,True,hold,hold,hold,hold,False,False,True,False,False,"confidence,risk",10,16,fixed_stock_short_v2_rebuild,"v2_location,primary_moving_average_structure_remains_bearish",hold,hold
2026-09-08,NFLX,mid,stock,True,hold,hold,hold,hold,False,False,False,False,False,"confidence,risk",1,5,retained_v1_plus_zero_profile_confidence_and_declared_source_validation,"OBV or price-volume behavior indicates distribution.,Primary MACD structure still confirms downside momentum.,Primary moving-average structure remains bearish.,Upside is extended and marginal momentum/participation is weakening.,Trend is weak, but price has not entered a reduce zone or confirmed a breakdown.",hold,hold
2026-09-08,NFLX,long,stock,True,hold,hold,hold,hold,False,False,False,False,False,"confidence,risk",6,8,retained_v1_plus_zero_profile_confidence_and_declared_source_validation,"Relative Strength is lagging its relevant benchmarks.,Primary moving-average structure remains bearish.,Current price is in the neutral space between actionable price zones.,10Y yield backdrop is restrictive for rate-sensitive risk.",hold,hold
2026-09-08,NOK,short,stock,True,hold,hold,hold,hold,False,False,False,False,False,"confidence,risk",20,26,fixed_stock_short_v2_rebuild,v2_location,hold,hold
2026-09-08,NOK,mid,stock,True,hold,hold,hold,hold,False,False,False,False,False,"confidence,risk",3,7,retained_v1_plus_zero_profile_confidence_and_declared_source_validation,"Relative Strength is lagging its relevant benchmarks.,Primary moving-average structure remains bearish.,Price is near the opportunity range but has not entered the recommended buy/add zone.,10Y yield backdrop is restrictive for rate-sensitive risk.",hold,hold
2026-09-08,NOK,long,stock,True,hold,hold,hold,hold,False,False,False,False,False,"confidence,risk",27,29,retained_v1_plus_zero_profile_confidence_and_declared_source_validation,"OBV or price-volume behavior indicates distribution.,Price is approaching the reduce range but has not entered the recommended reduce/exit zone.,10Y yield backdrop is restrictive for rate-sensitive risk.",hold,hold
2026-09-08,NOW,short,stock,True,hold,hold,trim,trim,False,False,True,False,False,"confidence,risk",1,7,fixed_stock_short_v2_rebuild,v2_weak_resistance,hold,trim
2026-09-08,NOW,mid,stock,True,accumulate,accumulate,accumulate,accumulate,False,False,False,False,False,"confidence,risk",4,8,retained_v1_plus_zero_profile_confidence_and_declared_source_validation,10Y yield backdrop is restrictive for rate-sensitive risk.,accumulate,accumulate
2026-09-08,NOW,long,stock,True,hold,hold,hold,hold,False,False,False,False,False,"confidence,risk",10,12,retained_v1_plus_zero_profile_confidence_and_declared_source_validation,10Y yield backdrop is restrictive for rate-sensitive risk.,hold,hold
2026-09-08,NVDA,short,stock,True,accumulate,accumulate,accumulate,accumulate,False,False,True,False,False,"confidence,risk",0,6,fixed_stock_short_v2_rebuild,,accumulate,accumulate
2026-09-08,NVDA,mid,stock,True,hold,hold,hold,hold,False,False,False,False,False,"confidence,risk",2,6,retained_v1_plus_zero_profile_confidence_and_declared_source_validation,"OBV or price-volume behavior indicates distribution.,Price is approaching the reduce range but has not entered the recommended reduce/exit zone.,10Y yield backdrop is restrictive for rate-sensitive risk.",hold,hold
2026-09-08,NVDA,long,stock,True,trim,trim,trim,trim,False,False,False,False,False,"confidence,risk",6,8,retained_v1_plus_zero_profile_confidence_and_declared_source_validation,"Current price has reached the reduce zone; reduce exposure rather than add.,10Y yield backdrop is restrictive for rate-sensitive risk.",trim,trim
2026-09-08,ORCL,short,stock,True,buy,buy,hold,hold,False,False,True,False,False,"confidence,risk",31,37,fixed_stock_short_v2_rebuild,v2_event,buy,hold
2026-09-08,ORCL,mid,stock,True,hold,hold,hold,hold,False,False,False,False,False,"confidence,risk",30,34,retained_v1_plus_zero_profile_confidence_and_declared_source_validation,"Relative Strength is lagging its relevant benchmarks.,Current price is in the neutral space between actionable price zones.,10Y yield backdrop is restrictive for rate-sensitive risk.,Earnings proximity raises event uncertainty.",hold,hold
2026-09-08,ORCL,long,stock,True,hold,hold,hold,hold,False,False,False,False,False,confidence,37,37,retained_v1_plus_zero_profile_confidence_and_declared_source_validation,"Primary moving-average structure remains bearish.,Current price is in the neutral space between actionable price zones.,10Y yield backdrop is restrictive for rate-sensitive risk.,Earnings proximity raises event uncertainty.",hold,hold
2026-09-08,PLTR,short,stock,True,accumulate,accumulate,hold,hold,False,False,True,False,False,"confidence,risk",1,7,fixed_stock_short_v2_rebuild,v2_entry_unconfirmed,accumulate,hold
2026-09-08,PLTR,mid,stock,True,accumulate,accumulate,accumulate,accumulate,False,False,False,False,False,"confidence,risk",3,7,retained_v1_plus_zero_profile_confidence_and_declared_source_validation,"OBV or price-volume behavior indicates distribution.,Primary MACD structure still confirms downside momentum.,Upside is extended and marginal momentum/participation is weakening.,10Y yield backdrop is restrictive for rate-sensitive risk.",accumulate,accumulate
2026-09-08,PLTR,long,stock,True,hold,hold,hold,hold,False,False,False,False,False,"confidence,risk",12,14,retained_v1_plus_zero_profile_confidence_and_declared_source_validation,10Y yield backdrop is restrictive for rate-sensitive risk.,hold,hold
2026-09-08,QQQ,short,ETF,True,accumulate,accumulate,accumulate,accumulate,False,False,True,False,False,"confidence,risk",5,11,retained_v1_plus_zero_profile_confidence_and_declared_source_validation,10Y yield backdrop is restrictive for rate-sensitive risk.,accumulate,accumulate
2026-09-08,QQQ,mid,ETF,True,accumulate,accumulate,accumulate,accumulate,False,False,False,False,False,"confidence,risk",0,4,retained_v1_plus_zero_profile_confidence_and_declared_source_validation,"OBV or price-volume behavior indicates distribution.,10Y yield backdrop is restrictive for rate-sensitive risk.",accumulate,accumulate
2026-09-08,QQQ,long,ETF,True,hold,hold,hold,hold,False,False,False,False,False,"confidence,risk",7,9,retained_v1_plus_zero_profile_confidence_and_declared_source_validation,"Price is approaching the reduce range but has not entered the recommended reduce/exit zone.,10Y yield backdrop is restrictive for rate-sensitive risk.",hold,hold
2026-09-08,SOFI,short,stock,True,hold,hold,hold,hold,False,False,False,False,False,"confidence,risk",1,7,fixed_stock_short_v2_rebuild,v2_location,hold,hold
2026-09-08,SOFI,mid,stock,True,hold,hold,hold,hold,False,False,False,False,False,"confidence,risk",3,7,retained_v1_plus_zero_profile_confidence_and_declared_source_validation,"OBV or price-volume behavior indicates distribution.,Current price is in the neutral space between actionable price zones.,10Y yield backdrop is restrictive for rate-sensitive risk.",hold,hold
2026-09-08,SOFI,long,stock,True,hold,hold,hold,hold,False,False,False,False,False,"confidence,risk",18,21,retained_v1_plus_zero_profile_confidence_and_declared_source_validation,"OBV or price-volume behavior indicates distribution.,Relative Strength is lagging its relevant benchmarks.,Current price is in the neutral space between actionable price zones.,10Y yield backdrop is restrictive for rate-sensitive risk.",hold,hold
2026-09-08,SOXL,short,ETF,True,hold,hold,hold,hold,False,False,True,False,False,"confidence,risk",25,31,retained_v1_plus_zero_profile_confidence_and_declared_source_validation,"Relative Strength is lagging its relevant benchmarks.,Current price is in the neutral space between actionable price zones.,10Y yield backdrop is restrictive for rate-sensitive risk.",hold,hold
2026-09-08,SOXL,mid,ETF,True,hold,hold,hold,hold,False,False,False,False,False,"confidence,risk",9,13,retained_v1_plus_zero_profile_confidence_and_declared_source_validation,"Relative Strength is lagging its relevant benchmarks.,Primary moving-average structure remains bearish.,Price is extended into layered resistance rather than support.,Current price is in the neutral space between actionable price zones.,10Y yield backdrop is restrictive for rate-sensitive risk.",hold,hold
2026-09-08,SOXL,long,ETF,True,hold,hold,hold,hold,False,False,False,False,False,"confidence,risk",89,91,retained_v1_plus_zero_profile_confidence_and_declared_source_validation,"Volatility or extension risk is elevated.,OBV or price-volume behavior indicates distribution.,Primary MACD structure still confirms downside momentum.,Upside is extended and marginal momentum/participation is weakening.,Current price is in the neutral space between actionable price zones.",hold,hold
2026-09-08,SOXS,short,ETF,True,hold,hold,hold,hold,False,False,True,False,False,"confidence,risk",6,12,retained_v1_plus_zero_profile_confidence_and_declared_source_validation,"Primary MACD structure still confirms downside momentum.,OBV or price-volume behavior indicates distribution.,Primary moving-average structure remains bearish.,Trend is weak, but price has not entered a reduce zone or confirmed a breakdown.,10Y yield backdrop is restrictive for rate-sensitive risk.",hold,hold
2026-09-08,SOXS,mid,ETF,True,hold,hold,hold,hold,False,False,False,False,False,"confidence,risk",36,40,retained_v1_plus_zero_profile_confidence_and_declared_source_validation,"Primary moving-average structure remains bearish.,OBV or price-volume behavior indicates distribution.,Relative Strength is lagging its relevant benchmarks.,Trend is weak, but price has not entered a reduce zone or confirmed a breakdown.,10Y yield backdrop is restrictive for rate-sensitive risk.",hold,hold
2026-09-08,SOXS,long,ETF,True,hold,hold,hold,hold,False,False,False,False,False,"confidence,risk",26,28,retained_v1_plus_zero_profile_confidence_and_declared_source_validation,"Relative Strength is lagging its relevant benchmarks.,Primary moving-average structure remains bearish.,Price is near the opportunity range but has not entered the recommended buy/add zone.,10Y yield backdrop is restrictive for rate-sensitive risk.",hold,hold
2026-09-08,SPCX,short,stock,True,buy,buy,strong_buy,strong_buy,False,False,True,False,False,"confidence,risk",5,11,fixed_stock_short_v2_rebuild,,buy,strong_buy
2026-09-08,SPCX,mid,stock,True,hold,hold,hold,hold,False,False,False,False,False,"confidence,risk",12,16,retained_v1_plus_zero_profile_confidence_and_declared_source_validation,10Y yield backdrop is restrictive for rate-sensitive risk.,hold,hold
2026-09-08,SPCX,long,stock,True,avoid,avoid,avoid,avoid,False,False,False,False,False,"confidence,risk",0,2,retained_v1_plus_zero_profile_confidence_and_declared_source_validation,"Price landscape quality is insufficient for an actionable recommendation.,10Y yield backdrop is restrictive for rate-sensitive risk.",avoid,avoid
2026-09-08,SPMO,short,ETF,True,hold,hold,hold,hold,False,False,False,False,False,"confidence,risk",20,26,retained_v1_plus_zero_profile_confidence_and_declared_source_validation,10Y yield backdrop is restrictive for rate-sensitive risk.,hold,hold
2026-09-08,SPMO,mid,ETF,True,hold,hold,hold,hold,False,False,False,False,False,"confidence,risk",10,14,retained_v1_plus_zero_profile_confidence_and_declared_source_validation,10Y yield backdrop is restrictive for rate-sensitive risk.,hold,hold
2026-09-08,SPMO,long,ETF,True,hold,hold,hold,hold,False,False,False,False,False,"confidence,risk",12,14,retained_v1_plus_zero_profile_confidence_and_declared_source_validation,"OBV or price-volume behavior indicates distribution.,Primary MACD structure still confirms downside momentum.,Upside is extended and marginal momentum/participation is weakening.,Current price is in the neutral space between actionable price zones.,10Y yield backdrop is restrictive for rate-sensitive risk.",hold,hold
2026-09-08,SQQQ,short,ETF,True,hold,hold,hold,hold,False,False,False,False,False,"confidence,risk",0,6,retained_v1_plus_zero_profile_confidence_and_declared_source_validation,"Primary MACD structure still confirms downside momentum.,OBV or price-volume behavior indicates distribution.,Primary moving-average structure remains bearish.,Price is near the opportunity range but has not entered the recommended buy/add zone.,10Y yield backdrop is restrictive for rate-sensitive risk.",hold,hold
2026-09-08,SQQQ,mid,ETF,True,hold,hold,hold,hold,False,False,False,False,False,"confidence,risk",2,6,retained_v1_plus_zero_profile_confidence_and_declared_source_validation,"Primary moving-average structure remains bearish.,Relative Strength is lagging its relevant benchmarks.,Trend is weak, but price has not entered a reduce zone or confirmed a breakdown.,10Y yield backdrop is restrictive for rate-sensitive risk.",hold,hold
2026-09-08,SQQQ,long,ETF,True,hold,hold,hold,hold,False,False,False,False,False,"confidence,risk",18,20,retained_v1_plus_zero_profile_confidence_and_declared_source_validation,"Relative Strength is lagging its relevant benchmarks.,Primary moving-average structure remains bearish.,OBV or price-volume behavior indicates distribution.,Price is near the opportunity range but has not entered the recommended buy/add zone.,10Y yield backdrop is restrictive for rate-sensitive risk.",hold,hold
2026-09-08,TEM,short,stock,True,trim,trim,hold,hold,False,False,True,False,False,"confidence,risk",3,9,fixed_stock_short_v2_rebuild,v2_trend_resistance,trim,hold
2026-09-08,TEM,mid,stock,True,hold,hold,hold,hold,False,False,False,False,False,"confidence,risk",6,10,retained_v1_plus_zero_profile_confidence_and_declared_source_validation,"Primary MACD structure still confirms downside momentum.,10Y yield backdrop is restrictive for rate-sensitive risk.",hold,hold
2026-09-08,TEM,long,stock,True,hold,hold,hold,hold,False,False,False,False,False,"confidence,risk",18,20,retained_v1_plus_zero_profile_confidence_and_declared_source_validation,10Y yield backdrop is restrictive for rate-sensitive risk.,hold,hold
2026-09-08,TQQQ,short,ETF,True,accumulate,hold,hold,hold,False,False,False,False,True,"action,confidence,state,landscape,risk",4,10,retained_v1_plus_zero_profile_confidence_and_declared_source_validation,10Y yield backdrop is restrictive for rate-sensitive risk.,hold,accumulate
2026-09-08,TQQQ,mid,ETF,True,hold,hold,hold,hold,False,False,False,False,False,"confidence,risk",2,6,retained_v1_plus_zero_profile_confidence_and_declared_source_validation,"OBV or price-volume behavior indicates distribution.,Relative Strength is lagging its relevant benchmarks.,Current price is in the neutral space between actionable price zones.,10Y yield backdrop is restrictive for rate-sensitive risk.",hold,hold
2026-09-08,TQQQ,long,ETF,True,hold,hold,hold,hold,False,False,False,False,False,"confidence,risk",22,24,retained_v1_plus_zero_profile_confidence_and_declared_source_validation,"Current price is in the neutral space between actionable price zones.,10Y yield backdrop is restrictive for rate-sensitive risk.",hold,hold
2026-09-08,TSLA,short,stock,True,hold,hold,accumulate,accumulate,False,False,True,False,False,"confidence,risk",6,12,fixed_stock_short_v2_rebuild,,hold,hold
2026-09-08,TSLA,mid,stock,True,hold,hold,hold,hold,False,False,False,False,False,"confidence,risk",2,6,retained_v1_plus_zero_profile_confidence_and_declared_source_validation,"Primary moving-average structure remains bearish.,Relative Strength is lagging its relevant benchmarks.,Price is approaching the reduce range but has not entered the recommended reduce/exit zone.,10Y yield backdrop is restrictive for rate-sensitive risk.",hold,hold
2026-09-08,TSLA,long,stock,True,hold,hold,hold,hold,False,False,False,False,False,"confidence,risk",13,15,retained_v1_plus_zero_profile_confidence_and_declared_source_validation,"Relative Strength is lagging its relevant benchmarks.,Primary MACD structure still confirms downside momentum.,Primary moving-average structure remains bearish.,OBV or price-volume behavior indicates distribution.,Trend is weak, but price has not entered a reduce zone or confirmed a breakdown.",hold,hold
2026-09-08,TSM,short,stock,True,buy,buy,buy,buy,False,False,True,False,False,"confidence,risk",22,28,fixed_stock_short_v2_rebuild,,buy,buy
2026-09-08,TSM,mid,stock,True,hold,hold,hold,hold,False,False,False,False,False,"confidence,risk",9,13,retained_v1_plus_zero_profile_confidence_and_declared_source_validation,10Y yield backdrop is restrictive for rate-sensitive risk.,hold,hold
2026-09-08,TSM,long,stock,True,accumulate,accumulate,accumulate,accumulate,False,False,False,False,False,"confidence,risk",10,12,retained_v1_plus_zero_profile_confidence_and_declared_source_validation,10Y yield backdrop is restrictive for rate-sensitive risk.,accumulate,accumulate
2026-09-08,UNH,short,stock,True,hold,hold,hold,hold,False,False,True,False,False,"confidence,risk",0,6,fixed_stock_short_v2_rebuild,v2_trend_resistance,hold,hold
2026-09-08,UNH,mid,stock,True,hold,hold,hold,hold,False,False,False,False,False,"confidence,risk",0,4,retained_v1_plus_zero_profile_confidence_and_declared_source_validation,"OBV or price-volume behavior indicates distribution.,Relative Strength is lagging its relevant benchmarks.,Current price is in the neutral space between actionable price zones.,10Y yield backdrop is restrictive for rate-sensitive risk.",hold,hold
2026-09-08,UNH,long,stock,True,accumulate,accumulate,accumulate,accumulate,False,False,False,False,False,"confidence,risk",4,6,retained_v1_plus_zero_profile_confidence_and_declared_source_validation,"OBV or price-volume behavior indicates distribution.,Primary MACD structure still confirms downside momentum.,Upside is extended and marginal momentum/participation is weakening.,10Y yield backdrop is restrictive for rate-sensitive risk.",accumulate,accumulate
2026-09-08,XE,short,stock,True,hold,hold,hold,hold,False,False,True,False,False,"confidence,risk",4,10,fixed_stock_short_v2_rebuild,"v2_location,relative_strength_is_lagging_its_relevant_benchmarks",hold,hold
2026-09-08,XE,mid,stock,True,hold,hold,hold,hold,False,False,False,False,False,"confidence,risk",8,12,retained_v1_plus_zero_profile_confidence_and_declared_source_validation,"OBV or price-volume behavior indicates distribution.,Primary moving-average structure remains bearish.,Primary MACD structure still confirms downside momentum.,Trend is weak, but price has not entered a reduce zone or confirmed a breakdown.,10Y yield backdrop is restrictive for rate-sensitive risk.",hold,hold
2026-09-08,XE,long,stock,True,hold,hold,hold,hold,False,False,False,False,False,"confidence,risk",18,20,retained_v1_plus_zero_profile_confidence_and_declared_source_validation,"OBV or price-volume behavior indicates distribution.,Current price is in the neutral space between actionable price zones.,10Y yield backdrop is restrictive for rate-sensitive risk.",hold,hold
2026-09-08,ZETA,short,stock,True,accumulate,accumulate,accumulate,accumulate,False,False,True,False,False,"confidence,risk",1,7,fixed_stock_short_v2_rebuild,,accumulate,accumulate
2026-09-08,ZETA,mid,stock,True,accumulate,accumulate,accumulate,accumulate,False,False,False,False,False,"confidence,risk",11,15,retained_v1_plus_zero_profile_confidence_and_declared_source_validation,10Y yield backdrop is restrictive for rate-sensitive risk.,accumulate,accumulate
2026-09-08,ZETA,long,stock,True,hold,hold,hold,hold,False,False,False,False,False,"confidence,risk",20,22,retained_v1_plus_zero_profile_confidence_and_declared_source_validation,10Y yield backdrop is restrictive for rate-sensitive risk.,hold,hold
2026-09-09,AAPL,short,stock,True,hold,hold,accumulate,accumulate,False,False,True,False,False,"confidence,risk",10,16,fixed_stock_short_v2_rebuild,,hold,accumulate
2026-09-09,AAPL,mid,stock,True,trim,trim,trim,trim,False,False,False,False,False,"confidence,risk",7,11,retained_v1_plus_zero_profile_confidence_and_declared_source_validation,"OBV or price-volume behavior indicates distribution.,Upside is extended and marginal momentum/participation is weakening.,Current price has reached the reduce zone; reduce exposure rather than add.,Market volatility or broad trend calls for more cautious execution.,10Y yield backdrop is restrictive for rate-sensitive risk.",trim,trim
2026-09-09,AAPL,long,stock,True,accumulate,accumulate,accumulate,accumulate,False,False,False,False,False,"confidence,risk",13,15,retained_v1_plus_zero_profile_confidence_and_declared_source_validation,"Market volatility or broad trend calls for more cautious execution.,10Y yield backdrop is restrictive for rate-sensitive risk.",accumulate,accumulate
2026-09-09,AMD,short,stock,True,hold,hold,hold,hold,False,False,True,False,False,"confidence,risk",32,38,fixed_stock_short_v2_rebuild,v2_location,hold,hold
2026-09-09,AMD,mid,stock,True,hold,hold,hold,hold,False,False,False,False,False,"confidence,risk",32,36,retained_v1_plus_zero_profile_confidence_and_declared_source_validation,"Market volatility or broad trend calls for more cautious execution.,10Y yield backdrop is restrictive for rate-sensitive risk.",hold,hold
2026-09-09,AMD,long,stock,True,hold,hold,hold,hold,False,False,False,False,False,"confidence,risk",29,31,retained_v1_plus_zero_profile_confidence_and_declared_source_validation,"Primary MACD structure still confirms downside momentum.,Upside is extended and marginal momentum/participation is weakening.,Current price is in the neutral space between actionable price zones.,Market volatility or broad trend calls for more cautious execution.,10Y yield backdrop is restrictive for rate-sensitive risk.",hold,hold
2026-09-09,AMZN,short,stock,True,accumulate,accumulate,hold,hold,False,False,True,False,False,"confidence,risk",10,16,fixed_stock_short_v2_rebuild,"v2_location,primary_moving_average_structure_remains_bearish,relative_strength_is_lagging_its_relevant_benchmarks",accumulate,hold
2026-09-09,AMZN,mid,stock,True,accumulate,accumulate,accumulate,accumulate,False,False,False,False,False,"confidence,risk",8,12,retained_v1_plus_zero_profile_confidence_and_declared_source_validation,"Primary MACD structure still confirms downside momentum.,OBV or price-volume behavior indicates distribution.,Market volatility or broad trend calls for more cautious execution.,10Y yield backdrop is restrictive for rate-sensitive risk.",accumulate,accumulate
2026-09-09,AMZN,long,stock,True,hold,hold,hold,hold,False,False,False,False,False,"confidence,risk",14,16,retained_v1_plus_zero_profile_confidence_and_declared_source_validation,"Price is near the opportunity range but has not entered the recommended buy/add zone.,Market volatility or broad trend calls for more cautious execution.,10Y yield backdrop is restrictive for rate-sensitive risk.",hold,hold
2026-09-09,BABA,short,stock,True,sell,sell,hold,hold,False,False,True,False,False,"confidence,risk",17,23,fixed_stock_short_v2_rebuild,"v2_entry_unconfirmed,primary_moving_average_structure_remains_bearish,relative_strength_is_lagging_its_relevant_benchmarks",sell,hold
2026-09-09,BABA,mid,stock,True,sell,sell,sell,sell,False,False,False,False,False,"confidence,risk",12,16,retained_v1_plus_zero_profile_confidence_and_declared_source_validation,"Primary moving-average structure remains bearish.,Primary MACD structure still confirms downside momentum.,OBV or price-volume behavior indicates distribution.,A confirmed breakdown has invalidated the prior opportunity structure; exit is anchored near the current executable area.,Market volatility or broad trend calls for more cautious execution.",sell,sell
2026-09-09,BABA,long,stock,True,hold,hold,hold,hold,False,False,False,False,False,"confidence,risk",19,21,retained_v1_plus_zero_profile_confidence_and_declared_source_validation,"Relative Strength is lagging its relevant benchmarks.,Primary moving-average structure remains bearish.,OBV or price-volume behavior indicates distribution.,Trend is weak, but price has not entered a reduce zone or confirmed a breakdown.,Market volatility or broad trend calls for more cautious execution.",hold,hold
2026-09-09,CRCL,short,stock,True,hold,hold,hold,hold,False,False,True,False,False,"confidence,risk",13,19,fixed_stock_short_v2_rebuild,v2_location,hold,hold
2026-09-09,CRCL,mid,stock,True,hold,hold,hold,hold,False,False,False,False,False,"confidence,risk",13,17,retained_v1_plus_zero_profile_confidence_and_declared_source_validation,"Market volatility or broad trend calls for more cautious execution.,10Y yield backdrop is restrictive for rate-sensitive risk.",hold,hold
2026-09-09,CRCL,long,stock,True,hold,hold,hold,hold,False,False,False,False,False,"confidence,risk",22,24,retained_v1_plus_zero_profile_confidence_and_declared_source_validation,"Relative Strength is lagging its relevant benchmarks.,Current price is in the neutral space between actionable price zones.,Market volatility or broad trend calls for more cautious execution.,10Y yield backdrop is restrictive for rate-sensitive risk.",hold,hold
2026-09-09,FFAI,short,stock,True,hold,hold,hold,hold,False,False,False,False,False,"confidence,risk",38,44,fixed_stock_short_v2_rebuild,"v2_entry_unconfirmed,primary_moving_average_structure_remains_bearish,relative_strength_is_lagging_its_relevant_benchmarks",hold,hold
2026-09-09,FFAI,mid,stock,True,hold,hold,hold,hold,False,False,False,False,False,"confidence,risk",45,49,retained_v1_plus_zero_profile_confidence_and_declared_source_validation,"Relative Strength is lagging its relevant benchmarks.,Primary moving-average structure remains bearish.,OBV or price-volume behavior indicates distribution.,Price is extended into layered resistance rather than support.,Price is near the opportunity range but has not entered the recommended buy/add zone.",hold,hold
2026-09-09,FFAI,long,stock,True,accumulate,accumulate,accumulate,accumulate,False,False,False,False,False,"confidence,risk",92,94,retained_v1_plus_zero_profile_confidence_and_declared_source_validation,"Relative Strength is lagging its relevant benchmarks.,Primary moving-average structure remains bearish.,Volatility or extension risk is elevated.,OBV or price-volume behavior indicates distribution.,Market volatility or broad trend calls for more cautious execution.",accumulate,accumulate
2026-09-09,GEV,short,stock,True,accumulate,accumulate,accumulate,accumulate,False,False,True,False,False,"confidence,risk",10,16,fixed_stock_short_v2_rebuild,relative_strength_is_lagging_its_relevant_benchmarks,accumulate,accumulate
2026-09-09,GEV,mid,stock,True,hold,hold,hold,hold,False,False,False,False,False,"confidence,risk",13,17,retained_v1_plus_zero_profile_confidence_and_declared_source_validation,"Primary moving-average structure remains bearish.,OBV or price-volume behavior indicates distribution.,Current price is in the neutral space between actionable price zones.,Market volatility or broad trend calls for more cautious execution.,10Y yield backdrop is restrictive for rate-sensitive risk.",hold,hold
2026-09-09,GEV,long,stock,True,hold,hold,hold,hold,False,False,False,False,False,"confidence,risk",88,90,retained_v1_plus_zero_profile_confidence_and_declared_source_validation,"Volatility or extension risk is elevated.,OBV or price-volume behavior indicates distribution.,Primary MACD structure still confirms downside momentum.,Upside is extended and marginal momentum/participation is weakening.,Price is near the opportunity range but has not entered the recommended buy/add zone.",hold,hold
2026-09-09,GOOGL,short,stock,True,hold,hold,hold,hold,False,False,True,False,False,"confidence,risk",14,20,fixed_stock_short_v2_rebuild,"v2_location,primary_moving_average_structure_remains_bearish",hold,hold
2026-09-09,GOOGL,mid,stock,True,hold,hold,hold,hold,False,False,False,False,False,"confidence,risk",20,24,retained_v1_plus_zero_profile_confidence_and_declared_source_validation,"Primary MACD structure still confirms downside momentum.,Primary moving-average structure remains bearish.,OBV or price-volume behavior indicates distribution.,Relative Strength is lagging its relevant benchmarks.,Trend is weak, but price has not entered a reduce zone or confirmed a breakdown.",hold,hold
2026-09-09,GOOGL,long,stock,True,accumulate,accumulate,accumulate,accumulate,False,False,False,False,False,"confidence,risk",15,17,retained_v1_plus_zero_profile_confidence_and_declared_source_validation,"OBV or price-volume behavior indicates distribution.,Primary MACD structure still confirms downside momentum.,Price is extended into layered resistance rather than support.,Market volatility or broad trend calls for more cautious execution.,10Y yield backdrop is restrictive for rate-sensitive risk.",accumulate,accumulate
2026-09-09,GS,short,stock,True,hold,hold,trim,trim,False,False,True,False,False,"confidence,risk",11,17,fixed_stock_short_v2_rebuild,v2_weak_resistance,hold,trim
2026-09-09,GS,mid,stock,True,hold,hold,hold,hold,False,False,False,False,False,"confidence,risk",9,13,retained_v1_plus_zero_profile_confidence_and_declared_source_validation,"OBV or price-volume behavior indicates distribution.,Relative Strength is lagging its relevant benchmarks.,Price is near the opportunity range but has not entered the recommended buy/add zone.,Market volatility or broad trend calls for more cautious execution.,10Y yield backdrop is restrictive for rate-sensitive risk.",hold,hold
2026-09-09,GS,long,stock,True,hold,hold,hold,hold,False,False,False,False,False,"confidence,risk",8,11,retained_v1_plus_zero_profile_confidence_and_declared_source_validation,"OBV or price-volume behavior indicates distribution.,Primary MACD structure still confirms downside momentum.,Upside is extended and marginal momentum/participation is weakening.,Current price is in the neutral space between actionable price zones.,Market volatility or broad trend calls for more cautious execution.",hold,hold
2026-09-09,HIMS,short,stock,True,hold,hold,trim,trim,False,False,True,False,False,"confidence,risk",12,18,fixed_stock_short_v2_rebuild,"v2_weak_resistance,primary_moving_average_structure_remains_bearish,relative_strength_is_lagging_its_relevant_benchmarks",hold,trim
2026-09-09,HIMS,mid,stock,True,hold,hold,hold,hold,False,False,False,False,False,"confidence,risk",12,16,retained_v1_plus_zero_profile_confidence_and_declared_source_validation,"Primary MACD structure still confirms downside momentum.,OBV or price-volume behavior indicates distribution.,Primary moving-average structure remains bearish.,Price is approaching the reduce range but has not entered the recommended reduce/exit zone.,Market volatility or broad trend calls for more cautious execution.",hold,hold
2026-09-09,HIMS,long,stock,True,hold,hold,hold,hold,False,False,False,False,False,"confidence,risk",22,24,retained_v1_plus_zero_profile_confidence_and_declared_source_validation,"OBV or price-volume behavior indicates distribution.,Upside is extended and marginal momentum/participation is weakening.,Current price is in the neutral space between actionable price zones.,Market volatility or broad trend calls for more cautious execution.,10Y yield backdrop is restrictive for rate-sensitive risk.",hold,hold
2026-09-09,META,short,stock,True,hold,hold,hold,hold,False,False,True,False,False,"confidence,risk",36,42,fixed_stock_short_v2_rebuild,v2_location,hold,hold
2026-09-09,META,mid,stock,True,hold,hold,hold,hold,False,False,False,False,False,"confidence,risk",27,31,retained_v1_plus_zero_profile_confidence_and_declared_source_validation,"Market volatility or broad trend calls for more cautious execution.,10Y yield backdrop is restrictive for rate-sensitive risk.",hold,hold
2026-09-09,META,long,stock,True,hold,hold,hold,hold,False,False,False,False,False,"confidence,risk",18,20,retained_v1_plus_zero_profile_confidence_and_declared_source_validation,"Current price is in the neutral space between actionable price zones.,Market volatility or broad trend calls for more cautious execution.,10Y yield backdrop is restrictive for rate-sensitive risk.",hold,hold
2026-09-09,MPT,short,stock,True,accumulate,accumulate,hold,hold,False,False,False,False,False,"confidence,risk",12,18,fixed_stock_short_v2_rebuild,"v2_entry_unconfirmed,primary_moving_average_structure_remains_bearish",accumulate,hold
2026-09-09,MPT,mid,stock,True,accumulate,accumulate,accumulate,accumulate,False,False,False,False,False,"confidence,risk",22,26,retained_v1_plus_zero_profile_confidence_and_declared_source_validation,"Primary moving-average structure remains bearish.,Relative Strength is lagging its relevant benchmarks.,OBV or price-volume behavior indicates distribution.,Market volatility or broad trend calls for more cautious execution.,10Y yield backdrop is restrictive for rate-sensitive risk.",accumulate,accumulate
2026-09-09,MPT,long,stock,True,sell,sell,sell,sell,False,False,False,False,False,"confidence,risk",13,15,retained_v1_plus_zero_profile_confidence_and_declared_source_validation,"Relative Strength is lagging its relevant benchmarks.,Primary MACD structure still confirms downside momentum.,Primary moving-average structure remains bearish.,OBV or price-volume behavior indicates distribution.,Price is extended into layered resistance rather than support.",sell,sell
2026-09-09,MSFT,short,stock,True,hold,hold,hold,hold,False,False,True,False,False,"confidence,risk",10,16,fixed_stock_short_v2_rebuild,v2_entry_unconfirmed,hold,hold
2026-09-09,MSFT,mid,stock,True,hold,hold,hold,hold,False,False,False,False,False,"confidence,risk",12,16,retained_v1_plus_zero_profile_confidence_and_declared_source_validation,"Primary MACD structure still confirms downside momentum.,Market volatility or broad trend calls for more cautious execution.,10Y yield backdrop is restrictive for rate-sensitive risk.",hold,hold
2026-09-09,MSFT,long,stock,True,hold,hold,hold,hold,False,False,False,False,False,"confidence,risk",12,14,retained_v1_plus_zero_profile_confidence_and_declared_source_validation,"OBV or price-volume behavior indicates distribution.,Market volatility or broad trend calls for more cautious execution.,10Y yield backdrop is restrictive for rate-sensitive risk.",hold,hold
2026-09-09,MU,short,stock,True,hold,hold,hold,hold,False,False,True,False,False,"confidence,risk",11,17,fixed_stock_short_v2_rebuild,v2_location,hold,hold
2026-09-09,MU,mid,stock,True,hold,hold,hold,hold,False,False,False,False,False,"confidence,risk",16,20,retained_v1_plus_zero_profile_confidence_and_declared_source_validation,"Market volatility or broad trend calls for more cautious execution.,10Y yield backdrop is restrictive for rate-sensitive risk.",hold,hold
2026-09-09,MU,long,stock,True,hold,hold,hold,hold,False,False,False,False,False,"confidence,risk",29,31,retained_v1_plus_zero_profile_confidence_and_declared_source_validation,"OBV or price-volume behavior indicates distribution.,Market volatility or broad trend calls for more cautious execution.,10Y yield backdrop is restrictive for rate-sensitive risk.",hold,hold
2026-09-09,NFLX,short,stock,True,hold,hold,hold,hold,False,False,True,False,False,"confidence,risk",30,36,fixed_stock_short_v2_rebuild,"v2_location,primary_moving_average_structure_remains_bearish",hold,hold
2026-09-09,NFLX,mid,stock,True,hold,hold,hold,hold,False,False,False,False,False,"confidence,risk",8,12,retained_v1_plus_zero_profile_confidence_and_declared_source_validation,"OBV or price-volume behavior indicates distribution.,Primary MACD structure still confirms downside momentum.,Primary moving-average structure remains bearish.,Upside is extended and marginal momentum/participation is weakening.,Trend is weak, but price has not entered a reduce zone or confirmed a breakdown.",hold,hold
2026-09-09,NFLX,long,stock,True,hold,hold,hold,hold,False,False,False,False,False,"confidence,risk",10,12,retained_v1_plus_zero_profile_confidence_and_declared_source_validation,"Relative Strength is lagging its relevant benchmarks.,Primary moving-average structure remains bearish.,Current price is in the neutral space between actionable price zones.,Market volatility or broad trend calls for more cautious execution.,10Y yield backdrop is restrictive for rate-sensitive risk.",hold,hold
2026-09-09,NOK,short,stock,True,hold,hold,hold,hold,False,False,False,False,False,"confidence,risk",13,19,fixed_stock_short_v2_rebuild,v2_trend_resistance,hold,hold
2026-09-09,NOK,mid,stock,True,accumulate,accumulate,accumulate,accumulate,False,False,False,False,False,"confidence,risk",10,14,retained_v1_plus_zero_profile_confidence_and_declared_source_validation,"Relative Strength is lagging its relevant benchmarks.,Primary moving-average structure remains bearish.,Market volatility or broad trend calls for more cautious execution.,10Y yield backdrop is restrictive for rate-sensitive risk.",accumulate,accumulate
2026-09-09,NOK,long,stock,True,hold,hold,hold,hold,False,False,False,False,False,"confidence,risk",31,33,retained_v1_plus_zero_profile_confidence_and_declared_source_validation,"OBV or price-volume behavior indicates distribution.,Price is approaching the reduce range but has not entered the recommended reduce/exit zone.,Market volatility or broad trend calls for more cautious execution.,10Y yield backdrop is restrictive for rate-sensitive risk.",hold,hold
2026-09-09,NOW,short,stock,True,hold,hold,trim,trim,False,False,True,False,False,"confidence,risk",11,17,fixed_stock_short_v2_rebuild,v2_weak_resistance,hold,hold
2026-09-09,NOW,mid,stock,True,hold,hold,hold,hold,False,False,False,False,False,"confidence,risk",11,15,retained_v1_plus_zero_profile_confidence_and_declared_source_validation,"Primary MACD structure still confirms downside momentum.,Market volatility or broad trend calls for more cautious execution.,10Y yield backdrop is restrictive for rate-sensitive risk.",hold,hold
2026-09-09,NOW,long,stock,True,hold,hold,hold,hold,False,False,False,False,False,"confidence,risk",14,16,retained_v1_plus_zero_profile_confidence_and_declared_source_validation,"Market volatility or broad trend calls for more cautious execution.,10Y yield backdrop is restrictive for rate-sensitive risk.",hold,hold
2026-09-09,NVDA,short,stock,True,accumulate,accumulate,accumulate,accumulate,False,False,True,False,False,"confidence,risk",10,16,fixed_stock_short_v2_rebuild,,accumulate,accumulate
2026-09-09,NVDA,mid,stock,True,hold,hold,hold,hold,False,False,False,False,False,"confidence,risk",8,12,retained_v1_plus_zero_profile_confidence_and_declared_source_validation,"OBV or price-volume behavior indicates distribution.,Market volatility or broad trend calls for more cautious execution.,10Y yield backdrop is restrictive for rate-sensitive risk.",hold,hold
2026-09-09,NVDA,long,stock,True,hold,hold,hold,hold,False,False,False,False,False,"confidence,risk",10,12,retained_v1_plus_zero_profile_confidence_and_declared_source_validation,"Price is approaching the reduce range but has not entered the recommended reduce/exit zone.,Market volatility or broad trend calls for more cautious execution.,10Y yield backdrop is restrictive for rate-sensitive risk.",hold,hold
2026-09-09,ORCL,short,stock,True,hold,hold,hold,hold,False,False,True,False,False,"confidence,risk",31,33,fixed_stock_short_v2_rebuild,v2_event,hold,hold
2026-09-09,ORCL,mid,stock,True,trim,trim,trim,trim,False,False,False,False,False,confidence,27,27,retained_v1_plus_zero_profile_confidence_and_declared_source_validation,"Relative Strength is lagging its relevant benchmarks.,Current price has reached the reduce zone; reduce exposure rather than add.,Market volatility or broad trend calls for more cautious execution.,10Y yield backdrop is restrictive for rate-sensitive risk.,Earnings proximity raises event uncertainty.",hold,trim
2026-09-09,ORCL,long,stock,True,hold,hold,hold,hold,False,False,False,False,False,confidence,37,37,retained_v1_plus_zero_profile_confidence_and_declared_source_validation,"Primary moving-average structure remains bearish.,Current price is in the neutral space between actionable price zones.,Market volatility or broad trend calls for more cautious execution.,10Y yield backdrop is restrictive for rate-sensitive risk.,Earnings proximity raises event uncertainty.",hold,hold
2026-09-09,PLTR,short,stock,True,accumulate,accumulate,hold,hold,False,False,True,False,False,"confidence,risk",11,17,fixed_stock_short_v2_rebuild,v2_entry_unconfirmed,accumulate,hold
2026-09-09,PLTR,mid,stock,True,accumulate,accumulate,accumulate,accumulate,False,False,False,False,False,"confidence,risk",10,14,retained_v1_plus_zero_profile_confidence_and_declared_source_validation,"OBV or price-volume behavior indicates distribution.,Primary MACD structure still confirms downside momentum.,Upside is extended and marginal momentum/participation is weakening.,Market volatility or broad trend calls for more cautious execution.,10Y yield backdrop is restrictive for rate-sensitive risk.",accumulate,accumulate
2026-09-09,PLTR,long,stock,True,hold,hold,hold,hold,False,False,False,False,False,"confidence,risk",16,18,retained_v1_plus_zero_profile_confidence_and_declared_source_validation,"Market volatility or broad trend calls for more cautious execution.,10Y yield backdrop is restrictive for rate-sensitive risk.",hold,hold
2026-09-09,QQQ,short,ETF,True,hold,hold,hold,hold,False,False,True,False,False,"confidence,risk",10,16,retained_v1_plus_zero_profile_confidence_and_declared_source_validation,"Market volatility or broad trend calls for more cautious execution.,10Y yield backdrop is restrictive for rate-sensitive risk.",hold,hold
2026-09-09,QQQ,mid,ETF,True,hold,hold,hold,hold,False,False,False,False,False,"confidence,risk",7,11,retained_v1_plus_zero_profile_confidence_and_declared_source_validation,"OBV or price-volume behavior indicates distribution.,Market volatility or broad trend calls for more cautious execution.,10Y yield backdrop is restrictive for rate-sensitive risk.",hold,hold
2026-09-09,QQQ,long,ETF,True,hold,hold,hold,hold,False,False,False,False,False,"confidence,risk",11,13,retained_v1_plus_zero_profile_confidence_and_declared_source_validation,"Price is approaching the reduce range but has not entered the recommended reduce/exit zone.,Market volatility or broad trend calls for more cautious execution.,10Y yield backdrop is restrictive for rate-sensitive risk.",hold,hold
2026-09-09,SOFI,short,stock,True,hold,hold,trim,trim,False,False,False,False,False,"confidence,risk",12,18,fixed_stock_short_v2_rebuild,"v2_weak_resistance,primary_moving_average_structure_remains_bearish",hold,trim
2026-09-09,SOFI,mid,stock,True,accumulate,accumulate,accumulate,accumulate,False,False,False,False,False,"confidence,risk",10,15,retained_v1_plus_zero_profile_confidence_and_declared_source_validation,"OBV or price-volume behavior indicates distribution.,Primary MACD structure still confirms downside momentum.,Market volatility or broad trend calls for more cautious execution.,10Y yield backdrop is restrictive for rate-sensitive risk.",accumulate,accumulate
2026-09-09,SOFI,long,stock,True,hold,hold,hold,hold,False,False,False,False,False,"confidence,risk",22,25,retained_v1_plus_zero_profile_confidence_and_declared_source_validation,"OBV or price-volume behavior indicates distribution.,Relative Strength is lagging its relevant benchmarks.,Current price is in the neutral space between actionable price zones.,Market volatility or broad trend calls for more cautious execution.,10Y yield backdrop is restrictive for rate-sensitive risk.",hold,hold
2026-09-09,SOXL,short,ETF,True,hold,hold,hold,hold,False,False,True,False,False,"confidence,risk",36,42,retained_v1_plus_zero_profile_confidence_and_declared_source_validation,"Relative Strength is lagging its relevant benchmarks.,Current price is in the neutral space between actionable price zones.,Market volatility or broad trend calls for more cautious execution.,10Y yield backdrop is restrictive for rate-sensitive risk.",hold,hold
2026-09-09,SOXL,mid,ETF,True,hold,hold,hold,hold,False,False,False,False,False,"confidence,risk",36,40,retained_v1_plus_zero_profile_confidence_and_declared_source_validation,"Relative Strength is lagging its relevant benchmarks.,Primary moving-average structure remains bearish.,Price is extended into layered resistance rather than support.,Current price is in the neutral space between actionable price zones.,Market volatility or broad trend calls for more cautious execution.",hold,hold
2026-09-09,SOXL,long,ETF,True,hold,hold,hold,hold,False,False,False,False,False,"confidence,risk",94,96,retained_v1_plus_zero_profile_confidence_and_declared_source_validation,"Volatility or extension risk is elevated.,OBV or price-volume behavior indicates distribution.,Primary MACD structure still confirms downside momentum.,Upside is extended and marginal momentum/participation is weakening.,Current price is in the neutral space between actionable price zones.",hold,hold
2026-09-09,SOXS,short,ETF,True,hold,hold,hold,hold,False,False,True,False,False,"confidence,risk",20,26,retained_v1_plus_zero_profile_confidence_and_declared_source_validation,"Primary MACD structure still confirms downside momentum.,Primary moving-average structure remains bearish.,OBV or price-volume behavior indicates distribution.,Trend is weak, but price has not entered a reduce zone or confirmed a breakdown.,Market volatility or broad trend calls for more cautious execution.",hold,hold
2026-09-09,SOXS,mid,ETF,True,hold,hold,hold,hold,False,False,False,False,False,"confidence,risk",44,48,retained_v1_plus_zero_profile_confidence_and_declared_source_validation,"Primary moving-average structure remains bearish.,OBV or price-volume behavior indicates distribution.,Relative Strength is lagging its relevant benchmarks.,Trend is weak, but price has not entered a reduce zone or confirmed a breakdown.,Market volatility or broad trend calls for more cautious execution.",hold,hold
2026-09-09,SOXS,long,ETF,True,hold,hold,hold,hold,False,False,False,False,False,"confidence,risk",31,33,retained_v1_plus_zero_profile_confidence_and_declared_source_validation,"Relative Strength is lagging its relevant benchmarks.,Primary moving-average structure remains bearish.,Price is near the opportunity range but has not entered the recommended buy/add zone.,Market volatility or broad trend calls for more cautious execution.,10Y yield backdrop is restrictive for rate-sensitive risk.",hold,hold
2026-09-09,SPCX,short,stock,True,hold,hold,avoid,avoid,False,False,False,False,False,"confidence,risk",11,17,fixed_stock_short_v2_rebuild,v2_structure_missing,hold,hold
2026-09-09,SPCX,mid,stock,True,accumulate,accumulate,accumulate,accumulate,False,False,False,False,False,"confidence,risk",11,15,retained_v1_plus_zero_profile_confidence_and_declared_source_validation,"Relative Strength is lagging its relevant benchmarks.,Market volatility or broad trend calls for more cautious execution.,10Y yield backdrop is restrictive for rate-sensitive risk.",accumulate,accumulate
2026-09-09,SPCX,long,stock,True,avoid,avoid,avoid,avoid,False,False,False,False,False,"confidence,risk",4,6,retained_v1_plus_zero_profile_confidence_and_declared_source_validation,"Price landscape quality is insufficient for an actionable recommendation.,Market volatility or broad trend calls for more cautious execution.,10Y yield backdrop is restrictive for rate-sensitive risk.",avoid,avoid
2026-09-09,SPMO,short,ETF,True,hold,hold,hold,hold,False,False,False,False,False,"confidence,risk",13,19,retained_v1_plus_zero_profile_confidence_and_declared_source_validation,"Market volatility or broad trend calls for more cautious execution.,10Y yield backdrop is restrictive for rate-sensitive risk.",hold,hold
2026-09-09,SPMO,mid,ETF,True,accumulate,accumulate,accumulate,accumulate,False,False,False,False,False,"confidence,risk",16,20,retained_v1_plus_zero_profile_confidence_and_declared_source_validation,"Market volatility or broad trend calls for more cautious execution.,10Y yield backdrop is restrictive for rate-sensitive risk.",accumulate,accumulate
2026-09-09,SPMO,long,ETF,True,hold,hold,hold,hold,False,False,False,False,False,"confidence,risk",16,18,retained_v1_plus_zero_profile_confidence_and_declared_source_validation,"OBV or price-volume behavior indicates distribution.,Primary MACD structure still confirms downside momentum.,Upside is extended and marginal momentum/participation is weakening.,Current price is in the neutral space between actionable price zones.,Market volatility or broad trend calls for more cautious execution.",hold,hold
2026-09-09,SQQQ,short,ETF,True,hold,hold,hold,hold,False,False,False,False,False,"confidence,risk",12,18,retained_v1_plus_zero_profile_confidence_and_declared_source_validation,"OBV or price-volume behavior indicates distribution.,Primary MACD structure still confirms downside momentum.,Primary moving-average structure remains bearish.,Trend is weak, but price has not entered a reduce zone or confirmed a breakdown.,Market volatility or broad trend calls for more cautious execution.",hold,hold
2026-09-09,SQQQ,mid,ETF,True,hold,hold,hold,hold,False,False,False,False,False,"confidence,risk",10,14,retained_v1_plus_zero_profile_confidence_and_declared_source_validation,"Primary moving-average structure remains bearish.,Trend is weak, but price has not entered a reduce zone or confirmed a breakdown.,Market volatility or broad trend calls for more cautious execution.,10Y yield backdrop is restrictive for rate-sensitive risk.",hold,hold
2026-09-09,SQQQ,long,ETF,True,hold,hold,hold,hold,False,False,False,False,False,"confidence,risk",23,25,retained_v1_plus_zero_profile_confidence_and_declared_source_validation,"Relative Strength is lagging its relevant benchmarks.,Primary moving-average structure remains bearish.,OBV or price-volume behavior indicates distribution.,Price is near the opportunity range but has not entered the recommended buy/add zone.,Market volatility or broad trend calls for more cautious execution.",hold,hold
2026-09-09,TEM,short,stock,True,accumulate,accumulate,hold,hold,False,False,True,False,False,"confidence,risk",13,19,fixed_stock_short_v2_rebuild,v2_entry_unconfirmed,accumulate,hold
2026-09-09,TEM,mid,stock,True,hold,hold,hold,hold,False,False,False,False,False,"confidence,risk",13,17,retained_v1_plus_zero_profile_confidence_and_declared_source_validation,"Primary MACD structure still confirms downside momentum.,Current price is in the neutral space between actionable price zones.,Market volatility or broad trend calls for more cautious execution.,10Y yield backdrop is restrictive for rate-sensitive risk.",hold,hold
2026-09-09,TEM,long,stock,True,hold,hold,hold,hold,False,False,False,False,False,"confidence,risk",22,24,retained_v1_plus_zero_profile_confidence_and_declared_source_validation,"Market volatility or broad trend calls for more cautious execution.,10Y yield backdrop is restrictive for rate-sensitive risk.",hold,hold
2026-09-09,TQQQ,short,ETF,True,hold,hold,hold,hold,False,False,False,False,False,"confidence,risk",12,18,retained_v1_plus_zero_profile_confidence_and_declared_source_validation,"Current price is in the neutral space between actionable price zones.,Market volatility or broad trend calls for more cautious execution.,10Y yield backdrop is restrictive for rate-sensitive risk.",hold,hold
2026-09-09,TQQQ,mid,ETF,True,hold,hold,hold,hold,False,False,False,False,False,"confidence,risk",10,14,retained_v1_plus_zero_profile_confidence_and_declared_source_validation,"OBV or price-volume behavior indicates distribution.,Relative Strength is lagging its relevant benchmarks.,Current price is in the neutral space between actionable price zones.,Market volatility or broad trend calls for more cautious execution.,10Y yield backdrop is restrictive for rate-sensitive risk.",hold,hold
2026-09-09,TQQQ,long,ETF,True,hold,hold,hold,hold,False,False,False,False,False,"confidence,risk",27,29,retained_v1_plus_zero_profile_confidence_and_declared_source_validation,"Current price is in the neutral space between actionable price zones.,Market volatility or broad trend calls for more cautious execution.,10Y yield backdrop is restrictive for rate-sensitive risk.",hold,hold
2026-09-09,TSLA,short,stock,True,hold,hold,hold,hold,False,False,True,False,False,"confidence,risk",11,17,fixed_stock_short_v2_rebuild,v2_location,hold,hold
2026-09-09,TSLA,mid,stock,True,hold,hold,hold,hold,False,False,False,False,False,"confidence,risk",9,13,retained_v1_plus_zero_profile_confidence_and_declared_source_validation,"Relative Strength is lagging its relevant benchmarks.,Primary moving-average structure remains bearish.,Price is approaching the reduce range but has not entered the recommended reduce/exit zone.,Market volatility or broad trend calls for more cautious execution.,10Y yield backdrop is restrictive for rate-sensitive risk.",hold,hold
2026-09-09,TSLA,long,stock,True,hold,hold,hold,hold,False,False,False,False,False,"confidence,risk",17,19,retained_v1_plus_zero_profile_confidence_and_declared_source_validation,"Relative Strength is lagging its relevant benchmarks.,OBV or price-volume behavior indicates distribution.,Primary moving-average structure remains bearish.,Primary MACD structure still confirms downside momentum.,Trend is weak, but price has not entered a reduce zone or confirmed a breakdown.",hold,hold
2026-09-09,TSM,short,stock,True,hold,hold,hold,hold,False,False,True,False,False,"confidence,risk",11,17,fixed_stock_short_v2_rebuild,v2_trend_resistance,hold,hold
2026-09-09,TSM,mid,stock,True,hold,hold,hold,hold,False,False,False,False,False,"confidence,risk",9,14,retained_v1_plus_zero_profile_confidence_and_declared_source_validation,"Market volatility or broad trend calls for more cautious execution.,10Y yield backdrop is restrictive for rate-sensitive risk.",hold,hold
2026-09-09,TSM,long,stock,True,accumulate,accumulate,accumulate,accumulate,False,False,False,False,False,"confidence,risk",14,17,retained_v1_plus_zero_profile_confidence_and_declared_source_validation,"Market volatility or broad trend calls for more cautious execution.,10Y yield backdrop is restrictive for rate-sensitive risk.",accumulate,accumulate
2026-09-09,UNH,short,stock,True,hold,hold,hold,hold,False,False,True,False,False,"confidence,risk",9,15,fixed_stock_short_v2_rebuild,"v2_entry_unconfirmed,primary_moving_average_structure_remains_bearish",hold,hold
2026-09-09,UNH,mid,stock,True,accumulate,accumulate,accumulate,accumulate,False,False,False,False,False,"confidence,risk",7,12,retained_v1_plus_zero_profile_confidence_and_declared_source_validation,"OBV or price-volume behavior indicates distribution.,Relative Strength is lagging its relevant benchmarks.,Market volatility or broad trend calls for more cautious execution.,10Y yield backdrop is restrictive for rate-sensitive risk.",accumulate,accumulate
2026-09-09,UNH,long,stock,True,accumulate,accumulate,accumulate,accumulate,False,False,False,False,False,"confidence,risk",8,10,retained_v1_plus_zero_profile_confidence_and_declared_source_validation,"OBV or price-volume behavior indicates distribution.,Primary MACD structure still confirms downside momentum.,Price is extended into layered resistance rather than support.,Upside is extended and marginal momentum/participation is weakening.,Market volatility or broad trend calls for more cautious execution.",accumulate,accumulate
2026-09-09,XE,short,stock,True,hold,hold,hold,hold,False,False,True,False,False,"confidence,risk",14,20,fixed_stock_short_v2_rebuild,"v2_location,primary_moving_average_structure_remains_bearish,relative_strength_is_lagging_its_relevant_benchmarks",hold,hold
2026-09-09,XE,mid,stock,True,accumulate,accumulate,accumulate,accumulate,False,False,False,False,False,"confidence,risk",16,20,retained_v1_plus_zero_profile_confidence_and_declared_source_validation,"OBV or price-volume behavior indicates distribution.,Primary MACD structure still confirms downside momentum.,Primary moving-average structure remains bearish.,Relative Strength is lagging its relevant benchmarks.,Market volatility or broad trend calls for more cautious execution.",accumulate,accumulate
2026-09-09,XE,long,stock,True,hold,hold,hold,hold,False,False,False,False,False,"confidence,risk",22,24,retained_v1_plus_zero_profile_confidence_and_declared_source_validation,"OBV or price-volume behavior indicates distribution.,Current price is in the neutral space between actionable price zones.,Market volatility or broad trend calls for more cautious execution.,10Y yield backdrop is restrictive for rate-sensitive risk.",hold,hold
2026-09-09,ZETA,short,stock,True,hold,trim,hold,hold,False,False,True,False,True,"action,confidence,state,landscape,risk",11,17,fixed_stock_short_v2_rebuild,v2_location,trim,hold
2026-09-09,ZETA,mid,stock,True,accumulate,accumulate,accumulate,accumulate,False,False,False,False,False,"confidence,risk",16,20,retained_v1_plus_zero_profile_confidence_and_declared_source_validation,"Primary MACD structure still confirms downside momentum.,Market volatility or broad trend calls for more cautious execution.,10Y yield backdrop is restrictive for rate-sensitive risk.",accumulate,accumulate
2026-09-09,ZETA,long,stock,True,hold,hold,hold,hold,False,False,False,False,False,"confidence,risk",23,25,retained_v1_plus_zero_profile_confidence_and_declared_source_validation,"Market volatility or broad trend calls for more cautious execution.,10Y yield backdrop is restrictive for rate-sensitive risk.",hold,hold
2026-09-10,AAPL,short,stock,True,hold,hold,hold,hold,False,False,True,False,False,"confidence,risk",10,16,fixed_stock_short_v2_rebuild,v2_trend_resistance,hold,hold
2026-09-10,AAPL,mid,stock,True,hold,hold,hold,hold,False,False,False,False,False,"confidence,risk",7,11,retained_v1_plus_zero_profile_confidence_and_declared_source_validation,"Market volatility or broad trend calls for more cautious execution.,10Y yield backdrop is restrictive for rate-sensitive risk.",hold,hold
2026-09-10,AAPL,long,stock,True,hold,hold,hold,hold,False,False,False,False,False,"confidence,risk",13,15,retained_v1_plus_zero_profile_confidence_and_declared_source_validation,"Price is approaching the reduce range but has not entered the recommended reduce/exit zone.,Market volatility or broad trend calls for more cautious execution.,10Y yield backdrop is restrictive for rate-sensitive risk.",hold,hold
2026-09-10,AMD,short,stock,True,hold,hold,hold,hold,False,False,True,False,False,"confidence,risk",11,17,fixed_stock_short_v2_rebuild,v2_location,hold,hold
2026-09-10,AMD,mid,stock,True,accumulate,accumulate,accumulate,accumulate,False,False,False,False,False,"confidence,risk",15,19,retained_v1_plus_zero_profile_confidence_and_declared_source_validation,"Relative Strength is lagging its relevant benchmarks.,Market volatility or broad trend calls for more cautious execution.,10Y yield backdrop is restrictive for rate-sensitive risk.",accumulate,accumulate
2026-09-10,AMD,long,stock,True,hold,hold,hold,hold,False,False,False,False,False,"confidence,risk",29,31,retained_v1_plus_zero_profile_confidence_and_declared_source_validation,"OBV or price-volume behavior indicates distribution.,Primary MACD structure still confirms downside momentum.,Upside is extended and marginal momentum/participation is weakening.,Current price is in the neutral space between actionable price zones.,Market volatility or broad trend calls for more cautious execution.",hold,hold
2026-09-10,AMZN,short,stock,True,hold,hold,hold,hold,False,False,True,False,False,"confidence,risk",10,16,fixed_stock_short_v2_rebuild,"v2_location,primary_moving_average_structure_remains_bearish,relative_strength_is_lagging_its_relevant_benchmarks",hold,hold
2026-09-10,AMZN,mid,stock,True,accumulate,accumulate,accumulate,accumulate,False,False,False,False,False,"confidence,risk",8,12,retained_v1_plus_zero_profile_confidence_and_declared_source_validation,"Primary MACD structure still confirms downside momentum.,OBV or price-volume behavior indicates distribution.,Market volatility or broad trend calls for more cautious execution.,10Y yield backdrop is restrictive for rate-sensitive risk.",accumulate,accumulate
2026-09-10,AMZN,long,stock,True,hold,hold,hold,hold,False,False,False,False,False,"confidence,risk",14,16,retained_v1_plus_zero_profile_confidence_and_declared_source_validation,"Price is near the opportunity range but has not entered the recommended buy/add zone.,Market volatility or broad trend calls for more cautious execution.,10Y yield backdrop is restrictive for rate-sensitive risk.",hold,hold
2026-09-10,BABA,short,stock,True,sell,sell,sell,sell,False,False,False,False,False,"confidence,risk",22,28,fixed_stock_short_v2_rebuild,"v2_break,primary_moving_average_structure_remains_bearish,relative_strength_is_lagging_its_relevant_benchmarks",sell,sell
2026-09-10,BABA,mid,stock,True,sell,sell,sell,sell,False,False,False,False,False,"confidence,risk",14,18,retained_v1_plus_zero_profile_confidence_and_declared_source_validation,"Primary moving-average structure remains bearish.,Primary MACD structure still confirms downside momentum.,OBV or price-volume behavior indicates distribution.,A confirmed breakdown has invalidated the prior opportunity structure; exit is anchored near the current executable area.,Market volatility or broad trend calls for more cautious execution.",sell,sell
2026-09-10,BABA,long,stock,True,hold,hold,hold,hold,False,False,False,False,False,"confidence,risk",19,21,retained_v1_plus_zero_profile_confidence_and_declared_source_validation,"Relative Strength is lagging its relevant benchmarks.,Primary moving-average structure remains bearish.,OBV or price-volume behavior indicates distribution.,Trend is weak, but price has not entered a reduce zone or confirmed a breakdown.,Market volatility or broad trend calls for more cautious execution.",hold,hold
2026-09-10,CRCL,short,stock,True,hold,hold,hold,hold,False,False,True,False,False,"confidence,risk",13,19,fixed_stock_short_v2_rebuild,v2_location,hold,hold
2026-09-10,CRCL,mid,stock,True,accumulate,accumulate,accumulate,accumulate,False,False,False,False,False,"confidence,risk",13,17,retained_v1_plus_zero_profile_confidence_and_declared_source_validation,"Market volatility or broad trend calls for more cautious execution.,10Y yield backdrop is restrictive for rate-sensitive risk.",accumulate,accumulate
2026-09-10,CRCL,long,stock,True,hold,hold,hold,hold,False,False,False,False,False,"confidence,risk",22,24,retained_v1_plus_zero_profile_confidence_and_declared_source_validation,"Relative Strength is lagging its relevant benchmarks.,Current price is in the neutral space between actionable price zones.,Market volatility or broad trend calls for more cautious execution.,10Y yield backdrop is restrictive for rate-sensitive risk.",hold,hold
2026-09-10,FFAI,short,stock,True,accumulate,accumulate,hold,hold,False,False,False,False,False,"confidence,risk",40,46,fixed_stock_short_v2_rebuild,"v2_entry_unconfirmed,primary_moving_average_structure_remains_bearish,relative_strength_is_lagging_its_relevant_benchmarks",accumulate,hold
2026-09-10,FFAI,mid,stock,True,accumulate,accumulate,accumulate,accumulate,False,False,False,False,False,"confidence,risk",45,49,retained_v1_plus_zero_profile_confidence_and_declared_source_validation,"Relative Strength is lagging its relevant benchmarks.,Primary moving-average structure remains bearish.,OBV or price-volume behavior indicates distribution.,Price is extended into layered resistance rather than support.,Market volatility or broad trend calls for more cautious execution.",accumulate,accumulate
2026-09-10,FFAI,long,stock,True,accumulate,accumulate,accumulate,accumulate,False,False,False,False,False,"confidence,risk",92,94,retained_v1_plus_zero_profile_confidence_and_declared_source_validation,"Relative Strength is lagging its relevant benchmarks.,Primary moving-average structure remains bearish.,Volatility or extension risk is elevated.,OBV or price-volume behavior indicates distribution.,Price is extended into layered resistance rather than support.",accumulate,accumulate
2026-09-10,GEV,short,stock,True,hold,hold,hold,hold,False,False,True,False,False,"confidence,risk",10,16,fixed_stock_short_v2_rebuild,"v2_location,primary_moving_average_structure_remains_bearish,relative_strength_is_lagging_its_relevant_benchmarks",hold,hold
2026-09-10,GEV,mid,stock,True,hold,hold,hold,hold,False,False,False,False,False,"confidence,risk",10,14,retained_v1_plus_zero_profile_confidence_and_declared_source_validation,"Primary moving-average structure remains bearish.,OBV or price-volume behavior indicates distribution.,Trend is weak, but price has not entered a reduce zone or confirmed a breakdown.,Market volatility or broad trend calls for more cautious execution.,10Y yield backdrop is restrictive for rate-sensitive risk.",hold,hold
2026-09-10,GEV,long,stock,True,accumulate,accumulate,accumulate,accumulate,False,False,False,False,False,"confidence,risk",88,90,retained_v1_plus_zero_profile_confidence_and_declared_source_validation,"Volatility or extension risk is elevated.,OBV or price-volume behavior indicates distribution.,Primary MACD structure still confirms downside momentum.,Relative Strength is lagging its relevant benchmarks.,Upside is extended and marginal momentum/participation is weakening.",accumulate,accumulate
2026-09-10,GOOGL,short,stock,True,accumulate,accumulate,accumulate,accumulate,False,False,True,False,False,"confidence,risk",10,16,fixed_stock_short_v2_rebuild,primary_moving_average_structure_remains_bearish,accumulate,accumulate
2026-09-10,GOOGL,mid,stock,True,hold,hold,hold,hold,False,False,False,False,False,"confidence,risk",8,12,retained_v1_plus_zero_profile_confidence_and_declared_source_validation,"Primary MACD structure still confirms downside momentum.,Primary moving-average structure remains bearish.,OBV or price-volume behavior indicates distribution.,Relative Strength is lagging its relevant benchmarks.,Price is extended into layered resistance rather than support.",hold,hold
2026-09-10,GOOGL,long,stock,True,accumulate,accumulate,accumulate,accumulate,False,False,False,False,False,"confidence,risk",15,17,retained_v1_plus_zero_profile_confidence_and_declared_source_validation,"OBV or price-volume behavior indicates distribution.,Primary MACD structure still confirms downside momentum.,Price is extended into layered resistance rather than support.,Market volatility or broad trend calls for more cautious execution.,10Y yield backdrop is restrictive for rate-sensitive risk.",accumulate,accumulate
2026-09-10,GS,short,stock,True,hold,hold,hold,hold,False,False,True,False,False,"confidence,risk",11,17,fixed_stock_short_v2_rebuild,"v2_entry_unconfirmed,primary_moving_average_structure_remains_bearish",hold,hold
2026-09-10,GS,mid,stock,True,accumulate,accumulate,accumulate,accumulate,False,False,False,False,False,"confidence,risk",9,13,retained_v1_plus_zero_profile_confidence_and_declared_source_validation,"OBV or price-volume behavior indicates distribution.,Relative Strength is lagging its relevant benchmarks.,Market volatility or broad trend calls for more cautious execution.,10Y yield backdrop is restrictive for rate-sensitive risk.",accumulate,accumulate
2026-09-10,GS,long,stock,True,hold,hold,hold,hold,False,False,False,False,False,"confidence,risk",8,11,retained_v1_plus_zero_profile_confidence_and_declared_source_validation,"OBV or price-volume behavior indicates distribution.,Primary MACD structure still confirms downside momentum.,Upside is extended and marginal momentum/participation is weakening.,Current price is in the neutral space between actionable price zones.,Market volatility or broad trend calls for more cautious execution.",hold,hold
2026-09-10,HIMS,short,stock,True,hold,hold,trim,trim,False,False,True,False,False,"confidence,risk",12,18,fixed_stock_short_v2_rebuild,"v2_weak_resistance,primary_moving_average_structure_remains_bearish,relative_strength_is_lagging_its_relevant_benchmarks",hold,trim
2026-09-10,HIMS,mid,stock,True,hold,hold,hold,hold,False,False,False,False,False,"confidence,risk",12,16,retained_v1_plus_zero_profile_confidence_and_declared_source_validation,"Primary MACD structure still confirms downside momentum.,OBV or price-volume behavior indicates distribution.,Relative Strength is lagging its relevant benchmarks.,Primary moving-average structure remains bearish.,Trend is weak, but price has not entered a reduce zone or confirmed a breakdown.",hold,hold
2026-09-10,HIMS,long,stock,True,hold,hold,hold,hold,False,False,False,False,False,"confidence,risk",22,24,retained_v1_plus_zero_profile_confidence_and_declared_source_validation,"OBV or price-volume behavior indicates distribution.,Current price is in the neutral space between actionable price zones.,Market volatility or broad trend calls for more cautious execution.,10Y yield backdrop is restrictive for rate-sensitive risk.",hold,hold
2026-09-10,META,short,stock,True,hold,hold,hold,hold,False,False,True,False,False,"confidence,risk",15,21,fixed_stock_short_v2_rebuild,v2_trend_resistance,hold,hold
2026-09-10,META,mid,stock,True,hold,hold,hold,hold,False,False,False,False,False,"confidence,risk",12,16,retained_v1_plus_zero_profile_confidence_and_declared_source_validation,"Market volatility or broad trend calls for more cautious execution.,10Y yield backdrop is restrictive for rate-sensitive risk.",hold,hold
2026-09-10,META,long,stock,True,hold,hold,hold,hold,False,False,False,False,False,"confidence,risk",17,19,retained_v1_plus_zero_profile_confidence_and_declared_source_validation,"Current price is in the neutral space between actionable price zones.,Market volatility or broad trend calls for more cautious execution.,10Y yield backdrop is restrictive for rate-sensitive risk.",hold,hold
2026-09-10,MPT,short,stock,True,sell,sell,sell,sell,False,False,False,False,False,"confidence,risk",38,44,fixed_stock_short_v2_rebuild,"v2_break,primary_moving_average_structure_remains_bearish,relative_strength_is_lagging_its_relevant_benchmarks",sell,sell
2026-09-10,MPT,mid,stock,True,sell,sell,sell,sell,False,False,False,False,False,"confidence,risk",41,45,retained_v1_plus_zero_profile_confidence_and_declared_source_validation,"Primary moving-average structure remains bearish.,Relative Strength is lagging its relevant benchmarks.,Primary MACD structure still confirms downside momentum.,OBV or price-volume behavior indicates distribution.,A confirmed breakdown has invalidated the prior opportunity structure; exit is anchored near the current executable area.",sell,sell
2026-09-10,MPT,long,stock,True,sell,sell,sell,sell,False,False,False,False,False,"confidence,risk",18,20,retained_v1_plus_zero_profile_confidence_and_declared_source_validation,"Relative Strength is lagging its relevant benchmarks.,Primary MACD structure still confirms downside momentum.,Primary moving-average structure remains bearish.,OBV or price-volume behavior indicates distribution.,Price is extended into layered resistance rather than support.",sell,sell
2026-09-10,MSFT,short,stock,True,hold,hold,hold,hold,False,False,True,False,False,"confidence,risk",10,16,fixed_stock_short_v2_rebuild,v2_entry_unconfirmed,hold,hold
2026-09-10,MSFT,mid,stock,True,hold,hold,hold,hold,False,False,False,False,False,"confidence,risk",12,16,retained_v1_plus_zero_profile_confidence_and_declared_source_validation,"Primary MACD structure still confirms downside momentum.,Upside is extended and marginal momentum/participation is weakening.,Market volatility or broad trend calls for more cautious execution.,10Y yield backdrop is restrictive for rate-sensitive risk.",hold,hold
2026-09-10,MSFT,long,stock,True,hold,hold,hold,hold,False,False,False,False,False,"confidence,risk",12,14,retained_v1_plus_zero_profile_confidence_and_declared_source_validation,"OBV or price-volume behavior indicates distribution.,Market volatility or broad trend calls for more cautious execution.,10Y yield backdrop is restrictive for rate-sensitive risk.",hold,hold
2026-09-10,MU,short,stock,True,accumulate,accumulate,accumulate,accumulate,False,False,True,False,False,"confidence,risk",11,17,fixed_stock_short_v2_rebuild,,accumulate,accumulate
2026-09-10,MU,mid,stock,True,hold,hold,hold,hold,False,False,False,False,False,"confidence,risk",11,15,retained_v1_plus_zero_profile_confidence_and_declared_source_validation,"Relative Strength is lagging its relevant benchmarks.,Market volatility or broad trend calls for more cautious execution.,10Y yield backdrop is restrictive for rate-sensitive risk.",hold,hold
2026-09-10,MU,long,stock,True,hold,hold,hold,hold,False,False,False,False,False,"confidence,risk",29,31,retained_v1_plus_zero_profile_confidence_and_declared_source_validation,"OBV or price-volume behavior indicates distribution.,Market volatility or broad trend calls for more cautious execution.,10Y yield backdrop is restrictive for rate-sensitive risk.",hold,hold
2026-09-10,NFLX,short,stock,True,accumulate,accumulate,hold,hold,False,False,True,False,False,"confidence,risk",26,32,fixed_stock_short_v2_rebuild,"v2_entry_unconfirmed,primary_moving_average_structure_remains_bearish",accumulate,hold
2026-09-10,NFLX,mid,stock,True,hold,hold,hold,hold,False,False,False,False,False,"confidence,risk",8,12,retained_v1_plus_zero_profile_confidence_and_declared_source_validation,"OBV or price-volume behavior indicates distribution.,Primary MACD structure still confirms downside momentum.,Primary moving-average structure remains bearish.,Trend is weak, but price has not entered a reduce zone or confirmed a breakdown.,Market volatility or broad trend calls for more cautious execution.",hold,hold
2026-09-10,NFLX,long,stock,True,hold,hold,hold,hold,False,False,False,False,False,"confidence,risk",10,12,retained_v1_plus_zero_profile_confidence_and_declared_source_validation,"Relative Strength is lagging its relevant benchmarks.,Primary moving-average structure remains bearish.,Current price is in the neutral space between actionable price zones.,Market volatility or broad trend calls for more cautious execution.,10Y yield backdrop is restrictive for rate-sensitive risk.",hold,hold
2026-09-10,NOK,short,stock,True,hold,hold,accumulate,accumulate,False,False,False,False,False,"confidence,risk",11,17,fixed_stock_short_v2_rebuild,,hold,accumulate
2026-09-10,NOK,mid,stock,True,hold,hold,hold,hold,False,False,False,False,False,"confidence,risk",10,14,retained_v1_plus_zero_profile_confidence_and_declared_source_validation,"Relative Strength is lagging its relevant benchmarks.,Primary moving-average structure remains bearish.,Current price is in the neutral space between actionable price zones.,Market volatility or broad trend calls for more cautious execution.,10Y yield backdrop is restrictive for rate-sensitive risk.",hold,hold
2026-09-10,NOK,long,stock,True,hold,hold,hold,hold,False,False,False,False,False,"confidence,risk",31,33,retained_v1_plus_zero_profile_confidence_and_declared_source_validation,"OBV or price-volume behavior indicates distribution.,Price is approaching the reduce range but has not entered the recommended reduce/exit zone.,Market volatility or broad trend calls for more cautious execution.,10Y yield backdrop is restrictive for rate-sensitive risk.",hold,hold
2026-09-10,NOW,short,stock,True,hold,hold,hold,hold,False,False,True,False,False,"confidence,risk",11,17,fixed_stock_short_v2_rebuild,v2_entry_unconfirmed,hold,hold
2026-09-10,NOW,mid,stock,True,hold,hold,hold,hold,False,False,False,False,False,"confidence,risk",10,14,retained_v1_plus_zero_profile_confidence_and_declared_source_validation,"Primary MACD structure still confirms downside momentum.,Market volatility or broad trend calls for more cautious execution.,10Y yield backdrop is restrictive for rate-sensitive risk.",hold,hold
2026-09-10,NOW,long,stock,True,hold,hold,hold,hold,False,False,False,False,False,"confidence,risk",14,16,retained_v1_plus_zero_profile_confidence_and_declared_source_validation,"Market volatility or broad trend calls for more cautious execution.,10Y yield backdrop is restrictive for rate-sensitive risk.",hold,hold
2026-09-10,NVDA,short,stock,True,accumulate,accumulate,accumulate,accumulate,False,False,True,False,False,"confidence,risk",10,16,fixed_stock_short_v2_rebuild,,accumulate,accumulate
2026-09-10,NVDA,mid,stock,True,hold,hold,hold,hold,False,False,False,False,False,"confidence,risk",8,12,retained_v1_plus_zero_profile_confidence_and_declared_source_validation,"OBV or price-volume behavior indicates distribution.,Upside is extended and marginal momentum/participation is weakening.,Current price is in the neutral space between actionable price zones.,Market volatility or broad trend calls for more cautious execution.,10Y yield backdrop is restrictive for rate-sensitive risk.",hold,hold
2026-09-10,NVDA,long,stock,True,hold,hold,hold,hold,False,False,False,False,False,"confidence,risk",10,12,retained_v1_plus_zero_profile_confidence_and_declared_source_validation,"Price is approaching the reduce range but has not entered the recommended reduce/exit zone.,Market volatility or broad trend calls for more cautious execution.,10Y yield backdrop is restrictive for rate-sensitive risk.",hold,hold
2026-09-10,ORCL,short,stock,True,hold,hold,hold,hold,False,False,True,False,False,"confidence,risk",32,34,fixed_stock_short_v2_rebuild,v2_trend_resistance,hold,hold
2026-09-10,ORCL,mid,stock,True,hold,hold,hold,hold,False,False,False,False,False,confidence,28,28,retained_v1_plus_zero_profile_confidence_and_declared_source_validation,"Relative Strength is lagging its relevant benchmarks.,Current price is in the neutral space between actionable price zones.,Market volatility or broad trend calls for more cautious execution.,10Y yield backdrop is restrictive for rate-sensitive risk.,Earnings proximity raises event uncertainty.",hold,hold
2026-09-10,ORCL,long,stock,True,trim,trim,trim,trim,False,False,False,False,False,confidence,37,37,retained_v1_plus_zero_profile_confidence_and_declared_source_validation,"Relative Strength is lagging its relevant benchmarks.,Primary moving-average structure remains bearish.,Current price has reached the reduce zone; reduce exposure rather than add.,Market volatility or broad trend calls for more cautious execution.,10Y yield backdrop is restrictive for rate-sensitive risk.",trim,trim
2026-09-10,PLTR,short,stock,True,hold,hold,hold,hold,False,False,True,False,False,"confidence,risk",11,17,fixed_stock_short_v2_rebuild,"v2_entry_unconfirmed,primary_moving_average_structure_remains_bearish",hold,hold
2026-09-10,PLTR,mid,stock,True,accumulate,accumulate,accumulate,accumulate,False,False,False,False,False,"confidence,risk",10,14,retained_v1_plus_zero_profile_confidence_and_declared_source_validation,"OBV or price-volume behavior indicates distribution.,Primary MACD structure still confirms downside momentum.,Upside is extended and marginal momentum/participation is weakening.,Market volatility or broad trend calls for more cautious execution.,10Y yield backdrop is restrictive for rate-sensitive risk.",accumulate,accumulate
2026-09-10,PLTR,long,stock,True,hold,hold,hold,hold,False,False,False,False,False,"confidence,risk",16,18,retained_v1_plus_zero_profile_confidence_and_declared_source_validation,"Market volatility or broad trend calls for more cautious execution.,10Y yield backdrop is restrictive for rate-sensitive risk.",hold,hold
2026-09-10,QQQ,short,ETF,True,accumulate,accumulate,accumulate,accumulate,False,False,True,False,False,"confidence,risk",10,16,retained_v1_plus_zero_profile_confidence_and_declared_source_validation,"Primary MACD structure still confirms downside momentum.,Primary moving-average structure remains bearish.,Market volatility or broad trend calls for more cautious execution.,10Y yield backdrop is restrictive for rate-sensitive risk.",accumulate,accumulate
2026-09-10,QQQ,mid,ETF,True,accumulate,accumulate,accumulate,accumulate,False,False,False,False,False,"confidence,risk",7,11,retained_v1_plus_zero_profile_confidence_and_declared_source_validation,"OBV or price-volume behavior indicates distribution.,Relative Strength is lagging its relevant benchmarks.,Primary MACD structure still confirms downside momentum.,Market volatility or broad trend calls for more cautious execution.,10Y yield backdrop is restrictive for rate-sensitive risk.",accumulate,accumulate
2026-09-10,QQQ,long,ETF,True,hold,hold,hold,hold,False,False,False,False,False,"confidence,risk",11,13,retained_v1_plus_zero_profile_confidence_and_declared_source_validation,"Current price is in the neutral space between actionable price zones.,Market volatility or broad trend calls for more cautious execution.,10Y yield backdrop is restrictive for rate-sensitive risk.",hold,hold
2026-09-10,SOFI,short,stock,True,hold,hold,trim,trim,False,False,False,False,False,"confidence,risk",13,19,fixed_stock_short_v2_rebuild,"v2_weak_resistance,primary_moving_average_structure_remains_bearish",hold,trim
2026-09-10,SOFI,mid,stock,True,accumulate,accumulate,accumulate,accumulate,False,False,False,False,False,"confidence,risk",10,15,retained_v1_plus_zero_profile_confidence_and_declared_source_validation,"Primary MACD structure still confirms downside momentum.,OBV or price-volume behavior indicates distribution.,Market volatility or broad trend calls for more cautious execution.,10Y yield backdrop is restrictive for rate-sensitive risk.",accumulate,accumulate
2026-09-10,SOFI,long,stock,True,hold,hold,hold,hold,False,False,False,False,False,"confidence,risk",22,25,retained_v1_plus_zero_profile_confidence_and_declared_source_validation,"OBV or price-volume behavior indicates distribution.,Relative Strength is lagging its relevant benchmarks.,Primary moving-average structure remains bearish.,Current price is in the neutral space between actionable price zones.,Market volatility or broad trend calls for more cautious execution.",hold,hold
2026-09-10,SOXL,short,ETF,True,accumulate,accumulate,accumulate,accumulate,False,False,True,False,False,"confidence,risk",16,22,retained_v1_plus_zero_profile_confidence_and_declared_source_validation,"Relative Strength is lagging its relevant benchmarks.,Primary moving-average structure remains bearish.,Price is extended into layered resistance rather than support.,Market volatility or broad trend calls for more cautious execution.,10Y yield backdrop is restrictive for rate-sensitive risk.",accumulate,accumulate
2026-09-10,SOXL,mid,ETF,True,hold,hold,hold,hold,False,False,False,False,False,"confidence,risk",26,30,retained_v1_plus_zero_profile_confidence_and_declared_source_validation,"Relative Strength is lagging its relevant benchmarks.,Primary moving-average structure remains bearish.,Current price is in the neutral space between actionable price zones.,Market volatility or broad trend calls for more cautious execution.,10Y yield backdrop is restrictive for rate-sensitive risk.",hold,hold
2026-09-10,SOXL,long,ETF,True,hold,hold,hold,hold,False,False,False,False,False,"confidence,risk",94,96,retained_v1_plus_zero_profile_confidence_and_declared_source_validation,"Volatility or extension risk is elevated.,OBV or price-volume behavior indicates distribution.,Primary MACD structure still confirms downside momentum.,Upside is extended and marginal momentum/participation is weakening.,Current price is in the neutral space between actionable price zones.",hold,hold
2026-09-10,SOXS,short,ETF,True,hold,hold,hold,hold,False,False,True,False,False,"confidence,risk",16,22,retained_v1_plus_zero_profile_confidence_and_declared_source_validation,"Primary MACD structure still confirms downside momentum.,OBV or price-volume behavior indicates distribution.,Primary moving-average structure remains bearish.,Price is approaching the reduce range but has not entered the recommended reduce/exit zone.,Market volatility or broad trend calls for more cautious execution.",hold,hold
2026-09-10,SOXS,mid,ETF,True,hold,hold,hold,hold,False,False,False,False,False,"confidence,risk",44,48,retained_v1_plus_zero_profile_confidence_and_declared_source_validation,"Primary moving-average structure remains bearish.,OBV or price-volume behavior indicates distribution.,Upside is extended and marginal momentum/participation is weakening.,Trend is weak, but price has not entered a reduce zone or confirmed a breakdown.,Market volatility or broad trend calls for more cautious execution.",hold,hold
2026-09-10,SOXS,long,ETF,True,hold,hold,hold,hold,False,False,False,False,False,"confidence,risk",31,33,retained_v1_plus_zero_profile_confidence_and_declared_source_validation,"Relative Strength is lagging its relevant benchmarks.,Primary moving-average structure remains bearish.,Price is near the opportunity range but has not entered the recommended buy/add zone.,Market volatility or broad trend calls for more cautious execution.,10Y yield backdrop is restrictive for rate-sensitive risk.",hold,hold
2026-09-10,SPCX,short,stock,True,hold,hold,hold,hold,False,False,True,False,False,"confidence,risk",11,17,fixed_stock_short_v2_rebuild,v2_location,hold,hold
2026-09-10,SPCX,mid,stock,True,accumulate,accumulate,accumulate,accumulate,False,False,False,False,False,"confidence,risk",11,15,retained_v1_plus_zero_profile_confidence_and_declared_source_validation,"Relative Strength is lagging its relevant benchmarks.,OBV or price-volume behavior indicates distribution.,Market volatility or broad trend calls for more cautious execution.,10Y yield backdrop is restrictive for rate-sensitive risk.",accumulate,accumulate
2026-09-10,SPCX,long,stock,True,avoid,avoid,avoid,avoid,False,False,False,False,False,"confidence,risk",4,6,retained_v1_plus_zero_profile_confidence_and_declared_source_validation,"Price landscape quality is insufficient for an actionable recommendation.,Market volatility or broad trend calls for more cautious execution.,10Y yield backdrop is restrictive for rate-sensitive risk.",avoid,avoid
2026-09-10,SPMO,short,ETF,True,hold,hold,hold,hold,False,False,False,False,False,"confidence,risk",10,16,retained_v1_plus_zero_profile_confidence_and_declared_source_validation,"Current price is in the neutral space between actionable price zones.,Market volatility or broad trend calls for more cautious execution.,10Y yield backdrop is restrictive for rate-sensitive risk.",hold,hold
2026-09-10,SPMO,mid,ETF,True,hold,hold,hold,hold,False,False,False,False,False,"confidence,risk",7,11,retained_v1_plus_zero_profile_confidence_and_declared_source_validation,"Relative Strength is lagging its relevant benchmarks.,Current price is in the neutral space between actionable price zones.,Market volatility or broad trend calls for more cautious execution.,10Y yield backdrop is restrictive for rate-sensitive risk.",hold,hold
2026-09-10,SPMO,long,ETF,True,hold,hold,hold,hold,False,False,False,False,False,"confidence,risk",16,18,retained_v1_plus_zero_profile_confidence_and_declared_source_validation,"OBV or price-volume behavior indicates distribution.,Primary MACD structure still confirms downside momentum.,Upside is extended and marginal momentum/participation is weakening.,Current price is in the neutral space between actionable price zones.,Market volatility or broad trend calls for more cautious execution.",hold,hold
2026-09-10,SQQQ,short,ETF,True,hold,hold,hold,hold,False,False,False,False,True,"confidence,state,landscape,risk",14,20,retained_v1_plus_zero_profile_confidence_and_declared_source_validation,"OBV or price-volume behavior indicates distribution.,Price is approaching the reduce range but has not entered the recommended reduce/exit zone.,Market volatility or broad trend calls for more cautious execution.,10Y yield backdrop is restrictive for rate-sensitive risk.",hold,hold
2026-09-10,SQQQ,mid,ETF,True,trim,trim,trim,trim,False,False,False,False,False,"confidence,risk",10,14,retained_v1_plus_zero_profile_confidence_and_declared_source_validation,"Primary moving-average structure remains bearish.,Current price has reached the reduce zone; reduce exposure rather than add.,Market volatility or broad trend calls for more cautious execution.,10Y yield backdrop is restrictive for rate-sensitive risk.",trim,trim
2026-09-10,SQQQ,long,ETF,True,hold,hold,hold,hold,False,False,False,False,False,"confidence,risk",23,25,retained_v1_plus_zero_profile_confidence_and_declared_source_validation,"Relative Strength is lagging its relevant benchmarks.,Primary moving-average structure remains bearish.,OBV or price-volume behavior indicates distribution.,Price is near the opportunity range but has not entered the recommended buy/add zone.,Market volatility or broad trend calls for more cautious execution.",hold,hold
2026-09-10,TEM,short,stock,True,hold,hold,hold,hold,False,False,True,False,False,"confidence,risk",19,25,fixed_stock_short_v2_rebuild,v2_location,hold,hold
2026-09-10,TEM,mid,stock,True,hold,hold,hold,hold,False,False,False,False,False,"confidence,risk",13,17,retained_v1_plus_zero_profile_confidence_and_declared_source_validation,"Primary MACD structure still confirms downside momentum.,Current price is in the neutral space between actionable price zones.,Market volatility or broad trend calls for more cautious execution.,10Y yield backdrop is restrictive for rate-sensitive risk.",hold,hold
2026-09-10,TEM,long,stock,True,hold,hold,hold,hold,False,False,False,False,False,"confidence,risk",22,24,retained_v1_plus_zero_profile_confidence_and_declared_source_validation,"Market volatility or broad trend calls for more cautious execution.,10Y yield backdrop is restrictive for rate-sensitive risk.",hold,hold
2026-09-10,TQQQ,short,ETF,True,hold,hold,hold,hold,False,False,False,False,False,"confidence,risk",13,19,retained_v1_plus_zero_profile_confidence_and_declared_source_validation,"Primary MACD structure still confirms downside momentum.,Primary moving-average structure remains bearish.,Relative Strength is lagging its relevant benchmarks.,Trend is weak, but price has not entered a reduce zone or confirmed a breakdown.,Market volatility or broad trend calls for more cautious execution.",hold,hold
2026-09-10,TQQQ,mid,ETF,True,accumulate,accumulate,accumulate,accumulate,False,False,False,False,False,"confidence,risk",10,14,retained_v1_plus_zero_profile_confidence_and_declared_source_validation,"Relative Strength is lagging its relevant benchmarks.,Primary MACD structure still confirms downside momentum.,OBV or price-volume behavior indicates distribution.,Primary moving-average structure remains bearish.,Market volatility or broad trend calls for more cautious execution.",accumulate,accumulate
2026-09-10,TQQQ,long,ETF,True,hold,hold,hold,hold,False,False,False,False,False,"confidence,risk",27,29,retained_v1_plus_zero_profile_confidence_and_declared_source_validation,"Price is approaching the reduce range but has not entered the recommended reduce/exit zone.,Market volatility or broad trend calls for more cautious execution.,10Y yield backdrop is restrictive for rate-sensitive risk.",hold,hold
2026-09-10,TSLA,short,stock,True,hold,hold,accumulate,accumulate,False,False,True,False,False,"confidence,risk",11,17,fixed_stock_short_v2_rebuild,,hold,accumulate
2026-09-10,TSLA,mid,stock,True,hold,hold,hold,hold,False,False,False,False,False,"confidence,risk",9,13,retained_v1_plus_zero_profile_confidence_and_declared_source_validation,"Primary moving-average structure remains bearish.,Relative Strength is lagging its relevant benchmarks.,Current price is in the neutral space between actionable price zones.,Market volatility or broad trend calls for more cautious execution.,10Y yield backdrop is restrictive for rate-sensitive risk.",hold,hold
2026-09-10,TSLA,long,stock,True,hold,hold,hold,hold,False,False,False,False,False,"confidence,risk",17,19,retained_v1_plus_zero_profile_confidence_and_declared_source_validation,"OBV or price-volume behavior indicates distribution.,Relative Strength is lagging its relevant benchmarks.,Primary moving-average structure remains bearish.,Primary MACD structure still confirms downside momentum.,Trend is weak, but price has not entered a reduce zone or confirmed a breakdown.",hold,hold
2026-09-10,TSM,short,stock,True,accumulate,accumulate,accumulate,accumulate,False,False,True,False,False,"confidence,risk",11,17,fixed_stock_short_v2_rebuild,,accumulate,accumulate
2026-09-10,TSM,mid,stock,True,accumulate,accumulate,accumulate,accumulate,False,False,False,False,False,"confidence,risk",8,13,retained_v1_plus_zero_profile_confidence_and_declared_source_validation,"Market volatility or broad trend calls for more cautious execution.,10Y yield backdrop is restrictive for rate-sensitive risk.",accumulate,accumulate
2026-09-10,TSM,long,stock,True,hold,hold,hold,hold,False,False,False,False,False,"confidence,risk",14,17,retained_v1_plus_zero_profile_confidence_and_declared_source_validation,"Current price is in the neutral space between actionable price zones.,Market volatility or broad trend calls for more cautious execution.,10Y yield backdrop is restrictive for rate-sensitive risk.",hold,hold
2026-09-10,UNH,short,stock,True,hold,hold,trim,trim,False,False,True,False,False,"confidence,risk",9,15,fixed_stock_short_v2_rebuild,"v2_weak_resistance,primary_moving_average_structure_remains_bearish,relative_strength_is_lagging_its_relevant_benchmarks",hold,trim
2026-09-10,UNH,mid,stock,True,accumulate,accumulate,accumulate,accumulate,False,False,False,False,False,"confidence,risk",7,12,retained_v1_plus_zero_profile_confidence_and_declared_source_validation,"OBV or price-volume behavior indicates distribution.,Relative Strength is lagging its relevant benchmarks.,Primary moving-average structure remains bearish.,Market volatility or broad trend calls for more cautious execution.,10Y yield backdrop is restrictive for rate-sensitive risk.",accumulate,accumulate
2026-09-10,UNH,long,stock,True,accumulate,accumulate,accumulate,accumulate,False,False,False,False,False,"confidence,risk",8,10,retained_v1_plus_zero_profile_confidence_and_declared_source_validation,"OBV or price-volume behavior indicates distribution.,Primary MACD structure still confirms downside momentum.,Price is extended into layered resistance rather than support.,Upside is extended and marginal momentum/participation is weakening.,Market volatility or broad trend calls for more cautious execution.",accumulate,accumulate
2026-09-10,XE,short,stock,True,sell,sell,sell,sell,False,False,True,False,False,"confidence,risk",26,32,fixed_stock_short_v2_rebuild,"v2_weak_resistance,primary_moving_average_structure_remains_bearish,relative_strength_is_lagging_its_relevant_benchmarks",sell,sell
2026-09-10,XE,mid,stock,True,hold,hold,hold,hold,False,False,False,False,False,"confidence,risk",17,21,retained_v1_plus_zero_profile_confidence_and_declared_source_validation,"Relative Strength is lagging its relevant benchmarks.,Primary MACD structure still confirms downside momentum.,Primary moving-average structure remains bearish.,OBV or price-volume behavior indicates distribution.,Price is extended into layered resistance rather than support.",hold,hold
2026-09-10,XE,long,stock,True,hold,hold,hold,hold,False,False,False,False,False,"confidence,risk",22,24,retained_v1_plus_zero_profile_confidence_and_declared_source_validation,"OBV or price-volume behavior indicates distribution.,Current price is in the neutral space between actionable price zones.,Market volatility or broad trend calls for more cautious execution.,10Y yield backdrop is restrictive for rate-sensitive risk.",hold,hold
2026-09-10,ZETA,short,stock,True,accumulate,accumulate,hold,hold,False,False,False,False,False,"confidence,risk",11,17,fixed_stock_short_v2_rebuild,v2_entry_unconfirmed,accumulate,hold
2026-09-10,ZETA,mid,stock,True,accumulate,accumulate,accumulate,accumulate,False,False,False,False,False,"confidence,risk",16,20,retained_v1_plus_zero_profile_confidence_and_declared_source_validation,"Primary MACD structure still confirms downside momentum.,Market volatility or broad trend calls for more cautious execution.,10Y yield backdrop is restrictive for rate-sensitive risk.",accumulate,accumulate
2026-09-10,ZETA,long,stock,True,hold,hold,hold,hold,False,False,False,False,False,"confidence,risk",23,25,retained_v1_plus_zero_profile_confidence_and_declared_source_validation,"Market volatility or broad trend calls for more cautious execution.,10Y yield backdrop is restrictive for rate-sensitive risk.",hold,hold
2026-09-11,AAPL,short,stock,True,hold,hold,hold,hold,False,False,True,False,False,"confidence,risk",19,25,fixed_stock_short_v2_rebuild,v2_location,hold,hold
2026-09-11,AAPL,mid,stock,True,hold,hold,hold,hold,False,False,False,False,False,"confidence,risk",11,15,retained_v1_plus_zero_profile_confidence_and_declared_source_validation,"Market volatility or broad trend calls for more cautious execution.,10Y yield backdrop is restrictive for rate-sensitive risk.",hold,hold
2026-09-11,AAPL,long,stock,True,trim,trim,trim,trim,False,False,False,False,False,"confidence,risk",13,16,retained_v1_plus_zero_profile_confidence_and_declared_source_validation,"Current price has reached the reduce zone; reduce exposure rather than add.,Market volatility or broad trend calls for more cautious execution.,10Y yield backdrop is restrictive for rate-sensitive risk.",trim,trim
2026-09-11,AMD,short,stock,True,hold,hold,hold,hold,False,False,True,False,False,"confidence,risk",13,19,fixed_stock_short_v2_rebuild,v2_trend_resistance,hold,hold
2026-09-11,AMD,mid,stock,True,hold,hold,hold,hold,False,False,False,False,False,"confidence,risk",16,21,retained_v1_plus_zero_profile_confidence_and_declared_source_validation,"Market volatility or broad trend calls for more cautious execution.,10Y yield backdrop is restrictive for rate-sensitive risk.",hold,hold
2026-09-11,AMD,long,stock,True,hold,hold,hold,hold,False,False,False,False,False,"confidence,risk",22,25,retained_v1_plus_zero_profile_confidence_and_declared_source_validation,"OBV or price-volume behavior indicates distribution.,Primary MACD structure still confirms downside momentum.,Upside is extended and marginal momentum/participation is weakening.,Current price is in the neutral space between actionable price zones.,Market volatility or broad trend calls for more cautious execution.",hold,hold
2026-09-11,AMZN,short,stock,True,hold,hold,hold,hold,False,False,True,False,False,"confidence,risk",12,18,fixed_stock_short_v2_rebuild,"v2_location,primary_moving_average_structure_remains_bearish",hold,hold
2026-09-11,AMZN,mid,stock,True,accumulate,accumulate,accumulate,accumulate,False,False,False,False,False,"confidence,risk",8,12,retained_v1_plus_zero_profile_confidence_and_declared_source_validation,"Primary MACD structure still confirms downside momentum.,OBV or price-volume behavior indicates distribution.,Market volatility or broad trend calls for more cautious execution.,10Y yield backdrop is restrictive for rate-sensitive risk.",accumulate,accumulate
2026-09-11,AMZN,long,stock,True,hold,hold,hold,hold,False,False,False,False,False,"confidence,risk",10,12,retained_v1_plus_zero_profile_confidence_and_declared_source_validation,"Current price is in the neutral space between actionable price zones.,Market volatility or broad trend calls for more cautious execution.,10Y yield backdrop is restrictive for rate-sensitive risk.",hold,hold
2026-09-11,BABA,short,stock,True,hold,hold,hold,hold,False,False,True,False,False,"confidence,risk",13,19,fixed_stock_short_v2_rebuild,"v2_entry_unconfirmed,primary_moving_average_structure_remains_bearish,relative_strength_is_lagging_its_relevant_benchmarks",hold,hold
2026-09-11,BABA,mid,stock,True,sell,sell,sell,sell,False,False,False,False,False,"confidence,risk",13,17,retained_v1_plus_zero_profile_confidence_and_declared_source_validation,"Primary moving-average structure remains bearish.,Primary MACD structure still confirms downside momentum.,A confirmed breakdown has invalidated the prior opportunity structure; exit is anchored near the current executable area.,Market volatility or broad trend calls for more cautious execution.,10Y yield backdrop is restrictive for rate-sensitive risk.",sell,sell
2026-09-11,BABA,long,stock,True,hold,hold,hold,hold,False,False,False,False,False,"confidence,risk",19,21,retained_v1_plus_zero_profile_confidence_and_declared_source_validation,"Relative Strength is lagging its relevant benchmarks.,Primary moving-average structure remains bearish.,OBV or price-volume behavior indicates distribution.,Trend is weak, but price has not entered a reduce zone or confirmed a breakdown.,Market volatility or broad trend calls for more cautious execution.",hold,hold
2026-09-11,CRCL,short,stock,True,hold,hold,hold,hold,False,False,True,False,False,"confidence,risk",14,20,fixed_stock_short_v2_rebuild,v2_location,hold,hold
2026-09-11,CRCL,mid,stock,True,accumulate,accumulate,accumulate,accumulate,False,False,False,False,False,"confidence,risk",14,18,retained_v1_plus_zero_profile_confidence_and_declared_source_validation,"Primary MACD structure still confirms downside momentum.,Market volatility or broad trend calls for more cautious execution.,10Y yield backdrop is restrictive for rate-sensitive risk.",accumulate,accumulate
2026-09-11,CRCL,long,stock,True,hold,hold,hold,hold,False,False,False,False,False,"confidence,risk",23,26,retained_v1_plus_zero_profile_confidence_and_declared_source_validation,"Relative Strength is lagging its relevant benchmarks.,Current price is in the neutral space between actionable price zones.,Market volatility or broad trend calls for more cautious execution.,10Y yield backdrop is restrictive for rate-sensitive risk.",hold,hold
2026-09-11,FFAI,short,stock,True,accumulate,accumulate,hold,hold,False,False,False,False,False,"confidence,risk",41,47,fixed_stock_short_v2_rebuild,"v2_entry_unconfirmed,primary_moving_average_structure_remains_bearish,relative_strength_is_lagging_its_relevant_benchmarks",accumulate,hold
2026-09-11,FFAI,mid,stock,True,accumulate,accumulate,accumulate,accumulate,False,False,False,False,False,"confidence,risk",45,50,retained_v1_plus_zero_profile_confidence_and_declared_source_validation,"Relative Strength is lagging its relevant benchmarks.,Primary moving-average structure remains bearish.,OBV or price-volume behavior indicates distribution.,Price is extended into layered resistance rather than support.,Market volatility or broad trend calls for more cautious execution.",accumulate,accumulate
2026-09-11,FFAI,long,stock,True,accumulate,accumulate,accumulate,accumulate,False,False,False,False,False,"confidence,risk",89,91,retained_v1_plus_zero_profile_confidence_and_declared_source_validation,"Relative Strength is lagging its relevant benchmarks.,Primary moving-average structure remains bearish.,Volatility or extension risk is elevated.,OBV or price-volume behavior indicates distribution.,Price is extended into layered resistance rather than support.",accumulate,accumulate
2026-09-11,GEV,short,stock,True,hold,hold,hold,hold,False,False,True,False,False,"confidence,risk",11,17,fixed_stock_short_v2_rebuild,"v2_entry_unconfirmed,relative_strength_is_lagging_its_relevant_benchmarks",hold,trim
2026-09-11,GEV,mid,stock,True,hold,hold,hold,hold,False,False,False,False,False,"confidence,risk",10,15,retained_v1_plus_zero_profile_confidence_and_declared_source_validation,"Primary moving-average structure remains bearish.,OBV or price-volume behavior indicates distribution.,Relative Strength is lagging its relevant benchmarks.,Current price is in the neutral space between actionable price zones.,Market volatility or broad trend calls for more cautious execution.",hold,hold
2026-09-11,GEV,long,stock,True,hold,hold,hold,hold,False,False,False,False,False,"confidence,risk",22,25,retained_v1_plus_zero_profile_confidence_and_declared_source_validation,"OBV or price-volume behavior indicates distribution.,Primary MACD structure still confirms downside momentum.,Upside is extended and marginal momentum/participation is weakening.,Price is near the opportunity range but has not entered the recommended buy/add zone.,Market volatility or broad trend calls for more cautious execution.",hold,hold
2026-09-11,GOOGL,short,stock,True,hold,hold,hold,hold,False,False,True,False,False,"confidence,risk",10,16,fixed_stock_short_v2_rebuild,"v2_trend_resistance,primary_moving_average_structure_remains_bearish",hold,hold
2026-09-11,GOOGL,mid,stock,True,hold,hold,hold,hold,False,False,False,False,False,"confidence,risk",7,11,retained_v1_plus_zero_profile_confidence_and_declared_source_validation,"Primary moving-average structure remains bearish.,OBV or price-volume behavior indicates distribution.,Primary MACD structure still confirms downside momentum.,Relative Strength is lagging its relevant benchmarks.,Trend is weak, but price has not entered a reduce zone or confirmed a breakdown.",hold,hold
2026-09-11,GOOGL,long,stock,True,accumulate,accumulate,accumulate,accumulate,False,False,False,False,False,"confidence,risk",14,17,retained_v1_plus_zero_profile_confidence_and_declared_source_validation,"OBV or price-volume behavior indicates distribution.,Primary MACD structure still confirms downside momentum.,Market volatility or broad trend calls for more cautious execution.,10Y yield backdrop is restrictive for rate-sensitive risk.",accumulate,accumulate
2026-09-11,GS,short,stock,True,hold,hold,hold,hold,False,False,True,False,False,"confidence,risk",11,18,fixed_stock_short_v2_rebuild,v2_location,hold,hold
2026-09-11,GS,mid,stock,True,hold,hold,hold,hold,False,False,False,False,False,"confidence,risk",8,13,retained_v1_plus_zero_profile_confidence_and_declared_source_validation,"OBV or price-volume behavior indicates distribution.,Relative Strength is lagging its relevant benchmarks.,Current price is in the neutral space between actionable price zones.,Market volatility or broad trend calls for more cautious execution.,10Y yield backdrop is restrictive for rate-sensitive risk.",hold,hold
2026-09-11,GS,long,stock,True,hold,hold,hold,hold,False,False,False,False,False,"confidence,risk",8,11,retained_v1_plus_zero_profile_confidence_and_declared_source_validation,"OBV or price-volume behavior indicates distribution.,Primary MACD structure still confirms downside momentum.,Upside is extended and marginal momentum/participation is weakening.,Current price is in the neutral space between actionable price zones.,Market volatility or broad trend calls for more cautious execution.",hold,hold
2026-09-11,HIMS,short,stock,True,hold,hold,trim,trim,False,False,True,False,False,"confidence,risk",12,18,fixed_stock_short_v2_rebuild,"v2_weak_resistance,primary_moving_average_structure_remains_bearish,relative_strength_is_lagging_its_relevant_benchmarks",hold,trim
2026-09-11,HIMS,mid,stock,True,hold,hold,hold,hold,False,False,False,False,False,"confidence,risk",12,17,retained_v1_plus_zero_profile_confidence_and_declared_source_validation,"Primary MACD structure still confirms downside momentum.,Relative Strength is lagging its relevant benchmarks.,Primary moving-average structure remains bearish.,Trend is weak, but price has not entered a reduce zone or confirmed a breakdown.,Market volatility or broad trend calls for more cautious execution.",hold,hold
2026-09-11,HIMS,long,stock,True,hold,hold,hold,hold,False,False,False,False,False,"confidence,risk",22,25,retained_v1_plus_zero_profile_confidence_and_declared_source_validation,"Primary MACD structure still confirms downside momentum.,OBV or price-volume behavior indicates distribution.,Upside is extended and marginal momentum/participation is weakening.,Current price is in the neutral space between actionable price zones.,Market volatility or broad trend calls for more cautious execution.",hold,hold
2026-09-11,META,short,stock,True,hold,hold,hold,hold,False,False,True,False,False,"confidence,risk",15,21,fixed_stock_short_v2_rebuild,v2_location,hold,hold
2026-09-11,META,mid,stock,True,hold,hold,hold,hold,False,False,False,False,False,"confidence,risk",10,14,retained_v1_plus_zero_profile_confidence_and_declared_source_validation,"Market volatility or broad trend calls for more cautious execution.,10Y yield backdrop is restrictive for rate-sensitive risk.",hold,hold
2026-09-11,META,long,stock,True,hold,hold,hold,hold,False,False,False,False,False,"confidence,risk",16,19,retained_v1_plus_zero_profile_confidence_and_declared_source_validation,"Current price is in the neutral space between actionable price zones.,Market volatility or broad trend calls for more cautious execution.,10Y yield backdrop is restrictive for rate-sensitive risk.",hold,hold
2026-09-11,MPT,short,stock,True,sell,sell,sell,sell,False,False,False,False,False,"confidence,risk",23,30,fixed_stock_short_v2_rebuild,"v2_break,primary_moving_average_structure_remains_bearish,relative_strength_is_lagging_its_relevant_benchmarks",sell,sell
2026-09-11,MPT,mid,stock,True,sell,sell,sell,sell,False,False,False,False,False,"confidence,risk",38,43,retained_v1_plus_zero_profile_confidence_and_declared_source_validation,"Relative Strength is lagging its relevant benchmarks.,Primary moving-average structure remains bearish.,Primary MACD structure still confirms downside momentum.,OBV or price-volume behavior indicates distribution.,A confirmed breakdown has invalidated the prior opportunity structure; exit is anchored near the current executable area.",sell,sell
2026-09-11,MPT,long,stock,True,sell,sell,sell,sell,False,False,False,False,False,"confidence,risk",25,28,retained_v1_plus_zero_profile_confidence_and_declared_source_validation,"Relative Strength is lagging its relevant benchmarks.,Primary MACD structure still confirms downside momentum.,Primary moving-average structure remains bearish.,OBV or price-volume behavior indicates distribution.,Price is extended into layered resistance rather than support.",sell,sell
2026-09-11,MSFT,short,stock,True,hold,hold,hold,hold,False,False,True,False,False,"confidence,risk",10,16,fixed_stock_short_v2_rebuild,v2_location,hold,hold
2026-09-11,MSFT,mid,stock,True,accumulate,accumulate,accumulate,accumulate,False,False,False,False,False,"confidence,risk",14,19,retained_v1_plus_zero_profile_confidence_and_declared_source_validation,"Primary MACD structure still confirms downside momentum.,Market volatility or broad trend calls for more cautious execution.,10Y yield backdrop is restrictive for rate-sensitive risk.",accumulate,accumulate
2026-09-11,MSFT,long,stock,True,hold,hold,hold,hold,False,False,False,False,True,"confidence,state,landscape,risk",13,16,retained_v1_plus_zero_profile_confidence_and_declared_source_validation,"OBV or price-volume behavior indicates distribution.,Upside is extended and marginal momentum/participation is weakening.,Price is approaching the reduce range but has not entered the recommended reduce/exit zone.,Market volatility or broad trend calls for more cautious execution.,10Y yield backdrop is restrictive for rate-sensitive risk.",hold,hold
2026-09-11,MU,short,stock,True,accumulate,accumulate,hold,hold,False,False,True,False,False,"confidence,risk",12,18,fixed_stock_short_v2_rebuild,v2_location,accumulate,accumulate
2026-09-11,MU,mid,stock,True,hold,hold,hold,hold,False,False,False,False,False,"confidence,risk",10,15,retained_v1_plus_zero_profile_confidence_and_declared_source_validation,"OBV or price-volume behavior indicates distribution.,Relative Strength is lagging its relevant benchmarks.,Upside is extended and marginal momentum/participation is weakening.,Market volatility or broad trend calls for more cautious execution.,10Y yield backdrop is restrictive for rate-sensitive risk.",hold,hold
2026-09-11,MU,long,stock,True,hold,hold,hold,hold,False,False,False,False,False,"confidence,risk",25,28,retained_v1_plus_zero_profile_confidence_and_declared_source_validation,"OBV or price-volume behavior indicates distribution.,Primary MACD structure still confirms downside momentum.,Upside is extended and marginal momentum/participation is weakening.,Market volatility or broad trend calls for more cautious execution.,10Y yield backdrop is restrictive for rate-sensitive risk.",hold,hold
2026-09-11,NFLX,short,stock,True,hold,hold,hold,hold,False,False,True,False,False,"confidence,risk",17,23,fixed_stock_short_v2_rebuild,"v2_location,primary_moving_average_structure_remains_bearish",hold,hold
2026-09-11,NFLX,mid,stock,True,hold,hold,hold,hold,False,False,False,False,False,"confidence,risk",8,12,retained_v1_plus_zero_profile_confidence_and_declared_source_validation,"OBV or price-volume behavior indicates distribution.,Primary MACD structure still confirms downside momentum.,Primary moving-average structure remains bearish.,Trend is weak, but price has not entered a reduce zone or confirmed a breakdown.,Market volatility or broad trend calls for more cautious execution.",hold,hold
2026-09-11,NFLX,long,stock,True,hold,hold,hold,hold,False,False,False,False,False,"confidence,risk",9,11,retained_v1_plus_zero_profile_confidence_and_declared_source_validation,"Relative Strength is lagging its relevant benchmarks.,Primary moving-average structure remains bearish.,Current price is in the neutral space between actionable price zones.,Market volatility or broad trend calls for more cautious execution.,10Y yield backdrop is restrictive for rate-sensitive risk.",hold,hold
2026-09-11,NOK,short,stock,True,hold,hold,hold,hold,False,False,False,False,False,"confidence,risk",19,25,fixed_stock_short_v2_rebuild,v2_location,hold,hold
2026-09-11,NOK,mid,stock,True,hold,hold,hold,hold,False,False,False,False,False,"confidence,risk",20,24,retained_v1_plus_zero_profile_confidence_and_declared_source_validation,"Relative Strength is lagging its relevant benchmarks.,Primary moving-average structure remains bearish.,Current price is in the neutral space between actionable price zones.,Market volatility or broad trend calls for more cautious execution.,10Y yield backdrop is restrictive for rate-sensitive risk.",hold,hold
2026-09-11,NOK,long,stock,True,hold,hold,hold,hold,False,False,False,False,False,"confidence,risk",28,31,retained_v1_plus_zero_profile_confidence_and_declared_source_validation,"OBV or price-volume behavior indicates distribution.,Current price is in the neutral space between actionable price zones.,Market volatility or broad trend calls for more cautious execution.,10Y yield backdrop is restrictive for rate-sensitive risk.",hold,hold
2026-09-11,NOW,short,stock,True,trim,trim,hold,hold,False,False,True,False,False,"confidence,risk",12,18,fixed_stock_short_v2_rebuild,v2_trend_resistance,trim,hold
2026-09-11,NOW,mid,stock,True,hold,hold,hold,hold,False,False,False,False,False,"confidence,risk",11,15,retained_v1_plus_zero_profile_confidence_and_declared_source_validation,"Primary MACD structure still confirms downside momentum.,Current price is in the neutral space between actionable price zones.,Market volatility or broad trend calls for more cautious execution.,10Y yield backdrop is restrictive for rate-sensitive risk.",hold,hold
2026-09-11,NOW,long,stock,True,hold,hold,hold,hold,False,False,False,False,False,"confidence,risk",14,17,retained_v1_plus_zero_profile_confidence_and_declared_source_validation,"Market volatility or broad trend calls for more cautious execution.,10Y yield backdrop is restrictive for rate-sensitive risk.",hold,hold
2026-09-11,NVDA,short,stock,True,accumulate,accumulate,accumulate,accumulate,False,False,True,False,False,"confidence,risk",11,17,fixed_stock_short_v2_rebuild,,accumulate,accumulate
2026-09-11,NVDA,mid,stock,True,hold,hold,hold,hold,False,False,False,False,False,"confidence,risk",8,13,retained_v1_plus_zero_profile_confidence_and_declared_source_validation,"OBV or price-volume behavior indicates distribution.,Primary MACD structure still confirms downside momentum.,Current price is in the neutral space between actionable price zones.,Market volatility or broad trend calls for more cautious execution.,10Y yield backdrop is restrictive for rate-sensitive risk.",hold,hold
2026-09-11,NVDA,long,stock,True,hold,hold,hold,hold,False,False,False,False,False,"confidence,risk",13,16,retained_v1_plus_zero_profile_confidence_and_declared_source_validation,"Price is approaching the reduce range but has not entered the recommended reduce/exit zone.,Market volatility or broad trend calls for more cautious execution.,10Y yield backdrop is restrictive for rate-sensitive risk.",hold,hold
2026-09-11,ORCL,short,stock,True,hold,hold,trim,trim,False,False,True,False,False,"confidence,risk",23,29,fixed_stock_short_v2_rebuild,v2_weak_resistance,hold,trim
2026-09-11,ORCL,mid,stock,True,hold,hold,hold,hold,False,False,False,False,False,"confidence,risk",14,19,retained_v1_plus_zero_profile_confidence_and_declared_source_validation,"Relative Strength is lagging its relevant benchmarks.,OBV or price-volume behavior indicates distribution.,Primary moving-average structure remains bearish.,Current price is in the neutral space between actionable price zones.,Market volatility or broad trend calls for more cautious execution.",hold,hold
2026-09-11,ORCL,long,stock,True,hold,hold,hold,hold,False,False,False,False,False,"confidence,risk",23,26,retained_v1_plus_zero_profile_confidence_and_declared_source_validation,"OBV or price-volume behavior indicates distribution.,Relative Strength is lagging its relevant benchmarks.,Primary moving-average structure remains bearish.,Price is approaching the reduce range but has not entered the recommended reduce/exit zone.,Market volatility or broad trend calls for more cautious execution.",hold,hold
2026-09-11,PLTR,short,stock,True,accumulate,accumulate,hold,hold,False,False,True,False,False,"confidence,risk",11,17,fixed_stock_short_v2_rebuild,"v2_entry_unconfirmed,primary_moving_average_structure_remains_bearish",accumulate,hold
2026-09-11,PLTR,mid,stock,True,hold,hold,hold,hold,False,False,False,False,False,"confidence,risk",9,14,retained_v1_plus_zero_profile_confidence_and_declared_source_validation,"OBV or price-volume behavior indicates distribution.,Primary MACD structure still confirms downside momentum.,Price is near the opportunity range but has not entered the recommended buy/add zone.,Market volatility or broad trend calls for more cautious execution.,10Y yield backdrop is restrictive for rate-sensitive risk.",hold,hold
2026-09-11,PLTR,long,stock,True,hold,hold,hold,hold,False,False,False,False,False,"confidence,risk",15,18,retained_v1_plus_zero_profile_confidence_and_declared_source_validation,"Market volatility or broad trend calls for more cautious execution.,10Y yield backdrop is restrictive for rate-sensitive risk.",hold,hold
2026-09-11,QQQ,short,ETF,True,hold,hold,hold,hold,False,False,True,False,False,"confidence,risk",10,16,retained_v1_plus_zero_profile_confidence_and_declared_source_validation,"OBV or price-volume behavior indicates distribution.,Primary MACD structure still confirms downside momentum.,Upside is extended and marginal momentum/participation is weakening.,Current price is in the neutral space between actionable price zones.,Market volatility or broad trend calls for more cautious execution.",hold,hold
2026-09-11,QQQ,mid,ETF,True,hold,hold,hold,hold,False,False,False,False,False,"confidence,risk",7,11,retained_v1_plus_zero_profile_confidence_and_declared_source_validation,"OBV or price-volume behavior indicates distribution.,Price is near the opportunity range but has not entered the recommended buy/add zone.,Market volatility or broad trend calls for more cautious execution.,10Y yield backdrop is restrictive for rate-sensitive risk.",hold,hold
2026-09-11,QQQ,long,ETF,True,hold,hold,hold,hold,False,False,False,False,False,"confidence,risk",11,13,retained_v1_plus_zero_profile_confidence_and_declared_source_validation,"Primary MACD structure still confirms downside momentum.,Price is approaching the reduce range but has not entered the recommended reduce/exit zone.,Market volatility or broad trend calls for more cautious execution.,10Y yield backdrop is restrictive for rate-sensitive risk.",hold,hold
2026-09-11,SOFI,short,stock,True,hold,hold,hold,hold,False,False,False,False,False,"confidence,risk",12,19,fixed_stock_short_v2_rebuild,"v2_location,primary_moving_average_structure_remains_bearish",hold,hold
2026-09-11,SOFI,mid,stock,True,accumulate,accumulate,accumulate,accumulate,False,False,False,False,False,"confidence,risk",11,16,retained_v1_plus_zero_profile_confidence_and_declared_source_validation,"Primary MACD structure still confirms downside momentum.,OBV or price-volume behavior indicates distribution.,Market volatility or broad trend calls for more cautious execution.,10Y yield backdrop is restrictive for rate-sensitive risk.",accumulate,accumulate
2026-09-11,SOFI,long,stock,True,hold,hold,hold,hold,False,False,False,False,False,"confidence,risk",23,25,retained_v1_plus_zero_profile_confidence_and_declared_source_validation,"OBV or price-volume behavior indicates distribution.,Relative Strength is lagging its relevant benchmarks.,Primary moving-average structure remains bearish.,Current price is in the neutral space between actionable price zones.,Market volatility or broad trend calls for more cautious execution.",hold,hold
2026-09-11,SOXL,short,ETF,True,hold,hold,hold,hold,False,False,True,False,False,"confidence,risk",16,22,retained_v1_plus_zero_profile_confidence_and_declared_source_validation,"Relative Strength is lagging its relevant benchmarks.,Price is approaching the reduce range but has not entered the recommended reduce/exit zone.,Market volatility or broad trend calls for more cautious execution.,10Y yield backdrop is restrictive for rate-sensitive risk.",hold,hold
2026-09-11,SOXL,mid,ETF,True,hold,hold,hold,hold,False,False,False,False,False,"confidence,risk",17,21,retained_v1_plus_zero_profile_confidence_and_declared_source_validation,"Relative Strength is lagging its relevant benchmarks.,Primary moving-average structure remains bearish.,Current price is in the neutral space between actionable price zones.,Market volatility or broad trend calls for more cautious execution.,10Y yield backdrop is restrictive for rate-sensitive risk.",hold,hold
2026-09-11,SOXL,long,ETF,True,hold,hold,hold,hold,False,False,False,False,False,"confidence,risk",30,32,retained_v1_plus_zero_profile_confidence_and_declared_source_validation,"OBV or price-volume behavior indicates distribution.,Primary MACD structure still confirms downside momentum.,Current price is in the neutral space between actionable price zones.,Market volatility or broad trend calls for more cautious execution.,10Y yield backdrop is restrictive for rate-sensitive risk.",hold,hold
2026-09-11,SOXS,short,ETF,True,hold,hold,hold,hold,False,False,True,False,False,"confidence,risk",16,22,retained_v1_plus_zero_profile_confidence_and_declared_source_validation,"Primary MACD structure still confirms downside momentum.,OBV or price-volume behavior indicates distribution.,Primary moving-average structure remains bearish.,Price is extended into layered resistance rather than support.,Trend is weak, but price has not entered a reduce zone or confirmed a breakdown.",hold,hold
2026-09-11,SOXS,mid,ETF,True,hold,hold,hold,hold,False,False,False,False,False,"confidence,risk",44,48,retained_v1_plus_zero_profile_confidence_and_declared_source_validation,"Primary moving-average structure remains bearish.,OBV or price-volume behavior indicates distribution.,Upside is extended and marginal momentum/participation is weakening.,Trend is weak, but price has not entered a reduce zone or confirmed a breakdown.,Market volatility or broad trend calls for more cautious execution.",hold,hold
2026-09-11,SOXS,long,ETF,True,hold,hold,hold,hold,False,False,False,False,False,"confidence,risk",31,33,retained_v1_plus_zero_profile_confidence_and_declared_source_validation,"Relative Strength is lagging its relevant benchmarks.,Primary moving-average structure remains bearish.,Price is near the opportunity range but has not entered the recommended buy/add zone.,Market volatility or broad trend calls for more cautious execution.,10Y yield backdrop is restrictive for rate-sensitive risk.",hold,hold
2026-09-11,SPCX,short,stock,True,hold,hold,hold,hold,False,False,True,False,False,"confidence,risk",11,17,fixed_stock_short_v2_rebuild,v2_trend_resistance,hold,hold
2026-09-11,SPCX,mid,stock,True,accumulate,accumulate,accumulate,accumulate,False,False,False,False,False,"confidence,risk",11,15,retained_v1_plus_zero_profile_confidence_and_declared_source_validation,"Relative Strength is lagging its relevant benchmarks.,Market volatility or broad trend calls for more cautious execution.,10Y yield backdrop is restrictive for rate-sensitive risk.",accumulate,accumulate
2026-09-11,SPCX,long,stock,True,hold,hold,hold,hold,False,False,False,False,False,"confidence,risk",23,25,retained_v1_plus_zero_profile_confidence_and_declared_source_validation,"Current price is in the neutral space between actionable price zones.,Market volatility or broad trend calls for more cautious execution.,10Y yield backdrop is restrictive for rate-sensitive risk.",hold,hold
2026-09-11,SPMO,short,ETF,True,hold,hold,hold,hold,False,False,False,False,False,"confidence,risk",10,16,retained_v1_plus_zero_profile_confidence_and_declared_source_validation,"Price is near the opportunity range but has not entered the recommended buy/add zone.,Market volatility or broad trend calls for more cautious execution.,10Y yield backdrop is restrictive for rate-sensitive risk.",hold,hold
2026-09-11,SPMO,mid,ETF,True,hold,hold,hold,hold,False,False,False,False,False,"confidence,risk",7,11,retained_v1_plus_zero_profile_confidence_and_declared_source_validation,"Relative Strength is lagging its relevant benchmarks.,Current price is in the neutral space between actionable price zones.,Market volatility or broad trend calls for more cautious execution.,10Y yield backdrop is restrictive for rate-sensitive risk.",hold,hold
2026-09-11,SPMO,long,ETF,True,hold,hold,hold,hold,False,False,False,False,False,"confidence,risk",13,15,retained_v1_plus_zero_profile_confidence_and_declared_source_validation,"OBV or price-volume behavior indicates distribution.,Primary MACD structure still confirms downside momentum.,Upside is extended and marginal momentum/participation is weakening.,Current price is in the neutral space between actionable price zones.,Market volatility or broad trend calls for more cautious execution.",hold,hold
2026-09-11,SQQQ,short,ETF,True,hold,hold,hold,hold,False,False,False,False,False,"confidence,risk",12,18,retained_v1_plus_zero_profile_confidence_and_declared_source_validation,"OBV or price-volume behavior indicates distribution.,Current price is in the neutral space between actionable price zones.,Market volatility or broad trend calls for more cautious execution.,10Y yield backdrop is restrictive for rate-sensitive risk.",hold,hold
2026-09-11,SQQQ,mid,ETF,True,hold,hold,hold,hold,False,False,False,False,False,"confidence,risk",10,14,retained_v1_plus_zero_profile_confidence_and_declared_source_validation,"Primary moving-average structure remains bearish.,Current price is in the neutral space between actionable price zones.,Market volatility or broad trend calls for more cautious execution.,10Y yield backdrop is restrictive for rate-sensitive risk.",hold,hold
2026-09-11,SQQQ,long,ETF,True,hold,hold,hold,hold,False,False,False,False,False,"confidence,risk",23,25,retained_v1_plus_zero_profile_confidence_and_declared_source_validation,"Relative Strength is lagging its relevant benchmarks.,OBV or price-volume behavior indicates distribution.,Primary moving-average structure remains bearish.,Price is near the opportunity range but has not entered the recommended buy/add zone.,Market volatility or broad trend calls for more cautious execution.",hold,hold
2026-09-11,TEM,short,stock,True,accumulate,accumulate,hold,hold,False,False,True,False,False,"confidence,risk",14,20,fixed_stock_short_v2_rebuild,"v2_entry_unconfirmed,primary_moving_average_structure_remains_bearish",accumulate,hold
2026-09-11,TEM,mid,stock,True,hold,hold,hold,hold,False,False,False,False,False,"confidence,risk",13,18,retained_v1_plus_zero_profile_confidence_and_declared_source_validation,"Primary MACD structure still confirms downside momentum.,Current price is in the neutral space between actionable price zones.,Market volatility or broad trend calls for more cautious execution.,10Y yield backdrop is restrictive for rate-sensitive risk.",hold,hold
2026-09-11,TEM,long,stock,True,hold,hold,hold,hold,False,False,False,False,False,"confidence,risk",22,25,retained_v1_plus_zero_profile_confidence_and_declared_source_validation,"Market volatility or broad trend calls for more cautious execution.,10Y yield backdrop is restrictive for rate-sensitive risk.",hold,hold
2026-09-11,TQQQ,short,ETF,True,hold,hold,hold,hold,False,False,False,False,False,"confidence,risk",12,18,retained_v1_plus_zero_profile_confidence_and_declared_source_validation,"Primary MACD structure still confirms downside momentum.,Relative Strength is lagging its relevant benchmarks.,Primary moving-average structure remains bearish.,Current price is in the neutral space between actionable price zones.,Market volatility or broad trend calls for more cautious execution.",hold,hold
2026-09-11,TQQQ,mid,ETF,True,trim,trim,trim,trim,False,False,False,False,False,"confidence,risk",10,14,retained_v1_plus_zero_profile_confidence_and_declared_source_validation,"Relative Strength is lagging its relevant benchmarks.,OBV or price-volume behavior indicates distribution.,Primary MACD structure still confirms downside momentum.,Primary moving-average structure remains bearish.,Price is extended into layered resistance rather than support.",trim,trim
2026-09-11,TQQQ,long,ETF,True,hold,hold,hold,hold,False,False,False,False,False,"confidence,risk",27,29,retained_v1_plus_zero_profile_confidence_and_declared_source_validation,"Primary MACD structure still confirms downside momentum.,Current price is in the neutral space between actionable price zones.,Market volatility or broad trend calls for more cautious execution.,10Y yield backdrop is restrictive for rate-sensitive risk.",hold,hold
2026-09-11,TSLA,short,stock,True,hold,hold,accumulate,accumulate,False,False,True,False,False,"confidence,risk",12,18,fixed_stock_short_v2_rebuild,,hold,accumulate
2026-09-11,TSLA,mid,stock,True,hold,hold,hold,hold,False,False,False,False,False,"confidence,risk",10,14,retained_v1_plus_zero_profile_confidence_and_declared_source_validation,"Primary moving-average structure remains bearish.,Relative Strength is lagging its relevant benchmarks.,Current price is in the neutral space between actionable price zones.,Market volatility or broad trend calls for more cautious execution.,10Y yield backdrop is restrictive for rate-sensitive risk.",hold,hold
2026-09-11,TSLA,long,stock,True,hold,hold,hold,hold,False,False,False,False,False,"confidence,risk",13,15,retained_v1_plus_zero_profile_confidence_and_declared_source_validation,"Primary moving-average structure remains bearish.,Relative Strength is lagging its relevant benchmarks.,Primary MACD structure still confirms downside momentum.,Trend is weak, but price has not entered a reduce zone or confirmed a breakdown.,Market volatility or broad trend calls for more cautious execution.",hold,hold
2026-09-11,TSM,short,stock,True,hold,hold,accumulate,accumulate,False,False,True,False,False,"confidence,risk",11,17,fixed_stock_short_v2_rebuild,,hold,accumulate
2026-09-11,TSM,mid,stock,True,hold,hold,hold,hold,False,False,False,False,False,"confidence,risk",8,13,retained_v1_plus_zero_profile_confidence_and_declared_source_validation,"Price is near the opportunity range but has not entered the recommended buy/add zone.,Market volatility or broad trend calls for more cautious execution.,10Y yield backdrop is restrictive for rate-sensitive risk.",hold,hold
2026-09-11,TSM,long,stock,True,hold,hold,hold,hold,False,False,False,False,False,"confidence,risk",15,18,retained_v1_plus_zero_profile_confidence_and_declared_source_validation,"Current price is in the neutral space between actionable price zones.,Market volatility or broad trend calls for more cautious execution.,10Y yield backdrop is restrictive for rate-sensitive risk.",hold,hold
2026-09-11,UNH,short,stock,True,sell,sell,hold,hold,False,False,True,False,False,"confidence,risk",36,42,fixed_stock_short_v2_rebuild,"v2_entry_unconfirmed,primary_moving_average_structure_remains_bearish,relative_strength_is_lagging_its_relevant_benchmarks",sell,hold
2026-09-11,UNH,mid,stock,True,hold,hold,hold,hold,False,False,False,False,False,"confidence,risk",24,28,retained_v1_plus_zero_profile_confidence_and_declared_source_validation,"Primary MACD structure still confirms downside momentum.,OBV or price-volume behavior indicates distribution.,Relative Strength is lagging its relevant benchmarks.,Primary moving-average structure remains bearish.,Price is extended into layered resistance rather than support.",hold,hold
2026-09-11,UNH,long,stock,True,hold,hold,hold,hold,False,False,False,False,False,"confidence,risk",9,11,retained_v1_plus_zero_profile_confidence_and_declared_source_validation,"OBV or price-volume behavior indicates distribution.,Primary MACD structure still confirms downside momentum.,Price is extended into layered resistance rather than support.,Upside is extended and marginal momentum/participation is weakening.,Price is near the opportunity range but has not entered the recommended buy/add zone.",hold,hold
2026-09-11,XE,short,stock,True,avoid,avoid,hold,hold,False,False,True,False,False,"confidence,risk",27,33,fixed_stock_short_v2_rebuild,"v2_location,primary_moving_average_structure_remains_bearish,relative_strength_is_lagging_its_relevant_benchmarks",avoid,hold
2026-09-11,XE,mid,stock,True,sell,sell,sell,sell,False,False,False,False,False,"confidence,risk",35,39,retained_v1_plus_zero_profile_confidence_and_declared_source_validation,"Relative Strength is lagging its relevant benchmarks.,Primary MACD structure still confirms downside momentum.,Primary moving-average structure remains bearish.,OBV or price-volume behavior indicates distribution.,A confirmed breakdown has invalidated the prior opportunity structure; exit is anchored near the current executable area.",sell,sell
2026-09-11,XE,long,stock,True,hold,hold,hold,hold,False,False,False,False,False,"confidence,risk",23,26,retained_v1_plus_zero_profile_confidence_and_declared_source_validation,"OBV or price-volume behavior indicates distribution.,Current price is in the neutral space between actionable price zones.,Market volatility or broad trend calls for more cautious execution.,10Y yield backdrop is restrictive for rate-sensitive risk.",hold,hold
2026-09-11,ZETA,short,stock,True,hold,hold,hold,hold,False,False,True,False,False,"confidence,risk",12,18,fixed_stock_short_v2_rebuild,v2_entry_unconfirmed,hold,hold
2026-09-11,ZETA,mid,stock,True,accumulate,accumulate,accumulate,accumulate,False,False,False,False,False,"confidence,risk",16,20,retained_v1_plus_zero_profile_confidence_and_declared_source_validation,"Primary MACD structure still confirms downside momentum.,Market volatility or broad trend calls for more cautious execution.,10Y yield backdrop is restrictive for rate-sensitive risk.",accumulate,accumulate
2026-09-11,ZETA,long,stock,True,hold,hold,hold,hold,False,False,False,False,False,"confidence,risk",24,27,retained_v1_plus_zero_profile_confidence_and_declared_source_validation,"Market volatility or broad trend calls for more cautious execution.,10Y yield backdrop is restrictive for rate-sensitive risk.",hold,hold
2026-09-14,AAPL,short,stock,True,hold,hold,hold,hold,False,False,True,False,False,"confidence,risk",29,35,fixed_stock_short_v2_rebuild,v2_location,hold,hold
2026-09-14,AAPL,mid,stock,True,hold,hold,hold,hold,False,False,False,False,False,"confidence,risk",10,14,retained_v1_plus_zero_profile_confidence_and_declared_source_validation,"Market volatility or broad trend calls for more cautious execution.,10Y yield backdrop is restrictive for rate-sensitive risk.",hold,hold
2026-09-14,AAPL,long,stock,True,trim,trim,trim,trim,False,False,False,False,False,"confidence,risk",12,14,retained_v1_plus_zero_profile_confidence_and_declared_source_validation,"Current price has reached the reduce zone; reduce exposure rather than add.,Market volatility or broad trend calls for more cautious execution.,10Y yield backdrop is restrictive for rate-sensitive risk.",trim,trim
2026-09-14,AMD,short,stock,True,accumulate,accumulate,accumulate,accumulate,False,False,True,False,False,"confidence,risk",13,19,fixed_stock_short_v2_rebuild,relative_strength_is_lagging_its_relevant_benchmarks,accumulate,accumulate
2026-09-14,AMD,mid,stock,True,accumulate,accumulate,accumulate,accumulate,False,False,False,False,False,"confidence,risk",10,14,retained_v1_plus_zero_profile_confidence_and_declared_source_validation,"OBV or price-volume behavior indicates distribution.,Relative Strength is lagging its relevant benchmarks.,Market volatility or broad trend calls for more cautious execution.,10Y yield backdrop is restrictive for rate-sensitive risk.",accumulate,accumulate
2026-09-14,AMD,long,stock,True,hold,hold,hold,hold,False,False,False,False,False,"confidence,risk",22,25,retained_v1_plus_zero_profile_confidence_and_declared_source_validation,"OBV or price-volume behavior indicates distribution.,Primary MACD structure still confirms downside momentum.,Upside is extended and marginal momentum/participation is weakening.,Current price is in the neutral space between actionable price zones.,Market volatility or broad trend calls for more cautious execution.",hold,hold
2026-09-14,AMZN,short,stock,True,hold,hold,hold,hold,False,False,True,False,False,"confidence,risk",11,17,fixed_stock_short_v2_rebuild,"v2_location,primary_moving_average_structure_remains_bearish",hold,hold
2026-09-14,AMZN,mid,stock,True,accumulate,accumulate,accumulate,accumulate,False,False,False,False,False,"confidence,risk",9,13,retained_v1_plus_zero_profile_confidence_and_declared_source_validation,"Primary MACD structure still confirms downside momentum.,OBV or price-volume behavior indicates distribution.,Market volatility or broad trend calls for more cautious execution.,10Y yield backdrop is restrictive for rate-sensitive risk.",accumulate,accumulate
2026-09-14,AMZN,long,stock,True,hold,hold,hold,hold,False,False,False,False,False,"confidence,risk",10,12,retained_v1_plus_zero_profile_confidence_and_declared_source_validation,"Current price is in the neutral space between actionable price zones.,Market volatility or broad trend calls for more cautious execution.,10Y yield backdrop is restrictive for rate-sensitive risk.",hold,hold
2026-09-14,BABA,short,stock,True,hold,hold,hold,hold,False,False,True,False,False,"confidence,risk",11,17,fixed_stock_short_v2_rebuild,"v2_entry_unconfirmed,primary_moving_average_structure_remains_bearish,relative_strength_is_lagging_its_relevant_benchmarks",hold,hold
2026-09-14,BABA,mid,stock,True,sell,sell,sell,sell,False,False,False,False,False,"confidence,risk",12,16,retained_v1_plus_zero_profile_confidence_and_declared_source_validation,"Primary moving-average structure remains bearish.,Primary MACD structure still confirms downside momentum.,OBV or price-volume behavior indicates distribution.,A confirmed breakdown has invalidated the prior opportunity structure; exit is anchored near the current executable area.,Market volatility or broad trend calls for more cautious execution.",sell,sell
2026-09-14,BABA,long,stock,True,hold,hold,hold,hold,False,False,False,False,False,"confidence,risk",19,21,retained_v1_plus_zero_profile_confidence_and_declared_source_validation,"Relative Strength is lagging its relevant benchmarks.,Primary moving-average structure remains bearish.,OBV or price-volume behavior indicates distribution.,Trend is weak, but price has not entered a reduce zone or confirmed a breakdown.,Market volatility or broad trend calls for more cautious execution.",hold,hold
2026-09-14,CRCL,short,stock,True,hold,hold,hold,hold,False,False,True,False,False,"confidence,risk",13,20,fixed_stock_short_v2_rebuild,v2_location,hold,hold
2026-09-14,CRCL,mid,stock,True,hold,hold,hold,hold,False,False,False,False,False,"confidence,risk",13,18,retained_v1_plus_zero_profile_confidence_and_declared_source_validation,"Primary MACD structure still confirms downside momentum.,Current price is in the neutral space between actionable price zones.,Market volatility or broad trend calls for more cautious execution.,10Y yield backdrop is restrictive for rate-sensitive risk.",hold,hold
2026-09-14,CRCL,long,stock,True,hold,hold,hold,hold,False,False,False,False,False,"confidence,risk",23,26,retained_v1_plus_zero_profile_confidence_and_declared_source_validation,"Relative Strength is lagging its relevant benchmarks.,Current price is in the neutral space between actionable price zones.,Market volatility or broad trend calls for more cautious execution.,10Y yield backdrop is restrictive for rate-sensitive risk.",hold,hold
2026-09-14,GEV,short,stock,True,sell,sell,hold,hold,False,False,True,False,False,"confidence,risk",14,20,fixed_stock_short_v2_rebuild,"v2_entry_unconfirmed,primary_moving_average_structure_remains_bearish,relative_strength_is_lagging_its_relevant_benchmarks",sell,hold
2026-09-14,GEV,mid,stock,True,accumulate,accumulate,accumulate,accumulate,False,False,False,False,False,"confidence,risk",13,17,retained_v1_plus_zero_profile_confidence_and_declared_source_validation,"Primary moving-average structure remains bearish.,Relative Strength is lagging its relevant benchmarks.,Primary MACD structure still confirms downside momentum.,OBV or price-volume behavior indicates distribution.,Market volatility or broad trend calls for more cautious execution.",accumulate,accumulate
2026-09-14,GEV,long,stock,True,hold,hold,hold,hold,False,False,False,False,False,"confidence,risk",21,23,retained_v1_plus_zero_profile_confidence_and_declared_source_validation,"OBV or price-volume behavior indicates distribution.,Relative Strength is lagging its relevant benchmarks.,Primary MACD structure still confirms downside momentum.,Price is extended into layered resistance rather than support.,Current price is in the neutral space between actionable price zones.",hold,hold
2026-09-14,GOOGL,short,stock,True,hold,hold,hold,hold,False,False,True,False,False,"confidence,risk",31,37,fixed_stock_short_v2_rebuild,v2_location,hold,hold
2026-09-14,GOOGL,mid,stock,True,hold,hold,hold,hold,False,False,False,False,False,"confidence,risk",9,13,retained_v1_plus_zero_profile_confidence_and_declared_source_validation,"Primary moving-average structure remains bearish.,Current price is in the neutral space between actionable price zones.,Market volatility or broad trend calls for more cautious execution.,10Y yield backdrop is restrictive for rate-sensitive risk.",hold,hold
2026-09-14,GOOGL,long,stock,True,hold,hold,hold,hold,False,False,False,False,False,"confidence,risk",13,15,retained_v1_plus_zero_profile_confidence_and_declared_source_validation,"Primary MACD structure still confirms downside momentum.,OBV or price-volume behavior indicates distribution.,Price is near the opportunity range but has not entered the recommended buy/add zone.,Market volatility or broad trend calls for more cautious execution.,10Y yield backdrop is restrictive for rate-sensitive risk.",hold,hold
2026-09-14,GS,short,stock,True,sell,sell,hold,hold,False,False,True,False,False,"confidence,risk",18,26,fixed_stock_short_v2_rebuild,"v2_entry_unconfirmed,primary_moving_average_structure_remains_bearish,relative_strength_is_lagging_its_relevant_benchmarks",sell,hold
2026-09-14,GS,mid,stock,True,hold,hold,hold,hold,False,False,False,False,False,"confidence,risk",15,20,retained_v1_plus_zero_profile_confidence_and_declared_source_validation,"Primary MACD structure still confirms downside momentum.,OBV or price-volume behavior indicates distribution.,Relative Strength is lagging its relevant benchmarks.,Upside is extended and marginal momentum/participation is weakening.,Trend is weak, but price has not entered a reduce zone or confirmed a breakdown.",hold,hold
2026-09-14,GS,long,stock,True,hold,hold,hold,hold,False,False,False,False,False,"confidence,risk",9,11,retained_v1_plus_zero_profile_confidence_and_declared_source_validation,"OBV or price-volume behavior indicates distribution.,Primary MACD structure still confirms downside momentum.,Upside is extended and marginal momentum/participation is weakening.,Current price is in the neutral space between actionable price zones.,Market volatility or broad trend calls for more cautious execution.",hold,hold
2026-09-14,HIMS,short,stock,True,hold,hold,hold,hold,False,False,True,False,False,"confidence,risk",16,22,fixed_stock_short_v2_rebuild,v2_trend_resistance,hold,hold
2026-09-14,HIMS,mid,stock,True,trim,trim,trim,trim,False,False,False,False,False,"confidence,risk",12,16,retained_v1_plus_zero_profile_confidence_and_declared_source_validation,"Relative Strength is lagging its relevant benchmarks.,Primary MACD structure still confirms downside momentum.,Primary moving-average structure remains bearish.,Current price has reached the reduce zone; reduce exposure rather than add.,Market volatility or broad trend calls for more cautious execution.",trim,trim
2026-09-14,HIMS,long,stock,True,hold,hold,hold,hold,False,False,False,False,False,"confidence,risk",21,23,retained_v1_plus_zero_profile_confidence_and_declared_source_validation,"Primary MACD structure still confirms downside momentum.,OBV or price-volume behavior indicates distribution.,Upside is extended and marginal momentum/participation is weakening.,Current price is in the neutral space between actionable price zones.,Market volatility or broad trend calls for more cautious execution.",hold,hold
2026-09-14,LULU,short,stock,True,hold,hold,hold,hold,False,False,True,False,False,"confidence,risk",21,27,fixed_stock_short_v2_rebuild,"v2_location,primary_moving_average_structure_remains_bearish,relative_strength_is_lagging_its_relevant_benchmarks",hold,hold
2026-09-14,LULU,mid,stock,True,avoid,avoid,avoid,avoid,False,False,False,False,False,"confidence,risk",24,29,retained_v1_plus_zero_profile_confidence_and_declared_source_validation,"Primary MACD structure still confirms downside momentum.,Primary moving-average structure remains bearish.,OBV or price-volume behavior indicates distribution.,Relative Strength is lagging its relevant benchmarks.,Price landscape quality is insufficient for an actionable recommendation.",avoid,avoid
2026-09-14,LULU,long,stock,True,accumulate,accumulate,accumulate,accumulate,False,False,False,False,False,"confidence,risk",33,36,retained_v1_plus_zero_profile_confidence_and_declared_source_validation,"Relative Strength is lagging its relevant benchmarks.,Primary moving-average structure remains bearish.,OBV or price-volume behavior indicates distribution.,Price is extended into layered resistance rather than support.,Market volatility or broad trend calls for more cautious execution.",accumulate,accumulate
2026-09-14,META,short,stock,True,hold,hold,hold,hold,False,False,True,False,False,"confidence,risk",29,35,fixed_stock_short_v2_rebuild,v2_trend_resistance,hold,hold
2026-09-14,META,mid,stock,True,hold,hold,hold,hold,False,False,False,False,False,"confidence,risk",19,24,retained_v1_plus_zero_profile_confidence_and_declared_source_validation,"Price is approaching the reduce range but has not entered the recommended reduce/exit zone.,Market volatility or broad trend calls for more cautious execution.,10Y yield backdrop is restrictive for rate-sensitive risk.",hold,hold
2026-09-14,META,long,stock,True,hold,hold,hold,hold,False,False,False,False,False,"confidence,risk",16,19,retained_v1_plus_zero_profile_confidence_and_declared_source_validation,"Current price is in the neutral space between actionable price zones.,Market volatility or broad trend calls for more cautious execution.,10Y yield backdrop is restrictive for rate-sensitive risk.",hold,hold
2026-09-14,MPT,short,stock,True,sell,sell,sell,sell,False,False,False,False,False,"confidence,risk",33,40,fixed_stock_short_v2_rebuild,"v2_break,primary_moving_average_structure_remains_bearish,relative_strength_is_lagging_its_relevant_benchmarks",sell,sell
2026-09-14,MPT,mid,stock,True,sell,sell,sell,sell,False,False,False,False,False,"confidence,risk",36,41,retained_v1_plus_zero_profile_confidence_and_declared_source_validation,"Primary MACD structure still confirms downside momentum.,Primary moving-average structure remains bearish.,Relative Strength is lagging its relevant benchmarks.,OBV or price-volume behavior indicates distribution.,A confirmed breakdown has invalidated the prior opportunity structure; exit is anchored near the current executable area.",sell,sell
2026-09-14,MPT,long,stock,True,sell,sell,sell,sell,False,False,False,False,False,"confidence,risk",26,29,retained_v1_plus_zero_profile_confidence_and_declared_source_validation,"Relative Strength is lagging its relevant benchmarks.,Primary MACD structure still confirms downside momentum.,Primary moving-average structure remains bearish.,OBV or price-volume behavior indicates distribution.,Price is extended into layered resistance rather than support.",sell,sell
2026-09-14,MSFT,short,stock,True,hold,hold,hold,hold,False,False,True,False,False,"confidence,risk",18,24,fixed_stock_short_v2_rebuild,v2_location,hold,hold
2026-09-14,MSFT,mid,stock,True,hold,hold,hold,hold,False,False,False,False,False,"confidence,risk",26,30,retained_v1_plus_zero_profile_confidence_and_declared_source_validation,"Market volatility or broad trend calls for more cautious execution.,10Y yield backdrop is restrictive for rate-sensitive risk.",hold,hold
2026-09-14,MSFT,long,stock,True,hold,hold,hold,hold,False,False,False,False,False,"confidence,risk",13,15,retained_v1_plus_zero_profile_confidence_and_declared_source_validation,"OBV or price-volume behavior indicates distribution.,Upside is extended and marginal momentum/participation is weakening.,Market volatility or broad trend calls for more cautious execution.,10Y yield backdrop is restrictive for rate-sensitive risk.",hold,hold
2026-09-14,MU,short,stock,True,hold,hold,hold,hold,False,False,True,False,False,"confidence,risk",15,21,fixed_stock_short_v2_rebuild,"v2_entry_unconfirmed,relative_strength_is_lagging_its_relevant_benchmarks",hold,hold
2026-09-14,MU,mid,stock,True,accumulate,accumulate,accumulate,accumulate,False,False,False,False,False,"confidence,risk",11,15,retained_v1_plus_zero_profile_confidence_and_declared_source_validation,"Relative Strength is lagging its relevant benchmarks.,OBV or price-volume behavior indicates distribution.,Upside is extended and marginal momentum/participation is weakening.,Market volatility or broad trend calls for more cautious execution.,10Y yield backdrop is restrictive for rate-sensitive risk.",accumulate,accumulate
2026-09-14,MU,long,stock,True,hold,hold,hold,hold,False,False,False,False,False,"confidence,risk",25,28,retained_v1_plus_zero_profile_confidence_and_declared_source_validation,"OBV or price-volume behavior indicates distribution.,Primary MACD structure still confirms downside momentum.,Upside is extended and marginal momentum/participation is weakening.,Current price is in the neutral space between actionable price zones.,Market volatility or broad trend calls for more cautious execution.",hold,hold
2026-09-14,NFLX,short,stock,True,hold,hold,hold,hold,False,False,True,False,False,"confidence,risk",31,37,fixed_stock_short_v2_rebuild,v2_entry_unconfirmed,hold,hold
2026-09-14,NFLX,mid,stock,True,hold,hold,hold,hold,False,False,False,False,False,"confidence,risk",8,12,retained_v1_plus_zero_profile_confidence_and_declared_source_validation,"OBV or price-volume behavior indicates distribution.,Current price is in the neutral space between actionable price zones.,Market volatility or broad trend calls for more cautious execution.,10Y yield backdrop is restrictive for rate-sensitive risk.",hold,hold
2026-09-14,NFLX,long,stock,True,hold,hold,hold,hold,False,False,False,False,False,"confidence,risk",9,11,retained_v1_plus_zero_profile_confidence_and_declared_source_validation,"Relative Strength is lagging its relevant benchmarks.,Primary moving-average structure remains bearish.,Current price is in the neutral space between actionable price zones.,Market volatility or broad trend calls for more cautious execution.,10Y yield backdrop is restrictive for rate-sensitive risk.",hold,hold
2026-09-14,NOK,short,stock,True,hold,hold,hold,hold,False,False,False,False,False,"confidence,risk",17,23,fixed_stock_short_v2_rebuild,"v2_entry_unconfirmed,primary_moving_average_structure_remains_bearish,relative_strength_is_lagging_its_relevant_benchmarks",hold,hold
2026-09-14,NOK,mid,stock,True,accumulate,accumulate,accumulate,accumulate,False,False,False,False,False,"confidence,risk",14,18,retained_v1_plus_zero_profile_confidence_and_declared_source_validation,"Relative Strength is lagging its relevant benchmarks.,Primary moving-average structure remains bearish.,OBV or price-volume behavior indicates distribution.,Market volatility or broad trend calls for more cautious execution.,10Y yield backdrop is restrictive for rate-sensitive risk.",accumulate,accumulate
2026-09-14,NOK,long,stock,True,hold,hold,hold,hold,False,False,False,False,False,"confidence,risk",28,31,retained_v1_plus_zero_profile_confidence_and_declared_source_validation,"OBV or price-volume behavior indicates distribution.,Current price is in the neutral space between actionable price zones.,Market volatility or broad trend calls for more cautious execution.,10Y yield backdrop is restrictive for rate-sensitive risk.",hold,hold
2026-09-14,NOW,short,stock,True,hold,hold,hold,hold,False,False,True,False,False,"confidence,risk",31,37,fixed_stock_short_v2_rebuild,v2_location,hold,hold
2026-09-14,NOW,mid,stock,True,hold,hold,hold,hold,False,False,False,False,False,"confidence,risk",17,21,retained_v1_plus_zero_profile_confidence_and_declared_source_validation,"Primary MACD structure still confirms downside momentum.,Market volatility or broad trend calls for more cautious execution.,10Y yield backdrop is restrictive for rate-sensitive risk.",hold,hold
2026-09-14,NOW,long,stock,True,hold,hold,hold,hold,False,False,False,False,False,"confidence,risk",14,17,retained_v1_plus_zero_profile_confidence_and_declared_source_validation,"Market volatility or broad trend calls for more cautious execution.,10Y yield backdrop is restrictive for rate-sensitive risk.",hold,hold
2026-09-14,NVDA,short,stock,True,accumulate,accumulate,hold,hold,False,False,True,False,False,"confidence,risk",22,28,fixed_stock_short_v2_rebuild,"v2_entry_unconfirmed,primary_moving_average_structure_remains_bearish,relative_strength_is_lagging_its_relevant_benchmarks",accumulate,hold
2026-09-14,NVDA,mid,stock,True,hold,hold,hold,hold,False,False,False,False,False,"confidence,risk",10,14,retained_v1_plus_zero_profile_confidence_and_declared_source_validation,"OBV or price-volume behavior indicates distribution.,Primary MACD structure still confirms downside momentum.,Price is extended into layered resistance rather than support.,Current price is in the neutral space between actionable price zones.,Market volatility or broad trend calls for more cautious execution.",hold,hold
2026-09-14,NVDA,long,stock,True,hold,hold,hold,hold,False,False,False,False,False,"confidence,risk",13,16,retained_v1_plus_zero_profile_confidence_and_declared_source_validation,"Price is near the opportunity range but has not entered the recommended buy/add zone.,Market volatility or broad trend calls for more cautious execution.,10Y yield backdrop is restrictive for rate-sensitive risk.",hold,hold
2026-09-14,ORCL,short,stock,True,hold,hold,hold,hold,False,False,True,False,False,"confidence,risk",23,29,fixed_stock_short_v2_rebuild,v2_location,hold,hold
2026-09-14,ORCL,mid,stock,True,hold,hold,hold,hold,False,False,False,False,False,"confidence,risk",10,15,retained_v1_plus_zero_profile_confidence_and_declared_source_validation,"Relative Strength is lagging its relevant benchmarks.,OBV or price-volume behavior indicates distribution.,Primary moving-average structure remains bearish.,Trend is weak, but price has not entered a reduce zone or confirmed a breakdown.,Market volatility or broad trend calls for more cautious execution.",hold,hold
2026-09-14,ORCL,long,stock,True,hold,hold,hold,hold,False,False,False,False,False,"confidence,risk",20,23,retained_v1_plus_zero_profile_confidence_and_declared_source_validation,"Relative Strength is lagging its relevant benchmarks.,OBV or price-volume behavior indicates distribution.,Primary moving-average structure remains bearish.,Current price is in the neutral space between actionable price zones.,Market volatility or broad trend calls for more cautious execution.",hold,hold
2026-09-14,PLTR,short,stock,True,accumulate,accumulate,hold,hold,False,False,True,False,False,"confidence,risk",14,20,fixed_stock_short_v2_rebuild,v2_entry_unconfirmed,accumulate,hold
2026-09-14,PLTR,mid,stock,True,hold,hold,hold,hold,False,False,False,False,False,"confidence,risk",9,14,retained_v1_plus_zero_profile_confidence_and_declared_source_validation,"OBV or price-volume behavior indicates distribution.,Primary MACD structure still confirms downside momentum.,Upside is extended and marginal momentum/participation is weakening.,Market volatility or broad trend calls for more cautious execution.,10Y yield backdrop is restrictive for rate-sensitive risk.",hold,hold
2026-09-14,PLTR,long,stock,True,hold,hold,hold,hold,False,False,False,False,False,"confidence,risk",16,19,retained_v1_plus_zero_profile_confidence_and_declared_source_validation,"Price is approaching the reduce range but has not entered the recommended reduce/exit zone.,Market volatility or broad trend calls for more cautious execution.,10Y yield backdrop is restrictive for rate-sensitive risk.",hold,hold
2026-09-14,QQQ,short,ETF,True,hold,hold,hold,hold,False,False,True,False,False,"confidence,risk",10,16,retained_v1_plus_zero_profile_confidence_and_declared_source_validation,"Primary MACD structure still confirms downside momentum.,OBV or price-volume behavior indicates distribution.,Primary moving-average structure remains bearish.,Price is extended into layered resistance rather than support.,Trend is weak, but price has not entered a reduce zone or confirmed a breakdown.",hold,hold
2026-09-14,QQQ,mid,ETF,True,trim,trim,trim,trim,False,False,False,False,False,"confidence,risk",7,11,retained_v1_plus_zero_profile_confidence_and_declared_source_validation,"OBV or price-volume behavior indicates distribution.,Primary MACD structure still confirms downside momentum.,Current price has reached the reduce zone; reduce exposure rather than add.,Market volatility or broad trend calls for more cautious execution.,10Y yield backdrop is restrictive for rate-sensitive risk.",trim,trim
2026-09-14,QQQ,long,ETF,True,hold,hold,hold,hold,False,False,False,False,False,"confidence,risk",11,13,retained_v1_plus_zero_profile_confidence_and_declared_source_validation,"Primary MACD structure still confirms downside momentum.,Current price is in the neutral space between actionable price zones.,Market volatility or broad trend calls for more cautious execution.,10Y yield backdrop is restrictive for rate-sensitive risk.",hold,hold
2026-09-14,SOFI,short,stock,True,hold,hold,hold,hold,False,False,False,False,True,"confidence,state,landscape,risk",12,19,fixed_stock_short_v2_rebuild,"v2_location,primary_moving_average_structure_remains_bearish",hold,hold
2026-09-14,SOFI,mid,stock,True,hold,hold,hold,hold,False,False,False,False,False,"confidence,risk",11,16,retained_v1_plus_zero_profile_confidence_and_declared_source_validation,"Primary MACD structure still confirms downside momentum.,OBV or price-volume behavior indicates distribution.,Price is near the opportunity range but has not entered the recommended buy/add zone.,Market volatility or broad trend calls for more cautious execution.,10Y yield backdrop is restrictive for rate-sensitive risk.",hold,hold
2026-09-14,SOFI,long,stock,True,hold,hold,hold,hold,False,False,False,False,False,"confidence,risk",23,25,retained_v1_plus_zero_profile_confidence_and_declared_source_validation,"OBV or price-volume behavior indicates distribution.,Relative Strength is lagging its relevant benchmarks.,Primary moving-average structure remains bearish.,Current price is in the neutral space between actionable price zones.,Market volatility or broad trend calls for more cautious execution.",hold,hold
2026-09-14,SOXL,short,ETF,True,accumulate,accumulate,accumulate,accumulate,False,False,True,False,False,"confidence,risk",19,25,retained_v1_plus_zero_profile_confidence_and_declared_source_validation,"Relative Strength is lagging its relevant benchmarks.,Primary MACD structure still confirms downside momentum.,Primary moving-average structure remains bearish.,Price is extended into layered resistance rather than support.,Market volatility or broad trend calls for more cautious execution.",accumulate,accumulate
2026-09-14,SOXL,mid,ETF,True,accumulate,accumulate,accumulate,accumulate,False,False,False,False,False,"confidence,risk",30,34,retained_v1_plus_zero_profile_confidence_and_declared_source_validation,"Relative Strength is lagging its relevant benchmarks.,Primary moving-average structure remains bearish.,Market volatility or broad trend calls for more cautious execution.,10Y yield backdrop is restrictive for rate-sensitive risk.",accumulate,accumulate
2026-09-14,SOXL,long,ETF,True,hold,hold,hold,hold,False,False,False,False,False,"confidence,risk",30,32,retained_v1_plus_zero_profile_confidence_and_declared_source_validation,"OBV or price-volume behavior indicates distribution.,Primary MACD structure still confirms downside momentum.,Current price is in the neutral space between actionable price zones.,Market volatility or broad trend calls for more cautious execution.,10Y yield backdrop is restrictive for rate-sensitive risk.",hold,hold
2026-09-14,SOXS,short,ETF,True,hold,hold,hold,hold,False,False,True,False,False,"confidence,risk",27,33,retained_v1_plus_zero_profile_confidence_and_declared_source_validation,"OBV or price-volume behavior indicates distribution.,Market volatility or broad trend calls for more cautious execution.,10Y yield backdrop is restrictive for rate-sensitive risk.",hold,hold
2026-09-14,SOXS,mid,ETF,True,hold,hold,hold,hold,False,False,False,False,False,"confidence,risk",44,48,retained_v1_plus_zero_profile_confidence_and_declared_source_validation,"Primary moving-average structure remains bearish.,OBV or price-volume behavior indicates distribution.,Upside is extended and marginal momentum/participation is weakening.,Price is approaching the reduce range but has not entered the recommended reduce/exit zone.,Market volatility or broad trend calls for more cautious execution.",hold,hold
2026-09-14,SOXS,long,ETF,True,hold,hold,hold,hold,False,False,False,False,False,"confidence,risk",31,33,retained_v1_plus_zero_profile_confidence_and_declared_source_validation,"Relative Strength is lagging its relevant benchmarks.,Primary moving-average structure remains bearish.,Price is near the opportunity range but has not entered the recommended buy/add zone.,Market volatility or broad trend calls for more cautious execution.,10Y yield backdrop is restrictive for rate-sensitive risk.",hold,hold
2026-09-14,SPCX,short,stock,True,hold,hold,hold,hold,False,False,True,False,False,"confidence,risk",11,18,fixed_stock_short_v2_rebuild,v2_location,hold,hold
2026-09-14,SPCX,mid,stock,True,hold,hold,hold,hold,False,False,False,False,False,"confidence,risk",11,16,retained_v1_plus_zero_profile_confidence_and_declared_source_validation,"Relative Strength is lagging its relevant benchmarks.,Price is approaching the reduce range but has not entered the recommended reduce/exit zone.,Market volatility or broad trend calls for more cautious execution.,10Y yield backdrop is restrictive for rate-sensitive risk.",hold,hold
2026-09-14,SPCX,long,stock,True,hold,hold,hold,hold,False,False,False,False,False,"confidence,risk",23,26,retained_v1_plus_zero_profile_confidence_and_declared_source_validation,"Current price is in the neutral space between actionable price zones.,Market volatility or broad trend calls for more cautious execution.,10Y yield backdrop is restrictive for rate-sensitive risk.",hold,hold
2026-09-14,SPMO,short,ETF,True,accumulate,accumulate,accumulate,accumulate,False,False,False,False,False,"confidence,risk",13,19,retained_v1_plus_zero_profile_confidence_and_declared_source_validation,"Primary MACD structure still confirms downside momentum.,Primary moving-average structure remains bearish.,OBV or price-volume behavior indicates distribution.,Price is extended into layered resistance rather than support.,Relative Strength is lagging its relevant benchmarks.",accumulate,accumulate
2026-09-14,SPMO,mid,ETF,True,hold,hold,hold,hold,False,False,False,False,False,"confidence,risk",7,11,retained_v1_plus_zero_profile_confidence_and_declared_source_validation,"Primary MACD structure still confirms downside momentum.,OBV or price-volume behavior indicates distribution.,Relative Strength is lagging its relevant benchmarks.,Trend is weak, but price has not entered a reduce zone or confirmed a breakdown.,Market volatility or broad trend calls for more cautious execution.",hold,hold
2026-09-14,SPMO,long,ETF,True,hold,hold,hold,hold,False,False,False,False,False,"confidence,risk",13,15,retained_v1_plus_zero_profile_confidence_and_declared_source_validation,"OBV or price-volume behavior indicates distribution.,Primary MACD structure still confirms downside momentum.,Upside is extended and marginal momentum/participation is weakening.,Current price is in the neutral space between actionable price zones.,Market volatility or broad trend calls for more cautious execution.",hold,hold
2026-09-14,SQQQ,short,ETF,True,hold,hold,hold,hold,False,False,False,False,False,"confidence,risk",12,18,retained_v1_plus_zero_profile_confidence_and_declared_source_validation,"Market volatility or broad trend calls for more cautious execution.,10Y yield backdrop is restrictive for rate-sensitive risk.",hold,hold
2026-09-14,SQQQ,mid,ETF,True,trim,trim,trim,trim,False,False,False,False,False,"confidence,risk",10,14,retained_v1_plus_zero_profile_confidence_and_declared_source_validation,"Primary moving-average structure remains bearish.,Current price has reached the reduce zone; reduce exposure rather than add.,Market volatility or broad trend calls for more cautious execution.,10Y yield backdrop is restrictive for rate-sensitive risk.,Underlying direction conflicts with the inverse ETF technical setup.",trim,trim
2026-09-14,SQQQ,long,ETF,True,hold,hold,hold,hold,False,False,False,False,False,"confidence,risk",23,25,retained_v1_plus_zero_profile_confidence_and_declared_source_validation,"Relative Strength is lagging its relevant benchmarks.,OBV or price-volume behavior indicates distribution.,Primary moving-average structure remains bearish.,Price is near the opportunity range but has not entered the recommended buy/add zone.,Market volatility or broad trend calls for more cautious execution.",hold,hold
2026-09-14,TEM,short,stock,True,hold,hold,hold,hold,False,False,True,False,False,"confidence,risk",13,19,fixed_stock_short_v2_rebuild,v2_location,hold,hold
2026-09-14,TEM,mid,stock,True,hold,hold,hold,hold,False,False,False,False,False,"confidence,risk",13,18,retained_v1_plus_zero_profile_confidence_and_declared_source_validation,"Primary MACD structure still confirms downside momentum.,Current price is in the neutral space between actionable price zones.,Market volatility or broad trend calls for more cautious execution.,10Y yield backdrop is restrictive for rate-sensitive risk.",hold,hold
2026-09-14,TEM,long,stock,True,hold,hold,hold,hold,False,False,False,False,False,"confidence,risk",22,25,retained_v1_plus_zero_profile_confidence_and_declared_source_validation,"Market volatility or broad trend calls for more cautious execution.,10Y yield backdrop is restrictive for rate-sensitive risk.",hold,hold
2026-09-14,TQQQ,short,ETF,True,accumulate,accumulate,accumulate,accumulate,False,False,False,False,False,"confidence,risk",12,18,retained_v1_plus_zero_profile_confidence_and_declared_source_validation,"Primary MACD structure still confirms downside momentum.,OBV or price-volume behavior indicates distribution.,Primary moving-average structure remains bearish.,Relative Strength is lagging its relevant benchmarks.,Price is extended into layered resistance rather than support.",accumulate,accumulate
2026-09-14,TQQQ,mid,ETF,True,accumulate,accumulate,accumulate,accumulate,False,False,False,False,False,"confidence,risk",10,14,retained_v1_plus_zero_profile_confidence_and_declared_source_validation,"Primary MACD structure still confirms downside momentum.,OBV or price-volume behavior indicates distribution.,Relative Strength is lagging its relevant benchmarks.,Primary moving-average structure remains bearish.,Price is extended into layered resistance rather than support.",accumulate,accumulate
2026-09-14,TQQQ,long,ETF,True,hold,hold,hold,hold,False,False,False,False,False,"confidence,risk",27,29,retained_v1_plus_zero_profile_confidence_and_declared_source_validation,"Primary MACD structure still confirms downside momentum.,Price is near the opportunity range but has not entered the recommended buy/add zone.,Market volatility or broad trend calls for more cautious execution.,10Y yield backdrop is restrictive for rate-sensitive risk.",hold,hold
2026-09-14,TSLA,short,stock,True,accumulate,accumulate,hold,hold,False,False,True,False,False,"confidence,risk",12,18,fixed_stock_short_v2_rebuild,v2_entry_unconfirmed,accumulate,hold
2026-09-14,TSLA,mid,stock,True,hold,hold,hold,hold,False,False,False,False,False,"confidence,risk",10,15,retained_v1_plus_zero_profile_confidence_and_declared_source_validation,"Primary moving-average structure remains bearish.,Relative Strength is lagging its relevant benchmarks.,Current price is in the neutral space between actionable price zones.,Market volatility or broad trend calls for more cautious execution.,10Y yield backdrop is restrictive for rate-sensitive risk.",hold,hold
2026-09-14,TSLA,long,stock,True,hold,hold,hold,hold,False,False,False,False,False,"confidence,risk",13,15,retained_v1_plus_zero_profile_confidence_and_declared_source_validation,"Relative Strength is lagging its relevant benchmarks.,Primary moving-average structure remains bearish.,Primary MACD structure still confirms downside momentum.,Trend is weak, but price has not entered a reduce zone or confirmed a breakdown.,Market volatility or broad trend calls for more cautious execution.",hold,hold
2026-09-14,TSM,short,stock,True,hold,hold,hold,hold,False,False,True,False,False,"confidence,risk",11,17,fixed_stock_short_v2_rebuild,v2_trend_resistance,hold,hold
2026-09-14,TSM,mid,stock,True,hold,hold,hold,hold,False,False,False,False,False,"confidence,risk",9,13,retained_v1_plus_zero_profile_confidence_and_declared_source_validation,"Relative Strength is lagging its relevant benchmarks.,Current price is in the neutral space between actionable price zones.,Market volatility or broad trend calls for more cautious execution.,10Y yield backdrop is restrictive for rate-sensitive risk.",hold,hold
2026-09-14,TSM,long,stock,True,hold,hold,hold,hold,False,False,False,False,False,"confidence,risk",15,18,retained_v1_plus_zero_profile_confidence_and_declared_source_validation,"Price is near the opportunity range but has not entered the recommended buy/add zone.,Market volatility or broad trend calls for more cautious execution.,10Y yield backdrop is restrictive for rate-sensitive risk.",hold,hold
2026-09-14,UNH,short,stock,True,hold,hold,hold,hold,False,False,True,False,False,"confidence,risk",17,23,fixed_stock_short_v2_rebuild,"v2_location,primary_moving_average_structure_remains_bearish,relative_strength_is_lagging_its_relevant_benchmarks",hold,hold
2026-09-14,UNH,mid,stock,True,sell,sell,sell,sell,False,False,False,False,False,"confidence,risk",8,12,retained_v1_plus_zero_profile_confidence_and_declared_source_validation,"Primary MACD structure still confirms downside momentum.,OBV or price-volume behavior indicates distribution.,Primary moving-average structure remains bearish.,Price is extended into layered resistance rather than support.,Relative Strength is lagging its relevant benchmarks.",sell,sell
2026-09-14,UNH,long,stock,True,accumulate,accumulate,accumulate,accumulate,False,False,False,False,False,"confidence,risk",9,11,retained_v1_plus_zero_profile_confidence_and_declared_source_validation,"OBV or price-volume behavior indicates distribution.,Primary MACD structure still confirms downside momentum.,Price is extended into layered resistance rather than support.,Upside is extended and marginal momentum/participation is weakening.,Market volatility or broad trend calls for more cautious execution.",accumulate,accumulate
2026-09-14,XE,short,stock,True,hold,hold,hold,hold,False,False,True,False,False,"confidence,risk",15,21,fixed_stock_short_v2_rebuild,"v2_location,primary_moving_average_structure_remains_bearish,relative_strength_is_lagging_its_relevant_benchmarks",hold,hold
2026-09-14,XE,mid,stock,True,hold,hold,hold,hold,False,False,False,False,False,"confidence,risk",17,22,retained_v1_plus_zero_profile_confidence_and_declared_source_validation,"Relative Strength is lagging its relevant benchmarks.,Primary MACD structure still confirms downside momentum.,Primary moving-average structure remains bearish.,OBV or price-volume behavior indicates distribution.,Trend is weak, but price has not entered a reduce zone or confirmed a breakdown.",hold,hold
2026-09-14,XE,long,stock,True,hold,hold,hold,hold,False,False,False,False,False,"confidence,risk",24,27,retained_v1_plus_zero_profile_confidence_and_declared_source_validation,"OBV or price-volume behavior indicates distribution.,Current price is in the neutral space between actionable price zones.,Market volatility or broad trend calls for more cautious execution.,10Y yield backdrop is restrictive for rate-sensitive risk.",hold,hold
2026-09-14,ZETA,short,stock,True,hold,hold,hold,hold,False,False,True,False,False,"confidence,risk",11,17,fixed_stock_short_v2_rebuild,v2_location,hold,hold
2026-09-14,ZETA,mid,stock,True,hold,hold,hold,hold,False,False,False,False,False,"confidence,risk",17,22,retained_v1_plus_zero_profile_confidence_and_declared_source_validation,"Primary MACD structure still confirms downside momentum.,Market volatility or broad trend calls for more cautious execution.,10Y yield backdrop is restrictive for rate-sensitive risk.",hold,hold
2026-09-14,ZETA,long,stock,True,hold,hold,hold,hold,False,False,False,False,False,"confidence,risk",26,29,retained_v1_plus_zero_profile_confidence_and_declared_source_validation,"Market volatility or broad trend calls for more cautious execution.,10Y yield backdrop is restrictive for rate-sensitive risk.",hold,hold
2026-09-15,AAPL,short,stock,True,hold,hold,hold,hold,False,False,True,False,False,"confidence,risk",10,16,fixed_stock_short_v2_rebuild,v2_trend_resistance,hold,hold
2026-09-15,AAPL,mid,stock,True,hold,hold,hold,hold,False,False,False,False,False,"confidence,risk",9,13,retained_v1_plus_zero_profile_confidence_and_declared_source_validation,"Market volatility or broad trend calls for more cautious execution.,10Y yield backdrop is restrictive for rate-sensitive risk.",hold,hold
2026-09-15,AAPL,long,stock,True,hold,hold,hold,hold,False,False,False,False,False,"confidence,risk",12,14,retained_v1_plus_zero_profile_confidence_and_declared_source_validation,"Price is approaching the reduce range but has not entered the recommended reduce/exit zone.,Market volatility or broad trend calls for more cautious execution.,10Y yield backdrop is restrictive for rate-sensitive risk.",hold,hold
2026-09-15,AMD,short,stock,True,hold,hold,hold,hold,False,False,True,False,False,"confidence,risk",13,19,fixed_stock_short_v2_rebuild,v2_location,hold,hold
2026-09-15,AMD,mid,stock,True,accumulate,accumulate,accumulate,accumulate,False,False,False,False,False,"confidence,risk",10,14,retained_v1_plus_zero_profile_confidence_and_declared_source_validation,"Relative Strength is lagging its relevant benchmarks.,Market volatility or broad trend calls for more cautious execution.,10Y yield backdrop is restrictive for rate-sensitive risk.",accumulate,accumulate
2026-09-15,AMD,long,stock,True,hold,hold,hold,hold,False,False,False,False,False,"confidence,risk",22,25,retained_v1_plus_zero_profile_confidence_and_declared_source_validation,"OBV or price-volume behavior indicates distribution.,Primary MACD structure still confirms downside momentum.,Upside is extended and marginal momentum/participation is weakening.,Current price is in the neutral space between actionable price zones.,Market volatility or broad trend calls for more cautious execution.",hold,hold
2026-09-15,AMZN,short,stock,True,sell,sell,hold,hold,False,False,True,False,False,"confidence,risk",14,20,fixed_stock_short_v2_rebuild,"v2_location,primary_moving_average_structure_remains_bearish,relative_strength_is_lagging_its_relevant_benchmarks",sell,hold
2026-09-15,AMZN,mid,stock,True,hold,hold,hold,hold,False,False,False,False,False,"confidence,risk",12,16,retained_v1_plus_zero_profile_confidence_and_declared_source_validation,"Primary MACD structure still confirms downside momentum.,OBV or price-volume behavior indicates distribution.,Price is approaching the reduce range but has not entered the recommended reduce/exit zone.,Market volatility or broad trend calls for more cautious execution.,10Y yield backdrop is restrictive for rate-sensitive risk.",hold,hold
2026-09-15,AMZN,long,stock,True,hold,hold,hold,hold,False,False,False,False,False,"confidence,risk",10,12,retained_v1_plus_zero_profile_confidence_and_declared_source_validation,"Price is near the opportunity range but has not entered the recommended buy/add zone.,Market volatility or broad trend calls for more cautious execution.,10Y yield backdrop is restrictive for rate-sensitive risk.",hold,hold
2026-09-15,BABA,short,stock,True,hold,hold,hold,hold,False,False,True,False,False,"confidence,risk",11,17,fixed_stock_short_v2_rebuild,"v2_entry_unconfirmed,primary_moving_average_structure_remains_bearish,relative_strength_is_lagging_its_relevant_benchmarks",hold,hold
2026-09-15,BABA,mid,stock,True,sell,sell,sell,sell,False,False,False,False,False,"confidence,risk",12,16,retained_v1_plus_zero_profile_confidence_and_declared_source_validation,"Primary moving-average structure remains bearish.,Primary MACD structure still confirms downside momentum.,OBV or price-volume behavior indicates distribution.,A confirmed breakdown has invalidated the prior opportunity structure; exit is anchored near the current executable area.,Market volatility or broad trend calls for more cautious execution.",sell,sell
2026-09-15,BABA,long,stock,True,hold,hold,hold,hold,False,False,False,False,False,"confidence,risk",19,21,retained_v1_plus_zero_profile_confidence_and_declared_source_validation,"Relative Strength is lagging its relevant benchmarks.,Primary moving-average structure remains bearish.,OBV or price-volume behavior indicates distribution.,Trend is weak, but price has not entered a reduce zone or confirmed a breakdown.,Market volatility or broad trend calls for more cautious execution.",hold,hold
2026-09-15,CRCL,short,stock,True,accumulate,accumulate,hold,hold,False,False,True,False,False,"confidence,risk",25,32,fixed_stock_short_v2_rebuild,v2_entry_unconfirmed,accumulate,hold
2026-09-15,CRCL,mid,stock,True,hold,hold,hold,hold,False,False,False,False,False,"confidence,risk",15,20,retained_v1_plus_zero_profile_confidence_and_declared_source_validation,"Primary MACD structure still confirms downside momentum.,Current price is in the neutral space between actionable price zones.,Market volatility or broad trend calls for more cautious execution.,10Y yield backdrop is restrictive for rate-sensitive risk.",hold,hold
2026-09-15,CRCL,long,stock,True,hold,hold,hold,hold,False,False,False,False,False,"confidence,risk",23,26,retained_v1_plus_zero_profile_confidence_and_declared_source_validation,"Relative Strength is lagging its relevant benchmarks.,Current price is in the neutral space between actionable price zones.,Market volatility or broad trend calls for more cautious execution.,10Y yield backdrop is restrictive for rate-sensitive risk.",hold,hold
2026-09-15,GEV,short,stock,True,accumulate,accumulate,hold,hold,False,False,True,False,False,"confidence,risk",11,17,fixed_stock_short_v2_rebuild,"v2_entry_unconfirmed,primary_moving_average_structure_remains_bearish,relative_strength_is_lagging_its_relevant_benchmarks",accumulate,hold
2026-09-15,GEV,mid,stock,True,accumulate,accumulate,accumulate,accumulate,False,False,False,False,False,"confidence,risk",12,16,retained_v1_plus_zero_profile_confidence_and_declared_source_validation,"Primary moving-average structure remains bearish.,Primary MACD structure still confirms downside momentum.,Relative Strength is lagging its relevant benchmarks.,OBV or price-volume behavior indicates distribution.,Market volatility or broad trend calls for more cautious execution.",accumulate,accumulate
2026-09-15,GEV,long,stock,True,hold,hold,hold,hold,False,False,False,False,False,"confidence,risk",21,23,retained_v1_plus_zero_profile_confidence_and_declared_source_validation,"OBV or price-volume behavior indicates distribution.,Relative Strength is lagging its relevant benchmarks.,Primary MACD structure still confirms downside momentum.,Price is extended into layered resistance rather than support.,Current price is in the neutral space between actionable price zones.",hold,hold
2026-09-15,GOOGL,short,stock,True,hold,hold,accumulate,accumulate,False,False,True,False,True,"confidence,landscape,risk",10,16,fixed_stock_short_v2_rebuild,,hold,accumulate
2026-09-15,GOOGL,mid,stock,True,accumulate,accumulate,accumulate,accumulate,False,False,False,False,False,"confidence,risk",12,16,retained_v1_plus_zero_profile_confidence_and_declared_source_validation,"OBV or price-volume behavior indicates distribution.,Primary moving-average structure remains bearish.,Relative Strength is lagging its relevant benchmarks.,Market volatility or broad trend calls for more cautious execution.,10Y yield backdrop is restrictive for rate-sensitive risk.",accumulate,accumulate
2026-09-15,GOOGL,long,stock,True,hold,hold,hold,hold,False,False,False,False,False,"confidence,risk",13,15,retained_v1_plus_zero_profile_confidence_and_declared_source_validation,"OBV or price-volume behavior indicates distribution.,Primary MACD structure still confirms downside momentum.,Price is near the opportunity range but has not entered the recommended buy/add zone.,Market volatility or broad trend calls for more cautious execution.,10Y yield backdrop is restrictive for rate-sensitive risk.",hold,hold
2026-09-15,GS,short,stock,True,sell,sell,hold,hold,False,False,True,False,False,"confidence,risk",16,24,fixed_stock_short_v2_rebuild,"v2_entry_unconfirmed,primary_moving_average_structure_remains_bearish,relative_strength_is_lagging_its_relevant_benchmarks",sell,hold
2026-09-15,GS,mid,stock,True,hold,hold,hold,hold,False,False,False,False,False,"confidence,risk",17,22,retained_v1_plus_zero_profile_confidence_and_declared_source_validation,"Primary MACD structure still confirms downside momentum.,OBV or price-volume behavior indicates distribution.,Relative Strength is lagging its relevant benchmarks.,Primary moving-average structure remains bearish.,Upside is extended and marginal momentum/participation is weakening.",hold,hold
2026-09-15,GS,long,stock,True,hold,hold,hold,hold,False,False,False,False,False,"confidence,risk",9,11,retained_v1_plus_zero_profile_confidence_and_declared_source_validation,"OBV or price-volume behavior indicates distribution.,Primary MACD structure still confirms downside momentum.,Upside is extended and marginal momentum/participation is weakening.,Current price is in the neutral space between actionable price zones.,Market volatility or broad trend calls for more cautious execution.",hold,hold
2026-09-15,HIMS,short,stock,True,hold,hold,hold,hold,False,False,True,False,False,"confidence,risk",12,18,fixed_stock_short_v2_rebuild,"v2_location,primary_moving_average_structure_remains_bearish",hold,hold
2026-09-15,HIMS,mid,stock,True,trim,trim,trim,trim,False,False,False,False,False,"confidence,risk",12,16,retained_v1_plus_zero_profile_confidence_and_declared_source_validation,"Relative Strength is lagging its relevant benchmarks.,Primary MACD structure still confirms downside momentum.,Primary moving-average structure remains bearish.,Current price has reached the reduce zone; reduce exposure rather than add.,Market volatility or broad trend calls for more cautious execution.",trim,trim
2026-09-15,HIMS,long,stock,True,hold,hold,hold,hold,False,False,False,False,False,"confidence,risk",21,23,retained_v1_plus_zero_profile_confidence_and_declared_source_validation,"Primary MACD structure still confirms downside momentum.,OBV or price-volume behavior indicates distribution.,Upside is extended and marginal momentum/participation is weakening.,Current price is in the neutral space between actionable price zones.,Market volatility or broad trend calls for more cautious execution.",hold,hold
2026-09-15,LULU,short,stock,True,accumulate,accumulate,hold,hold,False,False,True,False,False,"confidence,risk",18,24,fixed_stock_short_v2_rebuild,"v2_location,primary_moving_average_structure_remains_bearish,relative_strength_is_lagging_its_relevant_benchmarks",accumulate,hold
2026-09-15,LULU,mid,stock,True,avoid,avoid,avoid,avoid,False,False,False,False,False,"confidence,risk",26,31,retained_v1_plus_zero_profile_confidence_and_declared_source_validation,"Primary moving-average structure remains bearish.,Primary MACD structure still confirms downside momentum.,OBV or price-volume behavior indicates distribution.,Relative Strength is lagging its relevant benchmarks.,Price landscape quality is insufficient for an actionable recommendation.",avoid,avoid
2026-09-15,LULU,long,stock,True,accumulate,accumulate,accumulate,accumulate,False,False,False,False,False,"confidence,risk",33,36,retained_v1_plus_zero_profile_confidence_and_declared_source_validation,"Relative Strength is lagging its relevant benchmarks.,Primary moving-average structure remains bearish.,OBV or price-volume behavior indicates distribution.,Price is extended into layered resistance rather than support.,Market volatility or broad trend calls for more cautious execution.",accumulate,accumulate
2026-09-15,META,short,stock,True,hold,hold,hold,hold,False,False,True,False,False,"confidence,risk",26,32,fixed_stock_short_v2_rebuild,v2_trend_resistance,hold,hold
2026-09-15,META,mid,stock,True,trim,trim,trim,trim,False,False,False,False,False,"confidence,risk",19,24,retained_v1_plus_zero_profile_confidence_and_declared_source_validation,"Current price has reached the reduce zone; reduce exposure rather than add.,Market volatility or broad trend calls for more cautious execution.,10Y yield backdrop is restrictive for rate-sensitive risk.",trim,trim
2026-09-15,META,long,stock,True,hold,hold,hold,hold,False,False,False,False,False,"confidence,risk",16,19,retained_v1_plus_zero_profile_confidence_and_declared_source_validation,"Current price is in the neutral space between actionable price zones.,Market volatility or broad trend calls for more cautious execution.,10Y yield backdrop is restrictive for rate-sensitive risk.",hold,hold
2026-09-15,MPT,short,stock,True,sell,sell,sell,sell,False,False,False,False,False,"confidence,risk",34,41,fixed_stock_short_v2_rebuild,"v2_break,primary_moving_average_structure_remains_bearish,relative_strength_is_lagging_its_relevant_benchmarks",sell,sell
2026-09-15,MPT,mid,stock,True,sell,sell,sell,sell,False,False,False,False,False,"confidence,risk",34,39,retained_v1_plus_zero_profile_confidence_and_declared_source_validation,"Primary MACD structure still confirms downside momentum.,Primary moving-average structure remains bearish.,Relative Strength is lagging its relevant benchmarks.,OBV or price-volume behavior indicates distribution.,A confirmed breakdown has invalidated the prior opportunity structure; exit is anchored near the current executable area.",sell,sell
2026-09-15,MPT,long,stock,True,sell,sell,sell,sell,False,False,False,False,False,"confidence,risk",26,29,retained_v1_plus_zero_profile_confidence_and_declared_source_validation,"Relative Strength is lagging its relevant benchmarks.,Primary MACD structure still confirms downside momentum.,Primary moving-average structure remains bearish.,OBV or price-volume behavior indicates distribution.,Price is extended into layered resistance rather than support.",sell,sell
2026-09-15,MSFT,short,stock,True,hold,hold,hold,hold,False,False,True,False,False,"confidence,risk",10,16,fixed_stock_short_v2_rebuild,v2_location,hold,hold
2026-09-15,MSFT,mid,stock,True,hold,hold,hold,hold,False,False,False,False,False,"confidence,risk",13,17,retained_v1_plus_zero_profile_confidence_and_declared_source_validation,"Market volatility or broad trend calls for more cautious execution.,10Y yield backdrop is restrictive for rate-sensitive risk.",hold,hold
2026-09-15,MSFT,long,stock,True,hold,hold,hold,hold,False,False,False,False,False,"confidence,risk",12,14,retained_v1_plus_zero_profile_confidence_and_declared_source_validation,"OBV or price-volume behavior indicates distribution.,Upside is extended and marginal momentum/participation is weakening.,Market volatility or broad trend calls for more cautious execution.,10Y yield backdrop is restrictive for rate-sensitive risk.",hold,hold
2026-09-15,MU,short,stock,True,hold,hold,hold,hold,False,False,True,False,False,"confidence,risk",12,18,fixed_stock_short_v2_rebuild,"v2_entry_unconfirmed,primary_moving_average_structure_remains_bearish,relative_strength_is_lagging_its_relevant_benchmarks",hold,hold
2026-09-15,MU,mid,stock,True,accumulate,accumulate,accumulate,accumulate,False,False,False,False,False,"confidence,risk",11,15,retained_v1_plus_zero_profile_confidence_and_declared_source_validation,"Relative Strength is lagging its relevant benchmarks.,OBV or price-volume behavior indicates distribution.,Primary MACD structure still confirms downside momentum.,Market volatility or broad trend calls for more cautious execution.,10Y yield backdrop is restrictive for rate-sensitive risk.",accumulate,accumulate
2026-09-15,MU,long,stock,True,hold,hold,hold,hold,False,False,False,False,False,"confidence,risk",25,28,retained_v1_plus_zero_profile_confidence_and_declared_source_validation,"OBV or price-volume behavior indicates distribution.,Primary MACD structure still confirms downside momentum.,Upside is extended and marginal momentum/participation is weakening.,Current price is in the neutral space between actionable price zones.,Market volatility or broad trend calls for more cautious execution.",hold,hold
2026-09-15,NFLX,short,stock,True,trim,trim,trim,trim,False,False,True,False,False,"confidence,risk",12,18,fixed_stock_short_v2_rebuild,v2_weak_resistance,trim,trim
2026-09-15,NFLX,mid,stock,True,hold,hold,hold,hold,False,False,False,False,False,"confidence,risk",8,12,retained_v1_plus_zero_profile_confidence_and_declared_source_validation,"OBV or price-volume behavior indicates distribution.,Primary moving-average structure remains bearish.,Current price is in the neutral space between actionable price zones.,Market volatility or broad trend calls for more cautious execution.,10Y yield backdrop is restrictive for rate-sensitive risk.",hold,hold
2026-09-15,NFLX,long,stock,True,hold,hold,hold,hold,False,False,False,False,False,"confidence,risk",9,11,retained_v1_plus_zero_profile_confidence_and_declared_source_validation,"Relative Strength is lagging its relevant benchmarks.,Primary moving-average structure remains bearish.,Current price is in the neutral space between actionable price zones.,Market volatility or broad trend calls for more cautious execution.,10Y yield backdrop is restrictive for rate-sensitive risk.",hold,hold
2026-09-15,NOK,short,stock,True,hold,hold,trim,trim,False,False,False,False,False,"confidence,risk",11,17,fixed_stock_short_v2_rebuild,"v2_weak_resistance,primary_moving_average_structure_remains_bearish,relative_strength_is_lagging_its_relevant_benchmarks",hold,trim
2026-09-15,NOK,mid,stock,True,accumulate,accumulate,accumulate,accumulate,False,False,False,False,False,"confidence,risk",11,15,retained_v1_plus_zero_profile_confidence_and_declared_source_validation,"Relative Strength is lagging its relevant benchmarks.,Primary moving-average structure remains bearish.,OBV or price-volume behavior indicates distribution.,Primary MACD structure still confirms downside momentum.,Market volatility or broad trend calls for more cautious execution.",accumulate,accumulate
2026-09-15,NOK,long,stock,True,hold,hold,hold,hold,False,False,False,False,False,"confidence,risk",28,31,retained_v1_plus_zero_profile_confidence_and_declared_source_validation,"OBV or price-volume behavior indicates distribution.,Current price is in the neutral space between actionable price zones.,Market volatility or broad trend calls for more cautious execution.,10Y yield backdrop is restrictive for rate-sensitive risk.",hold,hold
2026-09-15,NOW,short,stock,True,hold,hold,hold,hold,False,False,True,False,False,"confidence,risk",17,23,fixed_stock_short_v2_rebuild,v2_location,hold,hold
2026-09-15,NOW,mid,stock,True,hold,hold,hold,hold,False,False,False,False,False,"confidence,risk",16,20,retained_v1_plus_zero_profile_confidence_and_declared_source_validation,"Market volatility or broad trend calls for more cautious execution.,10Y yield backdrop is restrictive for rate-sensitive risk.",hold,hold
2026-09-15,NOW,long,stock,True,hold,hold,hold,hold,False,False,False,False,False,"confidence,risk",14,17,retained_v1_plus_zero_profile_confidence_and_declared_source_validation,"Market volatility or broad trend calls for more cautious execution.,10Y yield backdrop is restrictive for rate-sensitive risk.",hold,hold
2026-09-15,NVDA,short,stock,True,hold,hold,hold,hold,False,False,True,False,False,"confidence,risk",11,17,fixed_stock_short_v2_rebuild,"v2_entry_unconfirmed,primary_moving_average_structure_remains_bearish,relative_strength_is_lagging_its_relevant_benchmarks",hold,hold
2026-09-15,NVDA,mid,stock,True,accumulate,accumulate,accumulate,accumulate,False,False,False,False,False,"confidence,risk",9,13,retained_v1_plus_zero_profile_confidence_and_declared_source_validation,"OBV or price-volume behavior indicates distribution.,Primary MACD structure still confirms downside momentum.,Market volatility or broad trend calls for more cautious execution.,10Y yield backdrop is restrictive for rate-sensitive risk.",accumulate,accumulate
2026-09-15,NVDA,long,stock,True,hold,hold,hold,hold,False,False,False,False,False,"confidence,risk",13,16,retained_v1_plus_zero_profile_confidence_and_declared_source_validation,"Price is near the opportunity range but has not entered the recommended buy/add zone.,Market volatility or broad trend calls for more cautious execution.,10Y yield backdrop is restrictive for rate-sensitive risk.",hold,hold
2026-09-15,ORCL,short,stock,True,hold,hold,hold,hold,False,False,True,False,False,"confidence,risk",29,35,fixed_stock_short_v2_rebuild,"v2_location,primary_moving_average_structure_remains_bearish",hold,hold
2026-09-15,ORCL,mid,stock,True,hold,hold,hold,hold,False,False,False,False,False,"confidence,risk",10,15,retained_v1_plus_zero_profile_confidence_and_declared_source_validation,"Relative Strength is lagging its relevant benchmarks.,Primary moving-average structure remains bearish.,OBV or price-volume behavior indicates distribution.,Primary MACD structure still confirms downside momentum.,Trend is weak, but price has not entered a reduce zone or confirmed a breakdown.",hold,hold
2026-09-15,ORCL,long,stock,True,hold,hold,hold,hold,False,False,False,False,False,"confidence,risk",20,23,retained_v1_plus_zero_profile_confidence_and_declared_source_validation,"Relative Strength is lagging its relevant benchmarks.,OBV or price-volume behavior indicates distribution.,Primary moving-average structure remains bearish.,Current price is in the neutral space between actionable price zones.,Market volatility or broad trend calls for more cautious execution.",hold,hold
2026-09-15,PLTR,short,stock,True,hold,hold,hold,hold,False,False,True,False,False,"confidence,risk",16,22,fixed_stock_short_v2_rebuild,v2_location,hold,hold
2026-09-15,PLTR,mid,stock,True,hold,hold,hold,hold,False,False,False,False,False,"confidence,risk",9,14,retained_v1_plus_zero_profile_confidence_and_declared_source_validation,"OBV or price-volume behavior indicates distribution.,Market volatility or broad trend calls for more cautious execution.,10Y yield backdrop is restrictive for rate-sensitive risk.",hold,hold
2026-09-15,PLTR,long,stock,True,hold,hold,hold,hold,False,False,False,False,False,"confidence,risk",16,19,retained_v1_plus_zero_profile_confidence_and_declared_source_validation,"Price is approaching the reduce range but has not entered the recommended reduce/exit zone.,Market volatility or broad trend calls for more cautious execution.,10Y yield backdrop is restrictive for rate-sensitive risk.",hold,hold
2026-09-15,QQQ,short,ETF,True,accumulate,accumulate,accumulate,accumulate,False,False,True,False,False,"confidence,risk",10,16,retained_v1_plus_zero_profile_confidence_and_declared_source_validation,"Primary MACD structure still confirms downside momentum.,Primary moving-average structure remains bearish.,OBV or price-volume behavior indicates distribution.,Market volatility or broad trend calls for more cautious execution.,10Y yield backdrop is restrictive for rate-sensitive risk.",accumulate,accumulate
2026-09-15,QQQ,mid,ETF,True,hold,hold,hold,hold,False,False,False,False,False,"confidence,risk",7,11,retained_v1_plus_zero_profile_confidence_and_declared_source_validation,"Primary MACD structure still confirms downside momentum.,OBV or price-volume behavior indicates distribution.,Relative Strength is lagging its relevant benchmarks.,Upside is extended and marginal momentum/participation is weakening.,Trend is weak, but price has not entered a reduce zone or confirmed a breakdown.",hold,hold
2026-09-15,QQQ,long,ETF,True,hold,hold,hold,hold,False,False,False,False,False,"confidence,risk",11,13,retained_v1_plus_zero_profile_confidence_and_declared_source_validation,"Primary MACD structure still confirms downside momentum.,Current price is in the neutral space between actionable price zones.,Market volatility or broad trend calls for more cautious execution.,10Y yield backdrop is restrictive for rate-sensitive risk.",hold,hold
2026-09-15,SOFI,short,stock,True,hold,hold,hold,hold,False,False,False,False,False,"confidence,risk",13,20,fixed_stock_short_v2_rebuild,"v2_location,primary_moving_average_structure_remains_bearish",hold,hold
2026-09-15,SOFI,mid,stock,True,accumulate,accumulate,accumulate,accumulate,False,False,False,False,False,"confidence,risk",11,16,retained_v1_plus_zero_profile_confidence_and_declared_source_validation,"Primary MACD structure still confirms downside momentum.,OBV or price-volume behavior indicates distribution.,Market volatility or broad trend calls for more cautious execution.,10Y yield backdrop is restrictive for rate-sensitive risk.",accumulate,accumulate
2026-09-15,SOFI,long,stock,True,hold,hold,hold,hold,False,False,False,False,False,"confidence,risk",23,25,retained_v1_plus_zero_profile_confidence_and_declared_source_validation,"OBV or price-volume behavior indicates distribution.,Relative Strength is lagging its relevant benchmarks.,Primary moving-average structure remains bearish.,Current price is in the neutral space between actionable price zones.,Market volatility or broad trend calls for more cautious execution.",hold,hold
2026-09-15,SOXL,short,ETF,True,hold,hold,hold,hold,False,False,True,False,False,"confidence,risk",17,23,retained_v1_plus_zero_profile_confidence_and_declared_source_validation,"Relative Strength is lagging its relevant benchmarks.,Primary MACD structure still confirms downside momentum.,Primary moving-average structure remains bearish.,OBV or price-volume behavior indicates distribution.,Price is near the opportunity range but has not entered the recommended buy/add zone.",hold,hold
2026-09-15,SOXL,mid,ETF,True,hold,hold,hold,hold,False,False,False,False,False,"confidence,risk",30,34,retained_v1_plus_zero_profile_confidence_and_declared_source_validation,"Relative Strength is lagging its relevant benchmarks.,Primary moving-average structure remains bearish.,Price is near the opportunity range but has not entered the recommended buy/add zone.,Market volatility or broad trend calls for more cautious execution.,10Y yield backdrop is restrictive for rate-sensitive risk.",hold,hold
2026-09-15,SOXL,long,ETF,True,hold,hold,hold,hold,False,False,False,False,False,"confidence,risk",30,32,retained_v1_plus_zero_profile_confidence_and_declared_source_validation,"OBV or price-volume behavior indicates distribution.,Primary MACD structure still confirms downside momentum.,Current price is in the neutral space between actionable price zones.,Market volatility or broad trend calls for more cautious execution.,10Y yield backdrop is restrictive for rate-sensitive risk.",hold,hold
2026-09-15,SOXS,short,ETF,True,hold,hold,hold,hold,False,False,True,False,False,"confidence,risk",36,42,retained_v1_plus_zero_profile_confidence_and_declared_source_validation,"OBV or price-volume behavior indicates distribution.,Market volatility or broad trend calls for more cautious execution.,10Y yield backdrop is restrictive for rate-sensitive risk.",hold,hold
2026-09-15,SOXS,mid,ETF,True,hold,hold,hold,hold,False,False,False,False,False,"confidence,risk",44,48,retained_v1_plus_zero_profile_confidence_and_declared_source_validation,"Primary moving-average structure remains bearish.,OBV or price-volume behavior indicates distribution.,Upside is extended and marginal momentum/participation is weakening.,Price is approaching the reduce range but has not entered the recommended reduce/exit zone.,Market volatility or broad trend calls for more cautious execution.",hold,hold
2026-09-15,SOXS,long,ETF,True,hold,hold,hold,hold,False,False,False,False,False,"confidence,risk",31,33,retained_v1_plus_zero_profile_confidence_and_declared_source_validation,"Relative Strength is lagging its relevant benchmarks.,Primary moving-average structure remains bearish.,Price is near the opportunity range but has not entered the recommended buy/add zone.,Market volatility or broad trend calls for more cautious execution.,10Y yield backdrop is restrictive for rate-sensitive risk.",hold,hold
2026-09-15,SPCX,short,stock,True,accumulate,accumulate,accumulate,accumulate,False,False,True,False,False,"confidence,risk",11,18,fixed_stock_short_v2_rebuild,,accumulate,accumulate
2026-09-15,SPCX,mid,stock,True,hold,hold,hold,hold,False,False,False,False,False,"confidence,risk",11,16,retained_v1_plus_zero_profile_confidence_and_declared_source_validation,"Relative Strength is lagging its relevant benchmarks.,Market volatility or broad trend calls for more cautious execution.,10Y yield backdrop is restrictive for rate-sensitive risk.",hold,hold
2026-09-15,SPCX,long,stock,True,hold,hold,hold,hold,False,False,False,False,False,"confidence,risk",23,26,retained_v1_plus_zero_profile_confidence_and_declared_source_validation,"Current price is in the neutral space between actionable price zones.,Market volatility or broad trend calls for more cautious execution.,10Y yield backdrop is restrictive for rate-sensitive risk.",hold,hold
2026-09-15,SPMO,short,ETF,True,hold,hold,hold,hold,False,False,False,False,False,"confidence,risk",11,17,retained_v1_plus_zero_profile_confidence_and_declared_source_validation,"Primary MACD structure still confirms downside momentum.,Primary moving-average structure remains bearish.,OBV or price-volume behavior indicates distribution.,Relative Strength is lagging its relevant benchmarks.,Price is extended into layered resistance rather than support.",hold,hold
2026-09-15,SPMO,mid,ETF,True,hold,hold,hold,hold,False,False,False,False,False,"confidence,risk",9,13,retained_v1_plus_zero_profile_confidence_and_declared_source_validation,"Primary MACD structure still confirms downside momentum.,OBV or price-volume behavior indicates distribution.,Relative Strength is lagging its relevant benchmarks.,Primary moving-average structure remains bearish.,Trend is weak, but price has not entered a reduce zone or confirmed a breakdown.",hold,hold
2026-09-15,SPMO,long,ETF,True,hold,hold,hold,hold,False,False,False,False,False,"confidence,risk",13,15,retained_v1_plus_zero_profile_confidence_and_declared_source_validation,"OBV or price-volume behavior indicates distribution.,Primary MACD structure still confirms downside momentum.,Upside is extended and marginal momentum/participation is weakening.,Current price is in the neutral space between actionable price zones.,Market volatility or broad trend calls for more cautious execution.",hold,hold
2026-09-15,SQQQ,short,ETF,True,trim,trim,trim,trim,False,False,False,False,False,"confidence,risk",19,25,retained_v1_plus_zero_profile_confidence_and_declared_source_validation,"Current price has reached the reduce zone; reduce exposure rather than add.,Market volatility or broad trend calls for more cautious execution.,10Y yield backdrop is restrictive for rate-sensitive risk.",trim,trim
2026-09-15,SQQQ,mid,ETF,True,hold,hold,hold,hold,False,False,False,False,False,"confidence,risk",10,14,retained_v1_plus_zero_profile_confidence_and_declared_source_validation,"Primary moving-average structure remains bearish.,Current price is in the neutral space between actionable price zones.,Market volatility or broad trend calls for more cautious execution.,10Y yield backdrop is restrictive for rate-sensitive risk.",hold,hold
2026-09-15,SQQQ,long,ETF,True,hold,hold,hold,hold,False,False,False,False,False,"confidence,risk",23,25,retained_v1_plus_zero_profile_confidence_and_declared_source_validation,"Relative Strength is lagging its relevant benchmarks.,OBV or price-volume behavior indicates distribution.,Primary moving-average structure remains bearish.,Current price is in the neutral space between actionable price zones.,Market volatility or broad trend calls for more cautious execution.",hold,hold
2026-09-15,TEM,short,stock,True,hold,hold,hold,hold,False,False,True,False,False,"confidence,risk",35,41,fixed_stock_short_v2_rebuild,v2_location,hold,hold
2026-09-15,TEM,mid,stock,True,hold,hold,hold,hold,False,False,False,False,False,"confidence,risk",15,20,retained_v1_plus_zero_profile_confidence_and_declared_source_validation,"Market volatility or broad trend calls for more cautious execution.,10Y yield backdrop is restrictive for rate-sensitive risk.",hold,hold
2026-09-15,TEM,long,stock,True,hold,hold,hold,hold,False,False,False,False,False,"confidence,risk",22,25,retained_v1_plus_zero_profile_confidence_and_declared_source_validation,"Market volatility or broad trend calls for more cautious execution.,10Y yield backdrop is restrictive for rate-sensitive risk.",hold,hold
2026-09-15,TQQQ,short,ETF,True,accumulate,accumulate,accumulate,accumulate,False,False,False,False,False,"confidence,risk",12,18,retained_v1_plus_zero_profile_confidence_and_declared_source_validation,"Primary MACD structure still confirms downside momentum.,Primary moving-average structure remains bearish.,OBV or price-volume behavior indicates distribution.,Relative Strength is lagging its relevant benchmarks.,Market volatility or broad trend calls for more cautious execution.",accumulate,accumulate
2026-09-15,TQQQ,mid,ETF,True,accumulate,accumulate,accumulate,accumulate,False,False,False,False,False,"confidence,risk",12,16,retained_v1_plus_zero_profile_confidence_and_declared_source_validation,"Primary MACD structure still confirms downside momentum.,Relative Strength is lagging its relevant benchmarks.,OBV or price-volume behavior indicates distribution.,Primary moving-average structure remains bearish.,Price is extended into layered resistance rather than support.",accumulate,accumulate
2026-09-15,TQQQ,long,ETF,True,accumulate,accumulate,accumulate,accumulate,False,False,False,False,False,"confidence,risk",27,29,retained_v1_plus_zero_profile_confidence_and_declared_source_validation,"Primary MACD structure still confirms downside momentum.,Market volatility or broad trend calls for more cautious execution.,10Y yield backdrop is restrictive for rate-sensitive risk.",accumulate,accumulate
2026-09-15,TSLA,short,stock,True,accumulate,accumulate,accumulate,accumulate,False,False,True,False,False,"confidence,risk",12,18,fixed_stock_short_v2_rebuild,,accumulate,accumulate
2026-09-15,TSLA,mid,stock,True,hold,hold,hold,hold,False,False,False,False,False,"confidence,risk",10,15,retained_v1_plus_zero_profile_confidence_and_declared_source_validation,"Primary moving-average structure remains bearish.,Relative Strength is lagging its relevant benchmarks.,Current price is in the neutral space between actionable price zones.,Market volatility or broad trend calls for more cautious execution.,10Y yield backdrop is restrictive for rate-sensitive risk.",hold,hold
2026-09-15,TSLA,long,stock,True,hold,hold,hold,hold,False,False,False,False,False,"confidence,risk",13,15,retained_v1_plus_zero_profile_confidence_and_declared_source_validation,"Relative Strength is lagging its relevant benchmarks.,Primary moving-average structure remains bearish.,Primary MACD structure still confirms downside momentum.,Trend is weak, but price has not entered a reduce zone or confirmed a breakdown.,Market volatility or broad trend calls for more cautious execution.",hold,hold
2026-09-15,TSM,short,stock,True,hold,hold,hold,hold,False,False,True,False,False,"confidence,risk",12,18,fixed_stock_short_v2_rebuild,"v2_entry_unconfirmed,primary_moving_average_structure_remains_bearish",hold,hold
2026-09-15,TSM,mid,stock,True,accumulate,accumulate,accumulate,accumulate,False,False,False,False,False,"confidence,risk",9,13,retained_v1_plus_zero_profile_confidence_and_declared_source_validation,"Relative Strength is lagging its relevant benchmarks.,Market volatility or broad trend calls for more cautious execution.,10Y yield backdrop is restrictive for rate-sensitive risk.",accumulate,accumulate
2026-09-15,TSM,long,stock,True,hold,hold,hold,hold,False,False,False,False,False,"confidence,risk",15,18,retained_v1_plus_zero_profile_confidence_and_declared_source_validation,"Price is near the opportunity range but has not entered the recommended buy/add zone.,Market volatility or broad trend calls for more cautious execution.,10Y yield backdrop is restrictive for rate-sensitive risk.",hold,hold
2026-09-15,UNH,short,stock,True,sell,sell,sell,sell,False,False,False,False,False,"confidence,risk",20,26,fixed_stock_short_v2_rebuild,"v2_break,primary_moving_average_structure_remains_bearish,relative_strength_is_lagging_its_relevant_benchmarks",sell,sell
2026-09-15,UNH,mid,stock,True,hold,hold,hold,hold,False,False,False,False,False,"confidence,risk",14,18,retained_v1_plus_zero_profile_confidence_and_declared_source_validation,"Primary MACD structure still confirms downside momentum.,Primary moving-average structure remains bearish.,OBV or price-volume behavior indicates distribution.,Relative Strength is lagging its relevant benchmarks.,Trend is weak, but price has not entered a reduce zone or confirmed a breakdown.",hold,hold
2026-09-15,UNH,long,stock,True,hold,hold,hold,hold,False,False,False,False,False,"confidence,risk",9,11,retained_v1_plus_zero_profile_confidence_and_declared_source_validation,"OBV or price-volume behavior indicates distribution.,Primary MACD structure still confirms downside momentum.,Price is extended into layered resistance rather than support.,Upside is extended and marginal momentum/participation is weakening.,Price is near the opportunity range but has not entered the recommended buy/add zone.",hold,hold
2026-09-15,XE,short,stock,True,hold,hold,hold,hold,False,False,True,False,False,"confidence,risk",16,22,fixed_stock_short_v2_rebuild,"v2_location,primary_moving_average_structure_remains_bearish,relative_strength_is_lagging_its_relevant_benchmarks",hold,hold
2026-09-15,XE,mid,stock,True,avoid,avoid,avoid,avoid,False,False,False,False,False,"confidence,risk",17,22,retained_v1_plus_zero_profile_confidence_and_declared_source_validation,"Relative Strength is lagging its relevant benchmarks.,Primary MACD structure still confirms downside momentum.,Primary moving-average structure remains bearish.,OBV or price-volume behavior indicates distribution.,Price landscape quality is insufficient for an actionable recommendation.",avoid,avoid
2026-09-15,XE,long,stock,True,hold,hold,hold,hold,False,False,False,False,False,"confidence,risk",24,27,retained_v1_plus_zero_profile_confidence_and_declared_source_validation,"OBV or price-volume behavior indicates distribution.,Current price is in the neutral space between actionable price zones.,Market volatility or broad trend calls for more cautious execution.,10Y yield backdrop is restrictive for rate-sensitive risk.",hold,hold
2026-09-15,ZETA,short,stock,True,hold,hold,hold,hold,False,False,True,False,False,"confidence,risk",11,17,fixed_stock_short_v2_rebuild,v2_location,hold,hold
2026-09-15,ZETA,mid,stock,True,hold,hold,hold,hold,False,False,False,False,False,"confidence,risk",17,22,retained_v1_plus_zero_profile_confidence_and_declared_source_validation,"Primary MACD structure still confirms downside momentum.,Market volatility or broad trend calls for more cautious execution.,10Y yield backdrop is restrictive for rate-sensitive risk.",hold,hold
2026-09-15,ZETA,long,stock,True,hold,hold,hold,hold,False,False,False,False,False,"confidence,risk",26,29,retained_v1_plus_zero_profile_confidence_and_declared_source_validation,"Market volatility or broad trend calls for more cautious execution.,10Y yield backdrop is restrictive for rate-sensitive risk.",hold,hold
2026-09-16,AAPL,short,stock,True,hold,hold,accumulate,accumulate,False,False,True,False,False,"confidence,risk",10,21,fixed_stock_short_v2_rebuild,,hold,accumulate
2026-09-16,AAPL,mid,stock,True,hold,hold,hold,hold,False,False,False,False,False,"confidence,risk",10,18,retained_v1_plus_zero_profile_confidence_and_declared_source_validation,"Market volatility or broad trend calls for more cautious execution.,10Y yield backdrop is restrictive for rate-sensitive risk.",hold,hold
2026-09-16,AAPL,long,stock,True,trim,trim,trim,trim,False,False,False,False,False,"confidence,risk",12,17,retained_v1_plus_zero_profile_confidence_and_declared_source_validation,"Current price has reached the reduce zone; reduce exposure rather than add.,Market volatility or broad trend calls for more cautious execution.,10Y yield backdrop is restrictive for rate-sensitive risk.",trim,trim
2026-09-16,AMD,short,stock,True,hold,hold,accumulate,accumulate,False,False,True,False,False,"confidence,risk",12,24,fixed_stock_short_v2_rebuild,,hold,accumulate
2026-09-16,AMD,mid,stock,True,hold,hold,hold,hold,False,False,False,False,False,"confidence,risk",10,18,retained_v1_plus_zero_profile_confidence_and_declared_source_validation,"Relative Strength is lagging its relevant benchmarks.,Price is near the opportunity range but has not entered the recommended buy/add zone.,Market volatility or broad trend calls for more cautious execution.,10Y yield backdrop is restrictive for rate-sensitive risk.",hold,hold
2026-09-16,AMD,long,stock,True,hold,hold,hold,hold,False,False,False,False,False,"confidence,risk",22,27,retained_v1_plus_zero_profile_confidence_and_declared_source_validation,"Primary MACD structure still confirms downside momentum.,Upside is extended and marginal momentum/participation is weakening.,Current price is in the neutral space between actionable price zones.,Market volatility or broad trend calls for more cautious execution.,10Y yield backdrop is restrictive for rate-sensitive risk.",hold,hold
2026-09-16,AMZN,short,stock,True,sell,sell,hold,hold,False,False,True,False,False,"confidence,risk",20,32,fixed_stock_short_v2_rebuild,"v2_location,primary_moving_average_structure_remains_bearish,relative_strength_is_lagging_its_relevant_benchmarks",sell,hold
2026-09-16,AMZN,mid,stock,True,hold,hold,hold,hold,False,False,False,False,False,"confidence,risk",13,21,retained_v1_plus_zero_profile_confidence_and_declared_source_validation,"Primary MACD structure still confirms downside momentum.,OBV or price-volume behavior indicates distribution.,Primary moving-average structure remains bearish.,Trend is weak, but price has not entered a reduce zone or confirmed a breakdown.,Market volatility or broad trend calls for more cautious execution.",hold,hold
2026-09-16,AMZN,long,stock,True,accumulate,accumulate,accumulate,accumulate,False,False,False,False,False,"confidence,risk",10,14,retained_v1_plus_zero_profile_confidence_and_declared_source_validation,"Market volatility or broad trend calls for more cautious execution.,10Y yield backdrop is restrictive for rate-sensitive risk.",accumulate,accumulate
2026-09-16,BABA,short,stock,True,sell,sell,sell,sell,False,False,True,False,False,"confidence,risk",15,27,fixed_stock_short_v2_rebuild,"v2_weak_resistance,primary_moving_average_structure_remains_bearish,relative_strength_is_lagging_its_relevant_benchmarks",sell,sell
2026-09-16,BABA,mid,stock,True,sell,sell,sell,sell,False,False,False,False,False,"confidence,risk",15,23,retained_v1_plus_zero_profile_confidence_and_declared_source_validation,"Primary moving-average structure remains bearish.,Primary MACD structure still confirms downside momentum.,OBV or price-volume behavior indicates distribution.,A confirmed breakdown has invalidated the prior opportunity structure; exit is anchored near the current executable area.,Market volatility or broad trend calls for more cautious execution.",sell,sell
2026-09-16,BABA,long,stock,True,hold,hold,hold,hold,False,False,False,False,False,"confidence,risk",19,23,retained_v1_plus_zero_profile_confidence_and_declared_source_validation,"Relative Strength is lagging its relevant benchmarks.,Primary moving-average structure remains bearish.,OBV or price-volume behavior indicates distribution.,Trend is weak, but price has not entered a reduce zone or confirmed a breakdown.,Market volatility or broad trend calls for more cautious execution.",hold,hold
2026-09-16,CRCL,short,stock,True,accumulate,accumulate,hold,hold,False,False,True,False,False,"confidence,risk",27,42,fixed_stock_short_v2_rebuild,"v2_entry_unconfirmed,primary_moving_average_structure_remains_bearish",accumulate,hold
2026-09-16,CRCL,mid,stock,True,accumulate,accumulate,accumulate,accumulate,False,False,False,False,False,"confidence,risk",16,26,retained_v1_plus_zero_profile_confidence_and_declared_source_validation,"Primary MACD structure still confirms downside momentum.,Market volatility or broad trend calls for more cautious execution.,10Y yield backdrop is restrictive for rate-sensitive risk.",accumulate,accumulate
2026-09-16,CRCL,long,stock,True,hold,hold,hold,hold,False,False,False,False,False,"confidence,risk",23,29,retained_v1_plus_zero_profile_confidence_and_declared_source_validation,"Relative Strength is lagging its relevant benchmarks.,Primary moving-average structure remains bearish.,Current price is in the neutral space between actionable price zones.,Market volatility or broad trend calls for more cautious execution.,10Y yield backdrop is restrictive for rate-sensitive risk.",hold,hold
2026-09-16,GEV,short,stock,True,hold,hold,trim,trim,False,False,True,False,False,"confidence,risk",11,23,fixed_stock_short_v2_rebuild,"v2_weak_resistance,primary_moving_average_structure_remains_bearish",hold,trim
2026-09-16,GEV,mid,stock,True,hold,hold,hold,hold,False,False,False,False,False,"confidence,risk",10,18,retained_v1_plus_zero_profile_confidence_and_declared_source_validation,"Primary moving-average structure remains bearish.,OBV or price-volume behavior indicates distribution.,Relative Strength is lagging its relevant benchmarks.,Primary MACD structure still confirms downside momentum.,Trend is weak, but price has not entered a reduce zone or confirmed a breakdown.",hold,hold
2026-09-16,GEV,long,stock,True,accumulate,accumulate,accumulate,accumulate,False,False,False,False,False,"confidence,risk",21,26,retained_v1_plus_zero_profile_confidence_and_declared_source_validation,"OBV or price-volume behavior indicates distribution.,Primary MACD structure still confirms downside momentum.,Relative Strength is lagging its relevant benchmarks.,Market volatility or broad trend calls for more cautious execution.,10Y yield backdrop is restrictive for rate-sensitive risk.",accumulate,accumulate
2026-09-16,GOOGL,short,stock,True,accumulate,accumulate,accumulate,accumulate,False,False,True,False,False,"confidence,risk",10,21,fixed_stock_short_v2_rebuild,,accumulate,accumulate
2026-09-16,GOOGL,mid,stock,True,hold,hold,hold,hold,False,False,False,False,False,"confidence,risk",7,15,retained_v1_plus_zero_profile_confidence_and_declared_source_validation,"OBV or price-volume behavior indicates distribution.,Primary moving-average structure remains bearish.,Current price is in the neutral space between actionable price zones.,Market volatility or broad trend calls for more cautious execution.,10Y yield backdrop is restrictive for rate-sensitive risk.",hold,hold
2026-09-16,GOOGL,long,stock,True,hold,hold,hold,hold,False,False,False,False,False,"confidence,risk",13,18,retained_v1_plus_zero_profile_confidence_and_declared_source_validation,"OBV or price-volume behavior indicates distribution.,Primary MACD structure still confirms downside momentum.,Price is near the opportunity range but has not entered the recommended buy/add zone.,Market volatility or broad trend calls for more cautious execution.,10Y yield backdrop is restrictive for rate-sensitive risk.",hold,hold
2026-09-16,GS,short,stock,True,sell,sell,sell,sell,False,False,False,False,False,"confidence,risk",33,48,fixed_stock_short_v2_rebuild,"v2_break,primary_moving_average_structure_remains_bearish,relative_strength_is_lagging_its_relevant_benchmarks",sell,sell
2026-09-16,GS,mid,stock,True,hold,hold,hold,hold,False,False,False,False,False,"confidence,risk",31,41,retained_v1_plus_zero_profile_confidence_and_declared_source_validation,"Primary MACD structure still confirms downside momentum.,Relative Strength is lagging its relevant benchmarks.,OBV or price-volume behavior indicates distribution.,Primary moving-average structure remains bearish.,Trend is weak, but price has not entered a reduce zone or confirmed a breakdown.",hold,hold
2026-09-16,GS,long,stock,True,hold,hold,hold,hold,False,False,False,False,False,"confidence,risk",9,14,retained_v1_plus_zero_profile_confidence_and_declared_source_validation,"OBV or price-volume behavior indicates distribution.,Primary MACD structure still confirms downside momentum.,Price is extended into layered resistance rather than support.,Upside is extended and marginal momentum/participation is weakening.,Current price is in the neutral space between actionable price zones.",hold,hold
2026-09-16,HIMS,short,stock,True,accumulate,accumulate,hold,hold,False,False,False,False,False,"confidence,risk",12,24,fixed_stock_short_v2_rebuild,"v2_entry_unconfirmed,primary_moving_average_structure_remains_bearish",accumulate,hold
2026-09-16,HIMS,mid,stock,True,trim,trim,trim,trim,False,False,False,False,False,"confidence,risk",12,20,retained_v1_plus_zero_profile_confidence_and_declared_source_validation,"Relative Strength is lagging its relevant benchmarks.,Primary moving-average structure remains bearish.,Primary MACD structure still confirms downside momentum.,Current price has reached the reduce zone; reduce exposure rather than add.,Market volatility or broad trend calls for more cautious execution.",trim,trim
2026-09-16,HIMS,long,stock,True,hold,hold,hold,hold,False,False,False,False,False,"confidence,risk",21,26,retained_v1_plus_zero_profile_confidence_and_declared_source_validation,"Primary MACD structure still confirms downside momentum.,OBV or price-volume behavior indicates distribution.,Upside is extended and marginal momentum/participation is weakening.,Current price is in the neutral space between actionable price zones.,Market volatility or broad trend calls for more cautious execution.",hold,hold
2026-09-16,LULU,short,stock,True,accumulate,accumulate,hold,hold,False,False,True,False,False,"confidence,risk",21,33,fixed_stock_short_v2_rebuild,"v2_entry_unconfirmed,primary_moving_average_structure_remains_bearish,relative_strength_is_lagging_its_relevant_benchmarks",accumulate,hold
2026-09-16,LULU,mid,stock,True,sell,sell,sell,sell,False,False,False,False,False,"confidence,risk",28,37,retained_v1_plus_zero_profile_confidence_and_declared_source_validation,"Primary moving-average structure remains bearish.,Primary MACD structure still confirms downside momentum.,OBV or price-volume behavior indicates distribution.,Relative Strength is lagging its relevant benchmarks.,A confirmed breakdown has invalidated the prior opportunity structure; exit is anchored near the current executable area.",sell,sell
2026-09-16,LULU,long,stock,True,accumulate,accumulate,accumulate,accumulate,False,False,False,False,False,"confidence,risk",33,38,retained_v1_plus_zero_profile_confidence_and_declared_source_validation,"Relative Strength is lagging its relevant benchmarks.,Primary moving-average structure remains bearish.,OBV or price-volume behavior indicates distribution.,Price is extended into layered resistance rather than support.,Market volatility or broad trend calls for more cautious execution.",accumulate,accumulate
2026-09-16,META,short,stock,True,hold,hold,hold,hold,False,True,True,False,False,"confidence,risk",19,31,fixed_stock_short_v2_rebuild,v2_trend_resistance,hold,hold
2026-09-16,META,mid,stock,True,trim,trim,trim,trim,False,False,False,False,False,"confidence,risk",18,27,retained_v1_plus_zero_profile_confidence_and_declared_source_validation,"Current price has reached the reduce zone; reduce exposure rather than add.,Market volatility or broad trend calls for more cautious execution.,10Y yield backdrop is restrictive for rate-sensitive risk.",trim,trim
2026-09-16,META,long,stock,True,hold,hold,hold,hold,False,False,False,False,False,"confidence,risk",16,21,retained_v1_plus_zero_profile_confidence_and_declared_source_validation,"Current price is in the neutral space between actionable price zones.,Market volatility or broad trend calls for more cautious execution.,10Y yield backdrop is restrictive for rate-sensitive risk.",hold,hold
2026-09-16,MPT,short,stock,True,sell,sell,sell,sell,False,False,False,False,False,"confidence,risk",41,55,fixed_stock_short_v2_rebuild,"v2_break,primary_moving_average_structure_remains_bearish,relative_strength_is_lagging_its_relevant_benchmarks",sell,sell
2026-09-16,MPT,mid,stock,True,sell,sell,sell,sell,False,False,False,False,False,"confidence,risk",39,49,retained_v1_plus_zero_profile_confidence_and_declared_source_validation,"Primary MACD structure still confirms downside momentum.,Primary moving-average structure remains bearish.,Relative Strength is lagging its relevant benchmarks.,OBV or price-volume behavior indicates distribution.,Price is extended into layered resistance rather than support.",sell,sell
2026-09-16,MPT,long,stock,True,sell,sell,sell,sell,False,False,False,False,False,"confidence,risk",28,33,retained_v1_plus_zero_profile_confidence_and_declared_source_validation,"Relative Strength is lagging its relevant benchmarks.,Primary MACD structure still confirms downside momentum.,Primary moving-average structure remains bearish.,OBV or price-volume behavior indicates distribution.,Price is extended into layered resistance rather than support.",sell,sell
2026-09-16,MSFT,short,stock,True,hold,hold,hold,hold,False,False,True,False,False,"confidence,risk",10,22,fixed_stock_short_v2_rebuild,v2_entry_unconfirmed,hold,hold
2026-09-16,MSFT,mid,stock,True,hold,hold,hold,hold,False,False,False,False,False,"confidence,risk",9,17,retained_v1_plus_zero_profile_confidence_and_declared_source_validation,"Primary MACD structure still confirms downside momentum.,Market volatility or broad trend calls for more cautious execution.,10Y yield backdrop is restrictive for rate-sensitive risk.",hold,hold
2026-09-16,MSFT,long,stock,True,hold,hold,hold,hold,False,False,False,False,False,"confidence,risk",12,17,retained_v1_plus_zero_profile_confidence_and_declared_source_validation,"OBV or price-volume behavior indicates distribution.,Upside is extended and marginal momentum/participation is weakening.,Market volatility or broad trend calls for more cautious execution.,10Y yield backdrop is restrictive for rate-sensitive risk.",hold,hold
2026-09-16,MU,short,stock,True,hold,hold,hold,hold,False,False,True,False,False,"confidence,risk",12,24,fixed_stock_short_v2_rebuild,"v2_entry_unconfirmed,primary_moving_average_structure_remains_bearish",hold,hold
2026-09-16,MU,mid,stock,True,accumulate,accumulate,accumulate,accumulate,False,False,False,False,False,"confidence,risk",11,19,retained_v1_plus_zero_profile_confidence_and_declared_source_validation,"Relative Strength is lagging its relevant benchmarks.,OBV or price-volume behavior indicates distribution.,Primary MACD structure still confirms downside momentum.,Market volatility or broad trend calls for more cautious execution.,10Y yield backdrop is restrictive for rate-sensitive risk.",accumulate,accumulate
2026-09-16,MU,long,stock,True,hold,hold,hold,hold,False,False,False,False,False,"confidence,risk",25,30,retained_v1_plus_zero_profile_confidence_and_declared_source_validation,"OBV or price-volume behavior indicates distribution.,Primary MACD structure still confirms downside momentum.,Upside is extended and marginal momentum/participation is weakening.,Current price is in the neutral space between actionable price zones.,Market volatility or broad trend calls for more cautious execution.",hold,hold
2026-09-16,NFLX,short,stock,True,hold,hold,hold,hold,False,False,True,False,False,"confidence,risk",12,23,fixed_stock_short_v2_rebuild,"v2_location,primary_moving_average_structure_remains_bearish",hold,hold
2026-09-16,NFLX,mid,stock,True,accumulate,accumulate,accumulate,accumulate,False,False,False,False,False,"confidence,risk",8,16,retained_v1_plus_zero_profile_confidence_and_declared_source_validation,"OBV or price-volume behavior indicates distribution.,Primary moving-average structure remains bearish.,Primary MACD structure still confirms downside momentum.,Market volatility or broad trend calls for more cautious execution.,10Y yield backdrop is restrictive for rate-sensitive risk.",accumulate,accumulate
2026-09-16,NFLX,long,stock,True,hold,hold,hold,hold,False,False,False,False,False,"confidence,risk",9,14,retained_v1_plus_zero_profile_confidence_and_declared_source_validation,"Relative Strength is lagging its relevant benchmarks.,Primary moving-average structure remains bearish.,Current price is in the neutral space between actionable price zones.,Market volatility or broad trend calls for more cautious execution.,10Y yield backdrop is restrictive for rate-sensitive risk.",hold,hold
2026-09-16,NOK,short,stock,True,hold,hold,hold,hold,False,False,False,False,False,"confidence,risk",12,24,fixed_stock_short_v2_rebuild,"v2_location,primary_moving_average_structure_remains_bearish",hold,hold
2026-09-16,NOK,mid,stock,True,hold,hold,hold,hold,False,False,False,False,False,"confidence,risk",11,20,retained_v1_plus_zero_profile_confidence_and_declared_source_validation,"Relative Strength is lagging its relevant benchmarks.,Primary moving-average structure remains bearish.,Primary MACD structure still confirms downside momentum.,Trend is weak, but price has not entered a reduce zone or confirmed a breakdown.,Market volatility or broad trend calls for more cautious execution.",hold,hold
2026-09-16,NOK,long,stock,True,hold,hold,hold,hold,False,False,False,False,False,"confidence,risk",28,33,retained_v1_plus_zero_profile_confidence_and_declared_source_validation,"OBV or price-volume behavior indicates distribution.,Current price is in the neutral space between actionable price zones.,Market volatility or broad trend calls for more cautious execution.,10Y yield backdrop is restrictive for rate-sensitive risk.",hold,hold
2026-09-16,NOW,short,stock,True,accumulate,accumulate,hold,hold,False,True,True,False,False,"confidence,risk",12,25,fixed_stock_short_v2_rebuild,v2_location,accumulate,accumulate
2026-09-16,NOW,mid,stock,True,accumulate,accumulate,accumulate,accumulate,False,False,False,False,False,"confidence,risk",14,23,retained_v1_plus_zero_profile_confidence_and_declared_source_validation,"Market volatility or broad trend calls for more cautious execution.,10Y yield backdrop is restrictive for rate-sensitive risk.",accumulate,accumulate
2026-09-16,NOW,long,stock,True,hold,hold,hold,hold,False,False,False,False,False,"confidence,risk",14,19,retained_v1_plus_zero_profile_confidence_and_declared_source_validation,"Market volatility or broad trend calls for more cautious execution.,10Y yield backdrop is restrictive for rate-sensitive risk.",hold,hold
2026-09-16,NVDA,short,stock,True,hold,hold,hold,hold,False,False,True,False,False,"confidence,risk",11,23,fixed_stock_short_v2_rebuild,"v2_location,primary_moving_average_structure_remains_bearish",hold,hold
2026-09-16,NVDA,mid,stock,True,hold,hold,hold,hold,False,False,False,False,False,"confidence,risk",9,17,retained_v1_plus_zero_profile_confidence_and_declared_source_validation,"OBV or price-volume behavior indicates distribution.,Primary MACD structure still confirms downside momentum.,Price is near the opportunity range but has not entered the recommended buy/add zone.,Market volatility or broad trend calls for more cautious execution.,10Y yield backdrop is restrictive for rate-sensitive risk.",hold,hold
2026-09-16,NVDA,long,stock,True,hold,hold,hold,hold,False,False,False,False,False,"confidence,risk",13,18,retained_v1_plus_zero_profile_confidence_and_declared_source_validation,"Price is near the opportunity range but has not entered the recommended buy/add zone.,Market volatility or broad trend calls for more cautious execution.,10Y yield backdrop is restrictive for rate-sensitive risk.",hold,hold
2026-09-16,ORCL,short,stock,True,hold,hold,hold,hold,False,False,True,False,False,"confidence,risk",19,31,fixed_stock_short_v2_rebuild,"v2_location,primary_moving_average_structure_remains_bearish",hold,hold
2026-09-16,ORCL,mid,stock,True,hold,trim,trim,trim,False,False,False,False,True,"action,confidence,state,landscape,risk",10,19,retained_v1_plus_zero_profile_confidence_and_declared_source_validation,"Primary moving-average structure remains bearish.,Relative Strength is lagging its relevant benchmarks.,OBV or price-volume behavior indicates distribution.,Primary MACD structure still confirms downside momentum.,Current price has reached the reduce zone; reduce exposure rather than add.",trim,hold
2026-09-16,ORCL,long,stock,True,hold,hold,hold,hold,False,False,False,False,False,"confidence,risk",20,25,retained_v1_plus_zero_profile_confidence_and_declared_source_validation,"OBV or price-volume behavior indicates distribution.,Primary moving-average structure remains bearish.,Relative Strength is lagging its relevant benchmarks.,Current price is in the neutral space between actionable price zones.,Market volatility or broad trend calls for more cautious execution.",hold,hold
2026-09-16,PLTR,short,stock,True,hold,hold,hold,hold,False,False,True,False,False,"confidence,risk",12,24,fixed_stock_short_v2_rebuild,v2_location,hold,hold
2026-09-16,PLTR,mid,stock,True,hold,hold,hold,hold,False,False,False,False,False,"confidence,risk",10,19,retained_v1_plus_zero_profile_confidence_and_declared_source_validation,"Market volatility or broad trend calls for more cautious execution.,10Y yield backdrop is restrictive for rate-sensitive risk.",hold,hold
2026-09-16,PLTR,long,stock,True,hold,hold,hold,hold,False,False,False,False,False,"confidence,risk",16,21,retained_v1_plus_zero_profile_confidence_and_declared_source_validation,"Price is approaching the reduce range but has not entered the recommended reduce/exit zone.,Market volatility or broad trend calls for more cautious execution.,10Y yield backdrop is restrictive for rate-sensitive risk.",hold,hold
2026-09-16,QQQ,short,ETF,True,accumulate,accumulate,accumulate,accumulate,False,False,True,False,False,"confidence,risk",10,22,retained_v1_plus_zero_profile_confidence_and_declared_source_validation,"Primary MACD structure still confirms downside momentum.,OBV or price-volume behavior indicates distribution.,Primary moving-average structure remains bearish.,Market volatility or broad trend calls for more cautious execution.,10Y yield backdrop is restrictive for rate-sensitive risk.",accumulate,accumulate
2026-09-16,QQQ,mid,ETF,True,hold,hold,hold,hold,False,False,False,False,False,"confidence,risk",7,15,retained_v1_plus_zero_profile_confidence_and_declared_source_validation,"Primary MACD structure still confirms downside momentum.,OBV or price-volume behavior indicates distribution.,Relative Strength is lagging its relevant benchmarks.,Price is approaching the reduce range but has not entered the recommended reduce/exit zone.,Market volatility or broad trend calls for more cautious execution.",hold,hold
2026-09-16,QQQ,long,ETF,True,hold,hold,hold,hold,False,False,False,False,False,"confidence,risk",11,16,retained_v1_plus_zero_profile_confidence_and_declared_source_validation,"Primary MACD structure still confirms downside momentum.,Current price is in the neutral space between actionable price zones.,Market volatility or broad trend calls for more cautious execution.,10Y yield backdrop is restrictive for rate-sensitive risk.",hold,hold
2026-09-16,SOFI,short,stock,True,sell,sell,hold,hold,False,False,False,False,False,"confidence,risk",16,29,fixed_stock_short_v2_rebuild,"v2_location,primary_moving_average_structure_remains_bearish",sell,hold
2026-09-16,SOFI,mid,stock,True,hold,hold,hold,hold,False,False,False,False,False,"confidence,risk",11,21,retained_v1_plus_zero_profile_confidence_and_declared_source_validation,"Primary MACD structure still confirms downside momentum.,OBV or price-volume behavior indicates distribution.,Trend is weak, but price has not entered a reduce zone or confirmed a breakdown.,Market volatility or broad trend calls for more cautious execution.,10Y yield backdrop is restrictive for rate-sensitive risk.",hold,hold
2026-09-16,SOFI,long,stock,True,hold,hold,hold,hold,False,False,False,False,False,"confidence,risk",23,28,retained_v1_plus_zero_profile_confidence_and_declared_source_validation,"OBV or price-volume behavior indicates distribution.,Primary moving-average structure remains bearish.,Relative Strength is lagging its relevant benchmarks.,Current price is in the neutral space between actionable price zones.,Market volatility or broad trend calls for more cautious execution.",hold,hold
2026-09-16,SOXL,short,ETF,True,hold,hold,hold,hold,False,False,True,False,False,"confidence,risk",17,29,retained_v1_plus_zero_profile_confidence_and_declared_source_validation,"Relative Strength is lagging its relevant benchmarks.,Primary MACD structure still confirms downside momentum.,Primary moving-average structure remains bearish.,OBV or price-volume behavior indicates distribution.,Price is near the opportunity range but has not entered the recommended buy/add zone.",hold,hold
2026-09-16,SOXL,mid,ETF,True,hold,hold,hold,hold,False,False,False,False,False,"confidence,risk",29,38,retained_v1_plus_zero_profile_confidence_and_declared_source_validation,"Relative Strength is lagging its relevant benchmarks.,Primary moving-average structure remains bearish.,Primary MACD structure still confirms downside momentum.,Trend is weak, but price has not entered a reduce zone or confirmed a breakdown.,Market volatility or broad trend calls for more cautious execution.",hold,hold
2026-09-16,SOXL,long,ETF,True,hold,hold,hold,hold,False,False,False,False,False,"confidence,risk",30,34,retained_v1_plus_zero_profile_confidence_and_declared_source_validation,"Primary MACD structure still confirms downside momentum.,OBV or price-volume behavior indicates distribution.,Current price is in the neutral space between actionable price zones.,Market volatility or broad trend calls for more cautious execution.,10Y yield backdrop is restrictive for rate-sensitive risk.",hold,hold
2026-09-16,SOXS,short,ETF,True,hold,hold,hold,hold,False,False,True,False,False,"confidence,risk",16,28,retained_v1_plus_zero_profile_confidence_and_declared_source_validation,"OBV or price-volume behavior indicates distribution.,Price is near the opportunity range but has not entered the recommended buy/add zone.,Market volatility or broad trend calls for more cautious execution.,10Y yield backdrop is restrictive for rate-sensitive risk.",hold,hold
2026-09-16,SOXS,mid,ETF,True,hold,hold,hold,hold,False,False,False,False,False,"confidence,risk",44,53,retained_v1_plus_zero_profile_confidence_and_declared_source_validation,"Primary moving-average structure remains bearish.,OBV or price-volume behavior indicates distribution.,Price is approaching the reduce range but has not entered the recommended reduce/exit zone.,Market volatility or broad trend calls for more cautious execution.,10Y yield backdrop is restrictive for rate-sensitive risk.",hold,hold
2026-09-16,SOXS,long,ETF,True,hold,hold,hold,hold,False,False,False,False,False,"confidence,risk",31,35,retained_v1_plus_zero_profile_confidence_and_declared_source_validation,"Relative Strength is lagging its relevant benchmarks.,Primary moving-average structure remains bearish.,Price is near the opportunity range but has not entered the recommended buy/add zone.,Market volatility or broad trend calls for more cautious execution.,10Y yield backdrop is restrictive for rate-sensitive risk.",hold,hold
2026-09-16,SPCX,short,stock,True,trim,trim,hold,hold,False,False,True,False,False,"confidence,risk",11,24,fixed_stock_short_v2_rebuild,v2_trend_resistance,trim,hold
2026-09-16,SPCX,mid,stock,True,trim,trim,trim,trim,False,False,False,False,False,"confidence,risk",11,20,retained_v1_plus_zero_profile_confidence_and_declared_source_validation,"Current price has reached the reduce zone; reduce exposure rather than add.,Market volatility or broad trend calls for more cautious execution.,10Y yield backdrop is restrictive for rate-sensitive risk.",trim,trim
2026-09-16,SPCX,long,stock,True,hold,hold,hold,hold,False,False,False,False,False,"confidence,risk",23,28,retained_v1_plus_zero_profile_confidence_and_declared_source_validation,"Current price is in the neutral space between actionable price zones.,Market volatility or broad trend calls for more cautious execution.,10Y yield backdrop is restrictive for rate-sensitive risk.",hold,hold
2026-09-16,SPMO,short,ETF,True,hold,hold,hold,hold,False,False,False,False,False,"confidence,risk",10,22,retained_v1_plus_zero_profile_confidence_and_declared_source_validation,"Primary MACD structure still confirms downside momentum.,Primary moving-average structure remains bearish.,OBV or price-volume behavior indicates distribution.,Price is extended into layered resistance rather than support.,Relative Strength is lagging its relevant benchmarks.",hold,hold
2026-09-16,SPMO,mid,ETF,True,hold,hold,hold,hold,False,False,False,False,False,"confidence,risk",7,15,retained_v1_plus_zero_profile_confidence_and_declared_source_validation,"Primary MACD structure still confirms downside momentum.,OBV or price-volume behavior indicates distribution.,Relative Strength is lagging its relevant benchmarks.,Primary moving-average structure remains bearish.,Trend is weak, but price has not entered a reduce zone or confirmed a breakdown.",hold,hold
2026-09-16,SPMO,long,ETF,True,hold,hold,hold,hold,False,False,False,False,False,"confidence,risk",13,18,retained_v1_plus_zero_profile_confidence_and_declared_source_validation,"OBV or price-volume behavior indicates distribution.,Primary MACD structure still confirms downside momentum.,Upside is extended and marginal momentum/participation is weakening.,Current price is in the neutral space between actionable price zones.,Market volatility or broad trend calls for more cautious execution.",hold,hold
2026-09-16,SQQQ,short,ETF,True,trim,trim,trim,trim,False,False,False,False,False,"confidence,risk",12,24,retained_v1_plus_zero_profile_confidence_and_declared_source_validation,"Current price has reached the reduce zone; reduce exposure rather than add.,Market volatility or broad trend calls for more cautious execution.,10Y yield backdrop is restrictive for rate-sensitive risk.",trim,trim
2026-09-16,SQQQ,mid,ETF,True,hold,hold,hold,hold,False,False,False,False,False,"confidence,risk",10,19,retained_v1_plus_zero_profile_confidence_and_declared_source_validation,"Primary moving-average structure remains bearish.,Current price is in the neutral space between actionable price zones.,Market volatility or broad trend calls for more cautious execution.,10Y yield backdrop is restrictive for rate-sensitive risk.",hold,hold
2026-09-16,SQQQ,long,ETF,True,hold,hold,hold,hold,False,False,False,False,False,"confidence,risk",23,27,retained_v1_plus_zero_profile_confidence_and_declared_source_validation,"Relative Strength is lagging its relevant benchmarks.,OBV or price-volume behavior indicates distribution.,Primary moving-average structure remains bearish.,Current price is in the neutral space between actionable price zones.,Market volatility or broad trend calls for more cautious execution.",hold,hold
2026-09-16,TEM,short,stock,True,hold,hold,hold,hold,False,False,True,False,False,"confidence,risk",33,45,fixed_stock_short_v2_rebuild,v2_trend_resistance,hold,hold
2026-09-16,TEM,mid,stock,True,trim,trim,trim,trim,False,False,False,False,False,"confidence,risk",22,31,retained_v1_plus_zero_profile_confidence_and_declared_source_validation,"Current price has reached the reduce zone; reduce exposure rather than add.,Market volatility or broad trend calls for more cautious execution.,10Y yield backdrop is restrictive for rate-sensitive risk.",trim,trim
2026-09-16,TEM,long,stock,True,hold,hold,hold,hold,False,False,False,False,False,"confidence,risk",22,27,retained_v1_plus_zero_profile_confidence_and_declared_source_validation,"Market volatility or broad trend calls for more cautious execution.,10Y yield backdrop is restrictive for rate-sensitive risk.",hold,hold
2026-09-16,TQQQ,short,ETF,True,accumulate,accumulate,accumulate,accumulate,False,False,True,False,False,"confidence,risk",13,25,retained_v1_plus_zero_profile_confidence_and_declared_source_validation,"Primary MACD structure still confirms downside momentum.,Primary moving-average structure remains bearish.,OBV or price-volume behavior indicates distribution.,Relative Strength is lagging its relevant benchmarks.,Market volatility or broad trend calls for more cautious execution.",accumulate,accumulate
2026-09-16,TQQQ,mid,ETF,True,accumulate,accumulate,accumulate,accumulate,False,False,False,False,False,"confidence,risk",10,19,retained_v1_plus_zero_profile_confidence_and_declared_source_validation,"Primary MACD structure still confirms downside momentum.,Relative Strength is lagging its relevant benchmarks.,OBV or price-volume behavior indicates distribution.,Primary moving-average structure remains bearish.,Price is extended into layered resistance rather than support.",accumulate,accumulate
2026-09-16,TQQQ,long,ETF,True,accumulate,accumulate,accumulate,accumulate,False,False,False,False,False,"confidence,risk",27,31,retained_v1_plus_zero_profile_confidence_and_declared_source_validation,"Primary MACD structure still confirms downside momentum.,Market volatility or broad trend calls for more cautious execution.,10Y yield backdrop is restrictive for rate-sensitive risk.",accumulate,accumulate
2026-09-16,TSLA,short,stock,True,accumulate,accumulate,hold,hold,False,False,True,False,False,"confidence,risk",12,24,fixed_stock_short_v2_rebuild,v2_entry_unconfirmed,accumulate,hold
2026-09-16,TSLA,mid,stock,True,hold,hold,hold,hold,False,False,False,False,False,"confidence,risk",10,19,retained_v1_plus_zero_profile_confidence_and_declared_source_validation,"Primary moving-average structure remains bearish.,Relative Strength is lagging its relevant benchmarks.,Current price is in the neutral space between actionable price zones.,Market volatility or broad trend calls for more cautious execution.,10Y yield backdrop is restrictive for rate-sensitive risk.",hold,hold
2026-09-16,TSLA,long,stock,True,hold,hold,hold,hold,False,False,False,False,False,"confidence,risk",13,18,retained_v1_plus_zero_profile_confidence_and_declared_source_validation,"Relative Strength is lagging its relevant benchmarks.,Primary moving-average structure remains bearish.,Primary MACD structure still confirms downside momentum.,Trend is weak, but price has not entered a reduce zone or confirmed a breakdown.,Market volatility or broad trend calls for more cautious execution.",hold,hold
2026-09-16,TSM,short,stock,True,accumulate,accumulate,hold,hold,False,False,True,False,False,"confidence,risk",11,23,fixed_stock_short_v2_rebuild,"v2_entry_unconfirmed,primary_moving_average_structure_remains_bearish",accumulate,hold
2026-09-16,TSM,mid,stock,True,hold,hold,hold,hold,False,False,False,False,False,"confidence,risk",9,17,retained_v1_plus_zero_profile_confidence_and_declared_source_validation,"Relative Strength is lagging its relevant benchmarks.,Primary MACD structure still confirms downside momentum.,Current price is in the neutral space between actionable price zones.,Market volatility or broad trend calls for more cautious execution.,10Y yield backdrop is restrictive for rate-sensitive risk.",hold,hold
2026-09-16,TSM,long,stock,True,hold,hold,hold,hold,False,False,False,False,False,"confidence,risk",15,20,retained_v1_plus_zero_profile_confidence_and_declared_source_validation,"Price is near the opportunity range but has not entered the recommended buy/add zone.,Market volatility or broad trend calls for more cautious execution.,10Y yield backdrop is restrictive for rate-sensitive risk.",hold,hold
2026-09-16,UNH,short,stock,True,hold,hold,hold,hold,False,False,True,False,False,"confidence,risk",17,29,fixed_stock_short_v2_rebuild,"v2_entry_unconfirmed,primary_moving_average_structure_remains_bearish,relative_strength_is_lagging_its_relevant_benchmarks",hold,hold
2026-09-16,UNH,mid,stock,True,hold,hold,hold,hold,False,False,False,False,False,"confidence,risk",8,16,retained_v1_plus_zero_profile_confidence_and_declared_source_validation,"Primary MACD structure still confirms downside momentum.,Primary moving-average structure remains bearish.,OBV or price-volume behavior indicates distribution.,Relative Strength is lagging its relevant benchmarks.,Price is extended into layered resistance rather than support.",hold,hold
2026-09-16,UNH,long,stock,True,hold,hold,hold,hold,False,False,False,False,False,"confidence,risk",9,14,retained_v1_plus_zero_profile_confidence_and_declared_source_validation,"OBV or price-volume behavior indicates distribution.,Primary MACD structure still confirms downside momentum.,Price is extended into layered resistance rather than support.,Upside is extended and marginal momentum/participation is weakening.,Price is near the opportunity range but has not entered the recommended buy/add zone.",hold,hold
2026-09-16,XE,short,stock,True,hold,hold,hold,hold,False,False,True,False,False,"confidence,risk",18,30,fixed_stock_short_v2_rebuild,"v2_entry_unconfirmed,primary_moving_average_structure_remains_bearish,relative_strength_is_lagging_its_relevant_benchmarks",hold,hold
2026-09-16,XE,mid,stock,True,avoid,avoid,avoid,avoid,False,False,False,False,False,"confidence,risk",23,32,retained_v1_plus_zero_profile_confidence_and_declared_source_validation,"Relative Strength is lagging its relevant benchmarks.,Primary MACD structure still confirms downside momentum.,Primary moving-average structure remains bearish.,OBV or price-volume behavior indicates distribution.,Price landscape quality is insufficient for an actionable recommendation.",avoid,avoid
2026-09-16,XE,long,stock,True,hold,hold,hold,hold,False,False,False,False,False,"confidence,risk",24,29,retained_v1_plus_zero_profile_confidence_and_declared_source_validation,"Primary moving-average structure remains bearish.,OBV or price-volume behavior indicates distribution.,Price is near the opportunity range but has not entered the recommended buy/add zone.,Market volatility or broad trend calls for more cautious execution.,10Y yield backdrop is restrictive for rate-sensitive risk.",hold,hold
2026-09-16,ZETA,short,stock,True,hold,hold,hold,hold,False,False,True,False,False,"confidence,risk",11,24,fixed_stock_short_v2_rebuild,v2_location,hold,hold
2026-09-16,ZETA,mid,stock,True,hold,hold,hold,hold,False,False,False,False,False,"confidence,risk",16,25,retained_v1_plus_zero_profile_confidence_and_declared_source_validation,"Primary MACD structure still confirms downside momentum.,Price is near the opportunity range but has not entered the recommended buy/add zone.,Market volatility or broad trend calls for more cautious execution.,10Y yield backdrop is restrictive for rate-sensitive risk.",hold,hold
2026-09-16,ZETA,long,stock,True,hold,hold,hold,hold,False,False,False,False,False,"confidence,risk",25,30,retained_v1_plus_zero_profile_confidence_and_declared_source_validation,"Market volatility or broad trend calls for more cautious execution.,10Y yield backdrop is restrictive for rate-sensitive risk.",hold,hold
2026-09-17,AAPL,short,stock,True,hold,hold,hold,hold,False,False,True,False,False,"confidence,risk",2,8,fixed_stock_short_v2_rebuild,v2_location,hold,hold
2026-09-17,AAPL,mid,stock,True,hold,hold,hold,hold,False,False,False,False,False,"confidence,risk",8,12,retained_v1_plus_zero_profile_confidence_and_declared_source_validation,"Price is approaching the reduce range but has not entered the recommended reduce/exit zone.,10Y yield backdrop is restrictive for rate-sensitive risk.",hold,hold
2026-09-17,AAPL,long,stock,True,trim,trim,trim,trim,False,False,False,False,False,"confidence,risk",8,10,retained_v1_plus_zero_profile_confidence_and_declared_source_validation,"Current price has reached the reduce zone; reduce exposure rather than add.,10Y yield backdrop is restrictive for rate-sensitive risk.",trim,trim
2026-09-17,AMD,short,stock,True,hold,hold,accumulate,accumulate,False,False,True,False,False,"confidence,risk",8,14,fixed_stock_short_v2_rebuild,,hold,accumulate
2026-09-17,AMD,mid,stock,True,hold,hold,hold,hold,False,False,False,False,False,"confidence,risk",11,15,retained_v1_plus_zero_profile_confidence_and_declared_source_validation,10Y yield backdrop is restrictive for rate-sensitive risk.,hold,hold
2026-09-17,AMD,long,stock,True,hold,hold,hold,hold,False,False,False,False,False,"confidence,risk",18,20,retained_v1_plus_zero_profile_confidence_and_declared_source_validation,"Primary MACD structure still confirms downside momentum.,Upside is extended and marginal momentum/participation is weakening.,Price is approaching the reduce range but has not entered the recommended reduce/exit zone.,10Y yield backdrop is restrictive for rate-sensitive risk.",hold,hold
2026-09-17,AMZN,short,stock,True,accumulate,accumulate,hold,hold,False,False,True,False,False,"confidence,risk",0,6,fixed_stock_short_v2_rebuild,"v2_entry_unconfirmed,primary_moving_average_structure_remains_bearish,relative_strength_is_lagging_its_relevant_benchmarks",accumulate,hold
2026-09-17,AMZN,mid,stock,True,hold,hold,hold,hold,False,False,False,False,False,"confidence,risk",1,5,retained_v1_plus_zero_profile_confidence_and_declared_source_validation,"Primary MACD structure still confirms downside momentum.,OBV or price-volume behavior indicates distribution.,Price is extended into layered resistance rather than support.,Trend is weak, but price has not entered a reduce zone or confirmed a breakdown.,10Y yield backdrop is restrictive for rate-sensitive risk.",hold,hold
2026-09-17,AMZN,long,stock,True,hold,hold,hold,hold,False,False,False,False,False,"confidence,risk",5,7,retained_v1_plus_zero_profile_confidence_and_declared_source_validation,"Price is near the opportunity range but has not entered the recommended buy/add zone.,10Y yield backdrop is restrictive for rate-sensitive risk.",hold,hold
2026-09-17,BABA,short,stock,True,accumulate,accumulate,hold,hold,False,False,True,False,False,"confidence,risk",0,6,fixed_stock_short_v2_rebuild,"v2_entry_unconfirmed,primary_moving_average_structure_remains_bearish,relative_strength_is_lagging_its_relevant_benchmarks",accumulate,hold
2026-09-17,BABA,mid,stock,True,sell,sell,sell,sell,False,False,False,False,False,"confidence,risk",4,8,retained_v1_plus_zero_profile_confidence_and_declared_source_validation,"Primary moving-average structure remains bearish.,Primary MACD structure still confirms downside momentum.,OBV or price-volume behavior indicates distribution.,A confirmed breakdown has invalidated the prior opportunity structure; exit is anchored near the current executable area.,10Y yield backdrop is restrictive for rate-sensitive risk.",sell,sell
2026-09-17,BABA,long,stock,True,hold,hold,hold,hold,False,False,False,False,False,"confidence,risk",14,16,retained_v1_plus_zero_profile_confidence_and_declared_source_validation,"Relative Strength is lagging its relevant benchmarks.,Primary moving-average structure remains bearish.,OBV or price-volume behavior indicates distribution.,Trend is weak, but price has not entered a reduce zone or confirmed a breakdown.,10Y yield backdrop is restrictive for rate-sensitive risk.",hold,hold
2026-09-17,CRCL,short,stock,True,hold,hold,hold,hold,False,False,True,False,False,"confidence,risk",14,21,fixed_stock_short_v2_rebuild,"v2_entry_unconfirmed,primary_moving_average_structure_remains_bearish",hold,hold
2026-09-17,CRCL,mid,stock,True,hold,hold,hold,hold,False,False,False,False,False,"confidence,risk",7,12,retained_v1_plus_zero_profile_confidence_and_declared_source_validation,"Primary MACD structure still confirms downside momentum.,Price is near the opportunity range but has not entered the recommended buy/add zone.,10Y yield backdrop is restrictive for rate-sensitive risk.",hold,hold
2026-09-17,CRCL,long,stock,True,hold,hold,hold,hold,False,False,False,False,False,"confidence,risk",19,22,retained_v1_plus_zero_profile_confidence_and_declared_source_validation,"Relative Strength is lagging its relevant benchmarks.,Current price is in the neutral space between actionable price zones.,10Y yield backdrop is restrictive for rate-sensitive risk.",hold,hold
2026-09-17,CRWV,short,stock,True,hold,hold,hold,hold,False,False,True,False,False,"confidence,risk",13,19,fixed_stock_short_v2_rebuild,"v2_location,primary_moving_average_structure_remains_bearish,relative_strength_is_lagging_its_relevant_benchmarks",hold,hold
2026-09-17,CRWV,mid,stock,True,hold,hold,hold,hold,False,False,False,False,False,"confidence,risk",16,20,retained_v1_plus_zero_profile_confidence_and_declared_source_validation,"Relative Strength is lagging its relevant benchmarks.,Primary MACD structure still confirms downside momentum.,Primary moving-average structure remains bearish.,OBV or price-volume behavior indicates distribution.,Trend is weak, but price has not entered a reduce zone or confirmed a breakdown.",hold,hold
2026-09-17,CRWV,long,stock,True,hold,hold,hold,hold,False,False,False,False,False,"confidence,risk",26,29,retained_v1_plus_zero_profile_confidence_and_declared_source_validation,"OBV or price-volume behavior indicates distribution.,Relative Strength is lagging its relevant benchmarks.,Primary MACD structure still confirms downside momentum.,Current price is in the neutral space between actionable price zones.,10Y yield backdrop is restrictive for rate-sensitive risk.",hold,hold
2026-09-17,GEV,short,stock,True,hold,hold,hold,hold,False,False,True,False,False,"confidence,risk",1,7,fixed_stock_short_v2_rebuild,"v2_trend_resistance,primary_moving_average_structure_remains_bearish",hold,hold
2026-09-17,GEV,mid,stock,True,hold,hold,hold,hold,False,False,False,False,False,"confidence,risk",3,7,retained_v1_plus_zero_profile_confidence_and_declared_source_validation,"Primary moving-average structure remains bearish.,OBV or price-volume behavior indicates distribution.,Relative Strength is lagging its relevant benchmarks.,Trend is weak, but price has not entered a reduce zone or confirmed a breakdown.,10Y yield backdrop is restrictive for rate-sensitive risk.",hold,hold
2026-09-17,GEV,long,stock,True,accumulate,accumulate,accumulate,accumulate,False,False,False,False,False,"confidence,risk",17,19,retained_v1_plus_zero_profile_confidence_and_declared_source_validation,"OBV or price-volume behavior indicates distribution.,Primary MACD structure still confirms downside momentum.,Relative Strength is lagging its relevant benchmarks.,Upside is extended and marginal momentum/participation is weakening.,10Y yield backdrop is restrictive for rate-sensitive risk.",accumulate,accumulate
2026-09-17,GOOGL,short,stock,True,hold,hold,hold,hold,False,False,True,False,False,"confidence,risk",0,6,fixed_stock_short_v2_rebuild,v2_trend_resistance,hold,hold
2026-09-17,GOOGL,mid,stock,True,hold,hold,hold,hold,False,False,False,False,False,"confidence,risk",7,11,retained_v1_plus_zero_profile_confidence_and_declared_source_validation,"OBV or price-volume behavior indicates distribution.,Primary moving-average structure remains bearish.,Current price is in the neutral space between actionable price zones.,10Y yield backdrop is restrictive for rate-sensitive risk.",hold,hold
2026-09-17,GOOGL,long,stock,True,hold,hold,hold,hold,False,False,False,False,False,"confidence,risk",9,11,retained_v1_plus_zero_profile_confidence_and_declared_source_validation,"OBV or price-volume behavior indicates distribution.,Primary MACD structure still confirms downside momentum.,Price is near the opportunity range but has not entered the recommended buy/add zone.,10Y yield backdrop is restrictive for rate-sensitive risk.",hold,hold
2026-09-17,GS,short,stock,True,sell,sell,sell,sell,False,False,False,False,False,"confidence,risk",9,16,fixed_stock_short_v2_rebuild,"v2_break,primary_moving_average_structure_remains_bearish,relative_strength_is_lagging_its_relevant_benchmarks",sell,sell
2026-09-17,GS,mid,stock,True,hold,hold,hold,hold,False,False,False,False,False,"confidence,risk",4,9,retained_v1_plus_zero_profile_confidence_and_declared_source_validation,"Primary MACD structure still confirms downside momentum.,Relative Strength is lagging its relevant benchmarks.,OBV or price-volume behavior indicates distribution.,Primary moving-average structure remains bearish.,Upside is extended and marginal momentum/participation is weakening.",hold,hold
2026-09-17,GS,long,stock,True,hold,hold,hold,hold,False,False,False,False,False,"confidence,risk",4,7,retained_v1_plus_zero_profile_confidence_and_declared_source_validation,"OBV or price-volume behavior indicates distribution.,Primary MACD structure still confirms downside momentum.,Price is extended into layered resistance rather than support.,Upside is extended and marginal momentum/participation is weakening.,Current price is in the neutral space between actionable price zones.",hold,hold
2026-09-17,HIMS,short,stock,True,hold,hold,hold,hold,False,False,True,False,False,"confidence,risk",2,8,fixed_stock_short_v2_rebuild,"v2_entry_unconfirmed,primary_moving_average_structure_remains_bearish,relative_strength_is_lagging_its_relevant_benchmarks",hold,hold
2026-09-17,HIMS,mid,stock,True,hold,hold,hold,hold,False,False,False,False,False,"confidence,risk",5,9,retained_v1_plus_zero_profile_confidence_and_declared_source_validation,"Relative Strength is lagging its relevant benchmarks.,Primary moving-average structure remains bearish.,Primary MACD structure still confirms downside momentum.,Price is near the opportunity range but has not entered the recommended buy/add zone.,10Y yield backdrop is restrictive for rate-sensitive risk.",hold,hold
2026-09-17,HIMS,long,stock,True,hold,hold,hold,hold,False,False,False,False,False,"confidence,risk",17,19,retained_v1_plus_zero_profile_confidence_and_declared_source_validation,"Primary MACD structure still confirms downside momentum.,OBV or price-volume behavior indicates distribution.,Upside is extended and marginal momentum/participation is weakening.,Current price is in the neutral space between actionable price zones.,10Y yield backdrop is restrictive for rate-sensitive risk.",hold,hold
2026-09-17,LULU,short,stock,True,hold,hold,accumulate,accumulate,False,False,True,False,False,"confidence,risk",6,12,fixed_stock_short_v2_rebuild,"primary_moving_average_structure_remains_bearish,relative_strength_is_lagging_its_relevant_benchmarks",hold,hold
2026-09-17,LULU,mid,stock,True,sell,sell,sell,sell,False,False,False,False,False,"confidence,risk",17,21,retained_v1_plus_zero_profile_confidence_and_declared_source_validation,"Primary moving-average structure remains bearish.,Primary MACD structure still confirms downside momentum.,OBV or price-volume behavior indicates distribution.,Relative Strength is lagging its relevant benchmarks.,A confirmed breakdown has invalidated the prior opportunity structure; exit is anchored near the current executable area.",sell,sell
2026-09-17,LULU,long,stock,True,accumulate,accumulate,accumulate,accumulate,False,False,False,False,False,"confidence,risk",29,31,retained_v1_plus_zero_profile_confidence_and_declared_source_validation,"Relative Strength is lagging its relevant benchmarks.,Primary moving-average structure remains bearish.,OBV or price-volume behavior indicates distribution.,Price is extended into layered resistance rather than support.,10Y yield backdrop is restrictive for rate-sensitive risk.",accumulate,accumulate
2026-09-17,META,short,stock,True,hold,hold,hold,hold,False,False,True,False,False,"confidence,risk",22,28,fixed_stock_short_v2_rebuild,v2_location,hold,hold
2026-09-17,META,mid,stock,True,hold,hold,hold,hold,False,False,False,False,False,"confidence,risk",15,19,retained_v1_plus_zero_profile_confidence_and_declared_source_validation,10Y yield backdrop is restrictive for rate-sensitive risk.,hold,hold
2026-09-17,META,long,stock,True,hold,hold,hold,hold,False,False,False,False,False,"confidence,risk",12,14,retained_v1_plus_zero_profile_confidence_and_declared_source_validation,"Current price is in the neutral space between actionable price zones.,10Y yield backdrop is restrictive for rate-sensitive risk.",hold,hold
2026-09-17,MPT,short,stock,True,hold,hold,hold,hold,False,False,False,False,False,"confidence,risk",11,18,fixed_stock_short_v2_rebuild,"v2_location,primary_moving_average_structure_remains_bearish,relative_strength_is_lagging_its_relevant_benchmarks",hold,hold
2026-09-17,MPT,mid,stock,True,sell,sell,sell,sell,False,False,False,False,False,"confidence,risk",31,36,retained_v1_plus_zero_profile_confidence_and_declared_source_validation,"Primary moving-average structure remains bearish.,Relative Strength is lagging its relevant benchmarks.,Primary MACD structure still confirms downside momentum.,OBV or price-volume behavior indicates distribution.,A confirmed breakdown has invalidated the prior opportunity structure; exit is anchored near the current executable area.",sell,sell
2026-09-17,MPT,long,stock,True,sell,sell,sell,sell,False,False,False,False,False,"confidence,risk",23,26,retained_v1_plus_zero_profile_confidence_and_declared_source_validation,"Relative Strength is lagging its relevant benchmarks.,Primary MACD structure still confirms downside momentum.,Primary moving-average structure remains bearish.,OBV or price-volume behavior indicates distribution.,Price is extended into layered resistance rather than support.",sell,sell
2026-09-17,MSFT,short,stock,True,hold,hold,hold,hold,False,False,True,False,False,"confidence,risk",0,6,fixed_stock_short_v2_rebuild,v2_location,hold,hold
2026-09-17,MSFT,mid,stock,True,hold,hold,hold,hold,False,False,False,False,False,"confidence,risk",6,10,retained_v1_plus_zero_profile_confidence_and_declared_source_validation,"Primary MACD structure still confirms downside momentum.,10Y yield backdrop is restrictive for rate-sensitive risk.",hold,hold
2026-09-17,MSFT,long,stock,True,hold,hold,hold,hold,False,False,False,False,False,"confidence,risk",8,10,retained_v1_plus_zero_profile_confidence_and_declared_source_validation,"OBV or price-volume behavior indicates distribution.,Upside is extended and marginal momentum/participation is weakening.,10Y yield backdrop is restrictive for rate-sensitive risk.",hold,hold
2026-09-17,MU,short,stock,True,hold,hold,hold,hold,False,False,True,False,False,"confidence,risk",4,10,fixed_stock_short_v2_rebuild,v2_location,hold,hold
2026-09-17,MU,mid,stock,True,hold,hold,hold,hold,False,False,False,False,False,"confidence,risk",3,7,retained_v1_plus_zero_profile_confidence_and_declared_source_validation,"OBV or price-volume behavior indicates distribution.,Relative Strength is lagging its relevant benchmarks.,Primary MACD structure still confirms downside momentum.,Upside is extended and marginal momentum/participation is weakening.,Current price is in the neutral space between actionable price zones.",hold,hold
2026-09-17,MU,long,stock,True,hold,hold,hold,hold,False,False,False,False,False,"confidence,risk",21,23,retained_v1_plus_zero_profile_confidence_and_declared_source_validation,"OBV or price-volume behavior indicates distribution.,Primary MACD structure still confirms downside momentum.,Upside is extended and marginal momentum/participation is weakening.,Current price is in the neutral space between actionable price zones.,10Y yield backdrop is restrictive for rate-sensitive risk.",hold,hold
2026-09-17,NFLX,short,stock,True,hold,hold,hold,hold,False,False,True,False,False,"confidence,risk",0,6,fixed_stock_short_v2_rebuild,"v2_location,primary_moving_average_structure_remains_bearish",hold,hold
2026-09-17,NFLX,mid,stock,True,accumulate,accumulate,accumulate,accumulate,False,False,False,False,False,"confidence,risk",1,5,retained_v1_plus_zero_profile_confidence_and_declared_source_validation,"Primary MACD structure still confirms downside momentum.,OBV or price-volume behavior indicates distribution.,Primary moving-average structure remains bearish.,10Y yield backdrop is restrictive for rate-sensitive risk.",accumulate,accumulate
2026-09-17,NFLX,long,stock,True,hold,hold,hold,hold,False,False,False,False,False,"confidence,risk",5,7,retained_v1_plus_zero_profile_confidence_and_declared_source_validation,"Relative Strength is lagging its relevant benchmarks.,Primary moving-average structure remains bearish.,Trend is weak, but price has not entered a reduce zone or confirmed a breakdown.,10Y yield backdrop is restrictive for rate-sensitive risk.",hold,hold
2026-09-17,NOK,short,stock,True,accumulate,accumulate,hold,hold,False,False,False,False,False,"confidence,risk",2,8,fixed_stock_short_v2_rebuild,v2_location,accumulate,accumulate
2026-09-17,NOK,mid,stock,True,accumulate,accumulate,accumulate,accumulate,False,False,False,False,False,"confidence,risk",4,8,retained_v1_plus_zero_profile_confidence_and_declared_source_validation,"Relative Strength is lagging its relevant benchmarks.,Primary moving-average structure remains bearish.,10Y yield backdrop is restrictive for rate-sensitive risk.",accumulate,accumulate
2026-09-17,NOK,long,stock,True,hold,hold,hold,hold,False,False,False,False,False,"confidence,risk",24,26,retained_v1_plus_zero_profile_confidence_and_declared_source_validation,"OBV or price-volume behavior indicates distribution.,Price is approaching the reduce range but has not entered the recommended reduce/exit zone.,10Y yield backdrop is restrictive for rate-sensitive risk.",hold,hold
2026-09-17,NOW,short,stock,True,accumulate,accumulate,accumulate,accumulate,False,False,True,False,False,"confidence,risk",1,7,fixed_stock_short_v2_rebuild,,accumulate,accumulate
2026-09-17,NOW,mid,stock,True,accumulate,accumulate,accumulate,accumulate,False,False,False,False,False,"confidence,risk",4,8,retained_v1_plus_zero_profile_confidence_and_declared_source_validation,10Y yield backdrop is restrictive for rate-sensitive risk.,accumulate,accumulate
2026-09-17,NOW,long,stock,True,hold,hold,hold,hold,False,False,False,False,False,"confidence,risk",10,13,retained_v1_plus_zero_profile_confidence_and_declared_source_validation,10Y yield backdrop is restrictive for rate-sensitive risk.,hold,hold
2026-09-17,NVDA,short,stock,True,hold,hold,hold,hold,False,False,True,False,False,"confidence,risk",10,16,fixed_stock_short_v2_rebuild,v2_location,hold,hold
2026-09-17,NVDA,mid,stock,True,accumulate,accumulate,accumulate,accumulate,False,False,False,False,False,"confidence,risk",1,5,retained_v1_plus_zero_profile_confidence_and_declared_source_validation,"OBV or price-volume behavior indicates distribution.,Primary MACD structure still confirms downside momentum.,10Y yield backdrop is restrictive for rate-sensitive risk.",accumulate,accumulate
2026-09-17,NVDA,long,stock,True,hold,hold,hold,hold,False,False,False,False,False,"confidence,risk",9,11,retained_v1_plus_zero_profile_confidence_and_declared_source_validation,"Price is approaching the reduce range but has not entered the recommended reduce/exit zone.,10Y yield backdrop is restrictive for rate-sensitive risk.",hold,hold
2026-09-17,ORCL,short,stock,True,hold,hold,hold,hold,False,False,True,False,False,"confidence,risk",6,12,fixed_stock_short_v2_rebuild,v2_location,hold,hold
2026-09-17,ORCL,mid,stock,True,hold,hold,hold,hold,False,False,False,False,False,"confidence,risk",3,7,retained_v1_plus_zero_profile_confidence_and_declared_source_validation,"OBV or price-volume behavior indicates distribution.,Primary moving-average structure remains bearish.,Primary MACD structure still confirms downside momentum.,Relative Strength is lagging its relevant benchmarks.,Upside is extended and marginal momentum/participation is weakening.",hold,hold
2026-09-17,ORCL,long,stock,True,hold,hold,hold,hold,False,False,False,False,False,"confidence,risk",16,19,retained_v1_plus_zero_profile_confidence_and_declared_source_validation,"OBV or price-volume behavior indicates distribution.,Primary moving-average structure remains bearish.,Relative Strength is lagging its relevant benchmarks.,Price is approaching the reduce range but has not entered the recommended reduce/exit zone.,10Y yield backdrop is restrictive for rate-sensitive risk.",hold,hold
2026-09-17,PLTR,short,stock,True,hold,hold,hold,hold,False,False,True,False,False,"confidence,risk",1,7,fixed_stock_short_v2_rebuild,v2_location,hold,hold
2026-09-17,PLTR,mid,stock,True,accumulate,accumulate,accumulate,accumulate,False,False,False,False,False,"confidence,risk",4,8,retained_v1_plus_zero_profile_confidence_and_declared_source_validation,10Y yield backdrop is restrictive for rate-sensitive risk.,accumulate,accumulate
2026-09-17,PLTR,long,stock,True,hold,hold,hold,hold,False,False,False,False,False,"confidence,risk",12,15,retained_v1_plus_zero_profile_confidence_and_declared_source_validation,"Price is approaching the reduce range but has not entered the recommended reduce/exit zone.,10Y yield backdrop is restrictive for rate-sensitive risk.",hold,hold
2026-09-17,QQQ,short,ETF,True,hold,hold,hold,hold,False,False,True,False,False,"confidence,risk",6,12,retained_v1_plus_zero_profile_confidence_and_declared_source_validation,"OBV or price-volume behavior indicates distribution.,Current price is in the neutral space between actionable price zones.,10Y yield backdrop is restrictive for rate-sensitive risk.",hold,hold
2026-09-17,QQQ,mid,ETF,True,accumulate,accumulate,accumulate,accumulate,False,False,False,False,False,"confidence,risk",0,4,retained_v1_plus_zero_profile_confidence_and_declared_source_validation,"Primary MACD structure still confirms downside momentum.,10Y yield backdrop is restrictive for rate-sensitive risk.",accumulate,accumulate
2026-09-17,QQQ,long,ETF,True,hold,hold,hold,hold,False,False,False,False,False,"confidence,risk",7,9,retained_v1_plus_zero_profile_confidence_and_declared_source_validation,"Primary MACD structure still confirms downside momentum.,Price is approaching the reduce range but has not entered the recommended reduce/exit zone.,10Y yield backdrop is restrictive for rate-sensitive risk.",hold,hold
2026-09-17,SOFI,short,stock,True,hold,hold,hold,hold,False,False,False,False,False,"confidence,risk",6,13,fixed_stock_short_v2_rebuild,"v2_location,primary_moving_average_structure_remains_bearish,relative_strength_is_lagging_its_relevant_benchmarks",hold,hold
2026-09-17,SOFI,mid,stock,True,hold,hold,hold,hold,False,False,False,False,False,"confidence,risk",3,8,retained_v1_plus_zero_profile_confidence_and_declared_source_validation,"Primary MACD structure still confirms downside momentum.,OBV or price-volume behavior indicates distribution.,Price is extended into layered resistance rather than support.,Price is approaching the reduce range but has not entered the recommended reduce/exit zone.,10Y yield backdrop is restrictive for rate-sensitive risk.",hold,hold
2026-09-17,SOFI,long,stock,True,hold,hold,hold,hold,False,False,False,False,False,"confidence,risk",18,21,retained_v1_plus_zero_profile_confidence_and_declared_source_validation,"OBV or price-volume behavior indicates distribution.,Primary moving-average structure remains bearish.,Relative Strength is lagging its relevant benchmarks.,Current price is in the neutral space between actionable price zones.,10Y yield backdrop is restrictive for rate-sensitive risk.",hold,hold
2026-09-17,SOXL,short,ETF,True,hold,hold,hold,hold,False,False,True,False,False,"confidence,risk",4,10,retained_v1_plus_zero_profile_confidence_and_declared_source_validation,"OBV or price-volume behavior indicates distribution.,Primary moving-average structure remains bearish.,Relative Strength is lagging its relevant benchmarks.,Current price is in the neutral space between actionable price zones.,10Y yield backdrop is restrictive for rate-sensitive risk.",hold,hold
2026-09-17,SOXL,mid,ETF,True,hold,hold,hold,hold,False,False,False,False,False,"confidence,risk",9,13,retained_v1_plus_zero_profile_confidence_and_declared_source_validation,"Relative Strength is lagging its relevant benchmarks.,Primary moving-average structure remains bearish.,Trend is weak, but price has not entered a reduce zone or confirmed a breakdown.,10Y yield backdrop is restrictive for rate-sensitive risk.",hold,hold
2026-09-17,SOXL,long,ETF,True,hold,hold,hold,hold,False,False,False,False,False,"confidence,risk",25,27,retained_v1_plus_zero_profile_confidence_and_declared_source_validation,"OBV or price-volume behavior indicates distribution.,Primary MACD structure still confirms downside momentum.,Current price is in the neutral space between actionable price zones.,10Y yield backdrop is restrictive for rate-sensitive risk.",hold,hold
2026-09-17,SOXS,short,ETF,True,hold,hold,hold,hold,False,False,True,False,False,"confidence,risk",5,11,retained_v1_plus_zero_profile_confidence_and_declared_source_validation,"Primary MACD structure still confirms downside momentum.,OBV or price-volume behavior indicates distribution.,Upside is extended and marginal momentum/participation is weakening.,Trend is weak, but price has not entered a reduce zone or confirmed a breakdown.,10Y yield backdrop is restrictive for rate-sensitive risk.",hold,hold
2026-09-17,SOXS,mid,ETF,True,hold,hold,hold,hold,False,False,False,False,False,"confidence,risk",36,40,retained_v1_plus_zero_profile_confidence_and_declared_source_validation,"Primary moving-average structure remains bearish.,OBV or price-volume behavior indicates distribution.,Price is near the opportunity range but has not entered the recommended buy/add zone.,10Y yield backdrop is restrictive for rate-sensitive risk.",hold,hold
2026-09-17,SOXS,long,ETF,True,hold,hold,hold,hold,False,False,False,False,False,"confidence,risk",26,28,retained_v1_plus_zero_profile_confidence_and_declared_source_validation,"Relative Strength is lagging its relevant benchmarks.,Primary moving-average structure remains bearish.,Price is near the opportunity range but has not entered the recommended buy/add zone.,10Y yield backdrop is restrictive for rate-sensitive risk.",hold,hold
2026-09-17,SPCX,short,stock,True,trim,trim,hold,hold,False,False,True,False,False,"confidence,risk",7,13,fixed_stock_short_v2_rebuild,v2_trend_resistance,trim,hold
2026-09-17,SPCX,mid,stock,True,hold,hold,hold,hold,False,False,False,False,False,"confidence,risk",3,7,retained_v1_plus_zero_profile_confidence_and_declared_source_validation,10Y yield backdrop is restrictive for rate-sensitive risk.,hold,hold
2026-09-17,SPCX,long,stock,True,hold,hold,hold,hold,False,False,False,False,False,"confidence,risk",19,21,retained_v1_plus_zero_profile_confidence_and_declared_source_validation,"Current price is in the neutral space between actionable price zones.,10Y yield backdrop is restrictive for rate-sensitive risk.",hold,hold
2026-09-17,SPMO,short,ETF,True,trim,trim,trim,trim,False,False,False,False,False,"confidence,risk",0,6,retained_v1_plus_zero_profile_confidence_and_declared_source_validation,"OBV or price-volume behavior indicates distribution.,Primary MACD structure still confirms downside momentum.,Primary moving-average structure remains bearish.,Price is extended into layered resistance rather than support.,Current price has reached the reduce zone; reduce exposure rather than add.",trim,trim
2026-09-17,SPMO,mid,ETF,True,hold,hold,hold,hold,False,False,False,False,False,"confidence,risk",0,4,retained_v1_plus_zero_profile_confidence_and_declared_source_validation,"Primary MACD structure still confirms downside momentum.,OBV or price-volume behavior indicates distribution.,Relative Strength is lagging its relevant benchmarks.,Primary moving-average structure remains bearish.,Trend is weak, but price has not entered a reduce zone or confirmed a breakdown.",hold,hold
2026-09-17,SPMO,long,ETF,True,hold,hold,hold,hold,False,False,False,False,False,"confidence,risk",9,11,retained_v1_plus_zero_profile_confidence_and_declared_source_validation,"OBV or price-volume behavior indicates distribution.,Primary MACD structure still confirms downside momentum.,Upside is extended and marginal momentum/participation is weakening.,Current price is in the neutral space between actionable price zones.,10Y yield backdrop is restrictive for rate-sensitive risk.",hold,hold
2026-09-17,SQQQ,short,ETF,True,hold,hold,hold,hold,False,False,False,False,False,"confidence,risk",1,7,retained_v1_plus_zero_profile_confidence_and_declared_source_validation,"Primary MACD structure still confirms downside momentum.,Current price is in the neutral space between actionable price zones.,10Y yield backdrop is restrictive for rate-sensitive risk.",hold,hold
2026-09-17,SQQQ,mid,ETF,True,accumulate,accumulate,accumulate,accumulate,False,False,False,False,False,"confidence,risk",2,6,retained_v1_plus_zero_profile_confidence_and_declared_source_validation,"OBV or price-volume behavior indicates distribution.,Primary moving-average structure remains bearish.,10Y yield backdrop is restrictive for rate-sensitive risk.,Underlying direction conflicts with the inverse ETF technical setup.",accumulate,accumulate
2026-09-17,SQQQ,long,ETF,True,hold,hold,hold,hold,False,False,False,False,False,"confidence,risk",18,20,retained_v1_plus_zero_profile_confidence_and_declared_source_validation,"Relative Strength is lagging its relevant benchmarks.,OBV or price-volume behavior indicates distribution.,Primary moving-average structure remains bearish.,Price is near the opportunity range but has not entered the recommended buy/add zone.,10Y yield backdrop is restrictive for rate-sensitive risk.",hold,hold
2026-09-17,TEM,short,stock,True,hold,hold,hold,hold,False,False,True,False,False,"confidence,risk",74,80,fixed_stock_short_v2_rebuild,v2_location,hold,hold
2026-09-17,TEM,mid,stock,True,hold,hold,hold,hold,False,False,False,False,False,"confidence,risk",74,78,retained_v1_plus_zero_profile_confidence_and_declared_source_validation,"Volatility or extension risk is elevated.,10Y yield backdrop is restrictive for rate-sensitive risk.",hold,hold
2026-09-17,TEM,long,stock,True,hold,hold,hold,hold,False,False,False,False,False,"confidence,risk",22,24,retained_v1_plus_zero_profile_confidence_and_declared_source_validation,10Y yield backdrop is restrictive for rate-sensitive risk.,hold,hold
2026-09-17,TQQQ,short,ETF,True,hold,hold,hold,hold,False,False,False,False,False,"confidence,risk",7,13,retained_v1_plus_zero_profile_confidence_and_declared_source_validation,"OBV or price-volume behavior indicates distribution.,Current price is in the neutral space between actionable price zones.,10Y yield backdrop is restrictive for rate-sensitive risk.",hold,hold
2026-09-17,TQQQ,mid,ETF,True,trim,trim,trim,trim,False,False,False,False,False,"confidence,risk",2,6,retained_v1_plus_zero_profile_confidence_and_declared_source_validation,"Primary MACD structure still confirms downside momentum.,Primary moving-average structure remains bearish.,Relative Strength is lagging its relevant benchmarks.,Current price has reached the reduce zone; reduce exposure rather than add.,10Y yield backdrop is restrictive for rate-sensitive risk.",trim,trim
2026-09-17,TQQQ,long,ETF,True,hold,hold,hold,hold,False,False,False,False,False,"confidence,risk",22,24,retained_v1_plus_zero_profile_confidence_and_declared_source_validation,"Primary MACD structure still confirms downside momentum.,Current price is in the neutral space between actionable price zones.,10Y yield backdrop is restrictive for rate-sensitive risk.",hold,hold
2026-09-17,TSLA,short,stock,True,hold,hold,hold,hold,False,False,True,False,False,"confidence,risk",0,6,fixed_stock_short_v2_rebuild,v2_location,hold,hold
2026-09-17,TSLA,mid,stock,True,hold,hold,hold,hold,False,False,False,False,False,"confidence,risk",2,6,retained_v1_plus_zero_profile_confidence_and_declared_source_validation,"Primary moving-average structure remains bearish.,Current price is in the neutral space between actionable price zones.,10Y yield backdrop is restrictive for rate-sensitive risk.",hold,hold
2026-09-17,TSLA,long,stock,True,hold,hold,hold,hold,False,False,False,False,False,"confidence,risk",8,10,retained_v1_plus_zero_profile_confidence_and_declared_source_validation,"Relative Strength is lagging its relevant benchmarks.,Primary moving-average structure remains bearish.,Primary MACD structure still confirms downside momentum.,Trend is weak, but price has not entered a reduce zone or confirmed a breakdown.,10Y yield backdrop is restrictive for rate-sensitive risk.",hold,hold
2026-09-17,TSM,short,stock,True,accumulate,accumulate,accumulate,accumulate,False,False,True,False,False,"confidence,risk",0,6,fixed_stock_short_v2_rebuild,,accumulate,accumulate
2026-09-17,TSM,mid,stock,True,hold,hold,hold,hold,False,False,False,False,False,"confidence,risk",1,5,retained_v1_plus_zero_profile_confidence_and_declared_source_validation,"Relative Strength is lagging its relevant benchmarks.,Current price is in the neutral space between actionable price zones.,10Y yield backdrop is restrictive for rate-sensitive risk.",hold,hold
2026-09-17,TSM,long,stock,True,hold,hold,hold,hold,False,False,False,False,False,"confidence,risk",11,13,retained_v1_plus_zero_profile_confidence_and_declared_source_validation,"Current price is in the neutral space between actionable price zones.,10Y yield backdrop is restrictive for rate-sensitive risk.",hold,hold
2026-09-17,UNH,short,stock,True,accumulate,accumulate,hold,hold,False,False,True,False,False,"confidence,risk",8,14,fixed_stock_short_v2_rebuild,"v2_entry_unconfirmed,primary_moving_average_structure_remains_bearish,relative_strength_is_lagging_its_relevant_benchmarks",accumulate,hold
2026-09-17,UNH,mid,stock,True,hold,hold,hold,hold,False,False,False,False,False,"confidence,risk",1,5,retained_v1_plus_zero_profile_confidence_and_declared_source_validation,"Primary MACD structure still confirms downside momentum.,Primary moving-average structure remains bearish.,OBV or price-volume behavior indicates distribution.,Relative Strength is lagging its relevant benchmarks.,Price is extended into layered resistance rather than support.",hold,hold
2026-09-17,UNH,long,stock,True,hold,hold,hold,hold,False,False,False,False,False,"confidence,risk",5,7,retained_v1_plus_zero_profile_confidence_and_declared_source_validation,"OBV or price-volume behavior indicates distribution.,Primary MACD structure still confirms downside momentum.,Price is extended into layered resistance rather than support.,Upside is extended and marginal momentum/participation is weakening.,Price is near the opportunity range but has not entered the recommended buy/add zone.",hold,hold
2026-09-17,XE,short,stock,True,hold,hold,trim,trim,False,False,True,False,False,"confidence,risk",12,18,fixed_stock_short_v2_rebuild,"v2_weak_resistance,primary_moving_average_structure_remains_bearish,relative_strength_is_lagging_its_relevant_benchmarks",hold,trim
2026-09-17,XE,mid,stock,True,hold,hold,hold,hold,False,False,False,False,False,"confidence,risk",9,13,retained_v1_plus_zero_profile_confidence_and_declared_source_validation,"Relative Strength is lagging its relevant benchmarks.,Primary moving-average structure remains bearish.,OBV or price-volume behavior indicates distribution.,Primary MACD structure still confirms downside momentum.,Trend is weak, but price has not entered a reduce zone or confirmed a breakdown.",hold,hold
2026-09-17,XE,long,stock,True,hold,hold,hold,hold,False,False,False,False,False,"confidence,risk",20,22,retained_v1_plus_zero_profile_confidence_and_declared_source_validation,"OBV or price-volume behavior indicates distribution.,Primary moving-average structure remains bearish.,Trend is weak, but price has not entered a reduce zone or confirmed a breakdown.,10Y yield backdrop is restrictive for rate-sensitive risk.",hold,hold
2026-09-17,ZETA,short,stock,True,hold,hold,hold,hold,False,False,True,False,False,"confidence,risk",1,7,fixed_stock_short_v2_rebuild,v2_entry_unconfirmed,hold,hold
2026-09-17,ZETA,mid,stock,True,accumulate,accumulate,accumulate,accumulate,False,False,False,False,False,"confidence,risk",6,10,retained_v1_plus_zero_profile_confidence_and_declared_source_validation,"Primary MACD structure still confirms downside momentum.,10Y yield backdrop is restrictive for rate-sensitive risk.",accumulate,accumulate
2026-09-17,ZETA,long,stock,True,hold,hold,hold,hold,False,False,False,False,False,"confidence,risk",20,22,retained_v1_plus_zero_profile_confidence_and_declared_source_validation,10Y yield backdrop is restrictive for rate-sensitive risk.,hold,hold
2026-09-18,AAPL,short,stock,True,hold,hold,hold,hold,False,True,True,False,False,"confidence,risk",3,9,fixed_stock_short_v2_rebuild,v2_location,hold,hold
2026-09-18,AAPL,mid,stock,True,hold,hold,hold,hold,False,False,False,False,False,"confidence,risk",9,13,retained_v1_plus_zero_profile_confidence_and_declared_source_validation,10Y yield backdrop is restrictive for rate-sensitive risk.,hold,hold
2026-09-18,AAPL,long,stock,True,trim,trim,trim,trim,False,False,False,False,False,"confidence,risk",8,10,retained_v1_plus_zero_profile_confidence_and_declared_source_validation,"Current price has reached the reduce zone; reduce exposure rather than add.,10Y yield backdrop is restrictive for rate-sensitive risk.",trim,trim
2026-09-18,AMD,short,stock,True,hold,hold,hold,hold,False,False,True,False,False,"confidence,risk",21,27,fixed_stock_short_v2_rebuild,v2_location,hold,hold
2026-09-18,AMD,mid,stock,True,hold,hold,hold,hold,False,False,False,False,False,"confidence,risk",24,28,retained_v1_plus_zero_profile_confidence_and_declared_source_validation,10Y yield backdrop is restrictive for rate-sensitive risk.,hold,hold
2026-09-18,AMD,long,stock,True,trim,trim,trim,trim,False,False,False,False,False,"confidence,risk",8,10,retained_v1_plus_zero_profile_confidence_and_declared_source_validation,"Current price has reached the reduce zone; reduce exposure rather than add.,10Y yield backdrop is restrictive for rate-sensitive risk.",trim,trim
2026-09-18,AMZN,short,stock,True,hold,hold,hold,hold,False,False,True,False,False,"confidence,risk",0,6,fixed_stock_short_v2_rebuild,"v2_location,primary_moving_average_structure_remains_bearish,relative_strength_is_lagging_its_relevant_benchmarks",hold,hold
2026-09-18,AMZN,mid,stock,True,accumulate,accumulate,accumulate,accumulate,False,False,False,False,False,"confidence,risk",0,4,retained_v1_plus_zero_profile_confidence_and_declared_source_validation,"OBV or price-volume behavior indicates distribution.,Primary MACD structure still confirms downside momentum.,10Y yield backdrop is restrictive for rate-sensitive risk.",accumulate,accumulate
2026-09-18,AMZN,long,stock,True,hold,hold,hold,hold,False,False,False,False,False,"confidence,risk",5,7,retained_v1_plus_zero_profile_confidence_and_declared_source_validation,"Current price is in the neutral space between actionable price zones.,10Y yield backdrop is restrictive for rate-sensitive risk.",hold,hold
2026-09-18,BABA,short,stock,True,trim,trim,hold,hold,False,False,True,False,False,"confidence,risk",9,15,fixed_stock_short_v2_rebuild,"v2_trend_resistance,relative_strength_is_lagging_its_relevant_benchmarks",trim,hold
2026-09-18,BABA,mid,stock,True,hold,hold,hold,hold,False,False,False,False,False,"confidence,risk",1,5,retained_v1_plus_zero_profile_confidence_and_declared_source_validation,"Primary moving-average structure remains bearish.,OBV or price-volume behavior indicates distribution.,Primary MACD structure still confirms downside momentum.,Trend is weak, but price has not entered a reduce zone or confirmed a breakdown.,10Y yield backdrop is restrictive for rate-sensitive risk.",hold,hold
2026-09-18,BABA,long,stock,True,hold,hold,hold,hold,False,False,False,False,False,"confidence,risk",8,10,retained_v1_plus_zero_profile_confidence_and_declared_source_validation,"Relative Strength is lagging its relevant benchmarks.,Primary moving-average structure remains bearish.,Trend is weak, but price has not entered a reduce zone or confirmed a breakdown.,10Y yield backdrop is restrictive for rate-sensitive risk.",hold,hold
2026-09-18,CRCL,short,stock,True,accumulate,accumulate,accumulate,accumulate,False,False,True,False,False,"confidence,risk",8,15,fixed_stock_short_v2_rebuild,,accumulate,accumulate
2026-09-18,CRCL,mid,stock,True,hold,hold,hold,hold,False,False,False,False,False,"confidence,risk",6,11,retained_v1_plus_zero_profile_confidence_and_declared_source_validation,"Primary MACD structure still confirms downside momentum.,Current price is in the neutral space between actionable price zones.,10Y yield backdrop is restrictive for rate-sensitive risk.",hold,hold
2026-09-18,CRCL,long,stock,True,hold,hold,hold,hold,False,False,False,False,False,"confidence,risk",19,22,retained_v1_plus_zero_profile_confidence_and_declared_source_validation,"Relative Strength is lagging its relevant benchmarks.,Current price is in the neutral space between actionable price zones.,10Y yield backdrop is restrictive for rate-sensitive risk.",hold,hold
2026-09-18,CRWV,short,stock,True,hold,hold,hold,hold,False,False,True,False,False,"confidence,risk",5,11,fixed_stock_short_v2_rebuild,"v2_entry_unconfirmed,primary_moving_average_structure_remains_bearish,relative_strength_is_lagging_its_relevant_benchmarks",hold,hold
2026-09-18,CRWV,mid,stock,True,hold,hold,hold,hold,False,False,False,False,False,"confidence,risk",9,13,retained_v1_plus_zero_profile_confidence_and_declared_source_validation,"Primary MACD structure still confirms downside momentum.,Relative Strength is lagging its relevant benchmarks.,Primary moving-average structure remains bearish.,OBV or price-volume behavior indicates distribution.,Trend is weak, but price has not entered a reduce zone or confirmed a breakdown.",hold,hold
2026-09-18,CRWV,long,stock,True,hold,hold,hold,hold,False,False,False,False,False,"confidence,risk",20,23,retained_v1_plus_zero_profile_confidence_and_declared_source_validation,"OBV or price-volume behavior indicates distribution.,Primary MACD structure still confirms downside momentum.,Trend is weak, but price has not entered a reduce zone or confirmed a breakdown.,10Y yield backdrop is restrictive for rate-sensitive risk.",hold,hold
2026-09-18,GEV,short,stock,True,accumulate,accumulate,accumulate,accumulate,False,False,True,False,False,"confidence,risk",1,7,fixed_stock_short_v2_rebuild,,accumulate,accumulate
2026-09-18,GEV,mid,stock,True,hold,hold,hold,hold,False,False,False,False,False,"confidence,risk",3,7,retained_v1_plus_zero_profile_confidence_and_declared_source_validation,"Primary moving-average structure remains bearish.,Relative Strength is lagging its relevant benchmarks.,Current price is in the neutral space between actionable price zones.,10Y yield backdrop is restrictive for rate-sensitive risk.",hold,hold
2026-09-18,GEV,long,stock,True,accumulate,accumulate,accumulate,accumulate,False,False,False,False,False,"confidence,risk",18,20,retained_v1_plus_zero_profile_confidence_and_declared_source_validation,"Primary MACD structure still confirms downside momentum.,OBV or price-volume behavior indicates distribution.,10Y yield backdrop is restrictive for rate-sensitive risk.",accumulate,accumulate
2026-09-18,GOOGL,short,stock,True,hold,hold,hold,hold,False,False,False,False,False,"confidence,risk",5,11,fixed_stock_short_v2_rebuild,v2_location,hold,hold
2026-09-18,GOOGL,mid,stock,True,accumulate,accumulate,accumulate,accumulate,False,False,False,False,False,"confidence,risk",1,5,retained_v1_plus_zero_profile_confidence_and_declared_source_validation,"Primary moving-average structure remains bearish.,10Y yield backdrop is restrictive for rate-sensitive risk.",accumulate,accumulate
2026-09-18,GOOGL,long,stock,True,hold,hold,hold,hold,False,False,False,False,False,"confidence,risk",9,11,retained_v1_plus_zero_profile_confidence_and_declared_source_validation,"OBV or price-volume behavior indicates distribution.,Price is near the opportunity range but has not entered the recommended buy/add zone.,10Y yield backdrop is restrictive for rate-sensitive risk.",hold,hold
2026-09-18,GS,short,stock,True,sell,sell,hold,hold,False,False,True,False,False,"confidence,risk",10,17,fixed_stock_short_v2_rebuild,"v2_entry_unconfirmed,primary_moving_average_structure_remains_bearish,relative_strength_is_lagging_its_relevant_benchmarks",sell,hold
2026-09-18,GS,mid,stock,True,sell,sell,sell,sell,False,False,False,False,False,"confidence,risk",5,10,retained_v1_plus_zero_profile_confidence_and_declared_source_validation,"Primary MACD structure still confirms downside momentum.,Relative Strength is lagging its relevant benchmarks.,OBV or price-volume behavior indicates distribution.,Primary moving-average structure remains bearish.,Upside is extended and marginal momentum/participation is weakening.",sell,sell
2026-09-18,GS,long,stock,True,hold,hold,hold,hold,False,False,False,False,False,"confidence,risk",15,18,retained_v1_plus_zero_profile_confidence_and_declared_source_validation,"OBV or price-volume behavior indicates distribution.,Primary MACD structure still confirms downside momentum.,Price is extended into layered resistance rather than support.,Upside is extended and marginal momentum/participation is weakening.,Current price is in the neutral space between actionable price zones.",hold,hold
2026-09-18,HIMS,short,stock,True,accumulate,accumulate,hold,hold,False,False,True,False,False,"confidence,risk",2,8,fixed_stock_short_v2_rebuild,"v2_entry_unconfirmed,primary_moving_average_structure_remains_bearish,relative_strength_is_lagging_its_relevant_benchmarks",accumulate,hold
2026-09-18,HIMS,mid,stock,True,trim,trim,trim,trim,False,False,False,False,False,"confidence,risk",4,8,retained_v1_plus_zero_profile_confidence_and_declared_source_validation,"Relative Strength is lagging its relevant benchmarks.,OBV or price-volume behavior indicates distribution.,Primary moving-average structure remains bearish.,Price is extended into layered resistance rather than support.,Current price has reached the reduce zone; reduce exposure rather than add.",trim,trim
2026-09-18,HIMS,long,stock,True,hold,hold,hold,hold,False,False,False,False,False,"confidence,risk",17,19,retained_v1_plus_zero_profile_confidence_and_declared_source_validation,"Primary MACD structure still confirms downside momentum.,OBV or price-volume behavior indicates distribution.,Upside is extended and marginal momentum/participation is weakening.,Current price is in the neutral space between actionable price zones.,10Y yield backdrop is restrictive for rate-sensitive risk.",hold,hold
2026-09-18,LULU,short,stock,True,hold,hold,hold,hold,False,False,True,False,False,"confidence,risk",1,7,fixed_stock_short_v2_rebuild,"v2_entry_unconfirmed,primary_moving_average_structure_remains_bearish,relative_strength_is_lagging_its_relevant_benchmarks",hold,hold
2026-09-18,LULU,mid,stock,True,sell,sell,sell,sell,False,False,False,False,False,"confidence,risk",17,21,retained_v1_plus_zero_profile_confidence_and_declared_source_validation,"Primary moving-average structure remains bearish.,Primary MACD structure still confirms downside momentum.,OBV or price-volume behavior indicates distribution.,Relative Strength is lagging its relevant benchmarks.,A confirmed breakdown has invalidated the prior opportunity structure; exit is anchored near the current executable area.",sell,sell
2026-09-18,LULU,long,stock,True,accumulate,accumulate,accumulate,accumulate,False,False,False,False,False,"confidence,risk",26,28,retained_v1_plus_zero_profile_confidence_and_declared_source_validation,"Relative Strength is lagging its relevant benchmarks.,Primary moving-average structure remains bearish.,OBV or price-volume behavior indicates distribution.,Price is extended into layered resistance rather than support.,Primary MACD structure still confirms downside momentum.",accumulate,accumulate
2026-09-18,META,short,stock,True,hold,hold,hold,hold,False,False,True,False,False,"confidence,risk",0,6,fixed_stock_short_v2_rebuild,v2_location,hold,hold
2026-09-18,META,mid,stock,True,hold,hold,hold,hold,False,False,False,False,False,"confidence,risk",7,11,retained_v1_plus_zero_profile_confidence_and_declared_source_validation,10Y yield backdrop is restrictive for rate-sensitive risk.,hold,hold
2026-09-18,META,long,stock,True,hold,hold,hold,hold,False,False,False,False,False,"confidence,risk",7,9,retained_v1_plus_zero_profile_confidence_and_declared_source_validation,10Y yield backdrop is restrictive for rate-sensitive risk.,hold,hold
2026-09-18,MPT,short,stock,True,sell,sell,hold,hold,False,False,False,False,False,"confidence,risk",16,23,fixed_stock_short_v2_rebuild,"v2_entry_unconfirmed,primary_moving_average_structure_remains_bearish,relative_strength_is_lagging_its_relevant_benchmarks",sell,hold
2026-09-18,MPT,mid,stock,True,sell,sell,sell,sell,False,False,False,False,False,"confidence,risk",30,35,retained_v1_plus_zero_profile_confidence_and_declared_source_validation,"Relative Strength is lagging its relevant benchmarks.,Primary moving-average structure remains bearish.,Primary MACD structure still confirms downside momentum.,OBV or price-volume behavior indicates distribution.,Price is extended into layered resistance rather than support.",sell,sell
2026-09-18,MPT,long,stock,True,sell,sell,sell,sell,False,False,False,False,False,"confidence,risk",29,32,retained_v1_plus_zero_profile_confidence_and_declared_source_validation,"Relative Strength is lagging its relevant benchmarks.,Primary MACD structure still confirms downside momentum.,Primary moving-average structure remains bearish.,OBV or price-volume behavior indicates distribution.,Price is extended into layered resistance rather than support.",sell,sell
2026-09-18,MSFT,short,stock,True,hold,hold,hold,hold,False,False,True,False,False,"confidence,risk",0,6,fixed_stock_short_v2_rebuild,v2_entry_unconfirmed,hold,hold
2026-09-18,MSFT,mid,stock,True,hold,hold,hold,hold,False,False,False,False,False,"confidence,risk",4,8,retained_v1_plus_zero_profile_confidence_and_declared_source_validation,"Primary MACD structure still confirms downside momentum.,10Y yield backdrop is restrictive for rate-sensitive risk.",hold,hold
2026-09-18,MSFT,long,stock,True,hold,hold,hold,hold,False,False,False,False,False,"confidence,risk",12,14,retained_v1_plus_zero_profile_confidence_and_declared_source_validation,10Y yield backdrop is restrictive for rate-sensitive risk.,hold,hold
2026-09-18,MU,short,stock,True,hold,hold,hold,hold,False,False,True,False,False,"confidence,risk",19,25,fixed_stock_short_v2_rebuild,v2_trend_resistance,hold,hold
2026-09-18,MU,mid,stock,True,hold,hold,hold,hold,False,False,False,False,False,"confidence,risk",2,6,retained_v1_plus_zero_profile_confidence_and_declared_source_validation,"OBV or price-volume behavior indicates distribution.,Relative Strength is lagging its relevant benchmarks.,10Y yield backdrop is restrictive for rate-sensitive risk.",hold,hold
2026-09-18,MU,long,stock,True,hold,hold,hold,hold,False,False,False,False,False,"confidence,risk",18,20,retained_v1_plus_zero_profile_confidence_and_declared_source_validation,"OBV or price-volume behavior indicates distribution.,10Y yield backdrop is restrictive for rate-sensitive risk.",hold,hold
2026-09-18,NFLX,short,stock,True,sell,sell,hold,hold,False,False,True,False,False,"confidence,risk",34,40,fixed_stock_short_v2_rebuild,"v2_entry_unconfirmed,primary_moving_average_structure_remains_bearish,relative_strength_is_lagging_its_relevant_benchmarks",sell,hold
2026-09-18,NFLX,mid,stock,True,hold,hold,hold,hold,False,False,False,False,False,"confidence,risk",23,27,retained_v1_plus_zero_profile_confidence_and_declared_source_validation,"Primary MACD structure still confirms downside momentum.,OBV or price-volume behavior indicates distribution.,Primary moving-average structure remains bearish.,Trend is weak, but price has not entered a reduce zone or confirmed a breakdown.,10Y yield backdrop is restrictive for rate-sensitive risk.",hold,hold
2026-09-18,NFLX,long,stock,True,hold,hold,hold,hold,False,False,False,False,False,"confidence,risk",20,22,retained_v1_plus_zero_profile_confidence_and_declared_source_validation,"Relative Strength is lagging its relevant benchmarks.,Primary moving-average structure remains bearish.,Price is near the opportunity range but has not entered the recommended buy/add zone.,10Y yield backdrop is restrictive for rate-sensitive risk.",hold,hold
2026-09-18,NOK,short,stock,True,accumulate,accumulate,hold,hold,False,False,False,False,False,"confidence,risk",6,12,fixed_stock_short_v2_rebuild,v2_location,accumulate,accumulate
2026-09-18,NOK,mid,stock,True,hold,hold,hold,hold,False,False,False,False,False,"confidence,risk",4,8,retained_v1_plus_zero_profile_confidence_and_declared_source_validation,"Relative Strength is lagging its relevant benchmarks.,Primary moving-average structure remains bearish.,Current price is in the neutral space between actionable price zones.,10Y yield backdrop is restrictive for rate-sensitive risk.",hold,hold
2026-09-18,NOK,long,stock,True,hold,hold,hold,hold,False,False,False,False,False,"confidence,risk",24,26,retained_v1_plus_zero_profile_confidence_and_declared_source_validation,"OBV or price-volume behavior indicates distribution.,Price is near the opportunity range but has not entered the recommended buy/add zone.,10Y yield backdrop is restrictive for rate-sensitive risk.",hold,hold
2026-09-18,NOW,short,stock,True,hold,hold,hold,hold,False,False,True,False,False,"confidence,risk",1,7,fixed_stock_short_v2_rebuild,v2_entry_unconfirmed,hold,hold
2026-09-18,NOW,mid,stock,True,hold,hold,hold,hold,False,False,False,False,False,"confidence,risk",3,7,retained_v1_plus_zero_profile_confidence_and_declared_source_validation,"OBV or price-volume behavior indicates distribution.,Primary MACD structure still confirms downside momentum.,Upside is extended and marginal momentum/participation is weakening.,10Y yield backdrop is restrictive for rate-sensitive risk.",hold,hold
2026-09-18,NOW,long,stock,True,hold,hold,hold,hold,False,False,False,False,False,"confidence,risk",10,13,retained_v1_plus_zero_profile_confidence_and_declared_source_validation,10Y yield backdrop is restrictive for rate-sensitive risk.,hold,hold
2026-09-18,NVDA,short,stock,True,hold,hold,accumulate,accumulate,False,False,True,False,False,"confidence,risk",20,26,fixed_stock_short_v2_rebuild,,hold,accumulate
2026-09-18,NVDA,mid,stock,True,hold,hold,hold,hold,False,False,False,False,False,"confidence,risk",1,5,retained_v1_plus_zero_profile_confidence_and_declared_source_validation,10Y yield backdrop is restrictive for rate-sensitive risk.,hold,hold
2026-09-18,NVDA,long,stock,True,hold,hold,hold,hold,False,False,False,False,False,"confidence,risk",5,7,retained_v1_plus_zero_profile_confidence_and_declared_source_validation,"Price is approaching the reduce range but has not entered the recommended reduce/exit zone.,10Y yield backdrop is restrictive for rate-sensitive risk.",hold,hold
2026-09-18,ORCL,short,stock,True,hold,hold,trim,trim,False,False,True,False,False,"confidence,risk",6,12,fixed_stock_short_v2_rebuild,v2_weak_resistance,hold,trim
2026-09-18,ORCL,mid,stock,True,hold,hold,hold,hold,False,False,False,False,False,"confidence,risk",3,7,retained_v1_plus_zero_profile_confidence_and_declared_source_validation,"OBV or price-volume behavior indicates distribution.,Primary moving-average structure remains bearish.,Primary MACD structure still confirms downside momentum.,Relative Strength is lagging its relevant benchmarks.,Trend is weak, but price has not entered a reduce zone or confirmed a breakdown.",hold,hold
2026-09-18,ORCL,long,stock,True,hold,hold,hold,hold,False,False,False,False,False,"confidence,risk",16,19,retained_v1_plus_zero_profile_confidence_and_declared_source_validation,"OBV or price-volume behavior indicates distribution.,Primary moving-average structure remains bearish.,Relative Strength is lagging its relevant benchmarks.,Price is approaching the reduce range but has not entered the recommended reduce/exit zone.,10Y yield backdrop is restrictive for rate-sensitive risk.",hold,hold
2026-09-18,PLTR,short,stock,True,hold,hold,buy,buy,False,False,True,False,False,"confidence,risk",7,13,fixed_stock_short_v2_rebuild,,hold,buy
2026-09-18,PLTR,mid,stock,True,accumulate,accumulate,accumulate,accumulate,False,False,False,False,False,"confidence,risk",8,12,retained_v1_plus_zero_profile_confidence_and_declared_source_validation,10Y yield backdrop is restrictive for rate-sensitive risk.,accumulate,accumulate
2026-09-18,PLTR,long,stock,True,hold,hold,hold,hold,False,False,False,False,False,"confidence,risk",11,14,retained_v1_plus_zero_profile_confidence_and_declared_source_validation,"Price is approaching the reduce range but has not entered the recommended reduce/exit zone.,10Y yield backdrop is restrictive for rate-sensitive risk.",hold,hold
2026-09-18,QQQ,short,ETF,True,hold,hold,hold,hold,False,False,True,False,False,"confidence,risk",20,26,retained_v1_plus_zero_profile_confidence_and_declared_source_validation,10Y yield backdrop is restrictive for rate-sensitive risk.,hold,hold
2026-09-18,QQQ,mid,ETF,True,hold,hold,hold,hold,False,False,False,False,True,"confidence,landscape,risk",1,5,retained_v1_plus_zero_profile_confidence_and_declared_source_validation,10Y yield backdrop is restrictive for rate-sensitive risk.,hold,hold
2026-09-18,QQQ,long,ETF,True,hold,hold,hold,hold,False,False,False,False,False,"confidence,risk",2,4,retained_v1_plus_zero_profile_confidence_and_declared_source_validation,"Primary MACD structure still confirms downside momentum.,Price is extended into layered resistance rather than support.,Price is approaching the reduce range but has not entered the recommended reduce/exit zone.,10Y yield backdrop is restrictive for rate-sensitive risk.",hold,hold
2026-09-18,SOFI,short,stock,True,hold,hold,hold,hold,False,False,False,False,False,"confidence,risk",0,7,fixed_stock_short_v2_rebuild,"v2_entry_unconfirmed,primary_moving_average_structure_remains_bearish",hold,hold
2026-09-18,SOFI,mid,stock,True,hold,hold,hold,hold,False,False,False,False,False,"confidence,risk",3,8,retained_v1_plus_zero_profile_confidence_and_declared_source_validation,"Primary MACD structure still confirms downside momentum.,OBV or price-volume behavior indicates distribution.,Trend is weak, but price has not entered a reduce zone or confirmed a breakdown.,10Y yield backdrop is restrictive for rate-sensitive risk.",hold,hold
2026-09-18,SOFI,long,stock,True,hold,hold,hold,hold,False,False,False,False,False,"confidence,risk",18,21,retained_v1_plus_zero_profile_confidence_and_declared_source_validation,"OBV or price-volume behavior indicates distribution.,Primary moving-average structure remains bearish.,Current price is in the neutral space between actionable price zones.,10Y yield backdrop is restrictive for rate-sensitive risk.",hold,hold
2026-09-18,SOXL,short,ETF,True,hold,hold,hold,hold,False,False,True,False,False,"confidence,risk",24,30,retained_v1_plus_zero_profile_confidence_and_declared_source_validation,10Y yield backdrop is restrictive for rate-sensitive risk.,hold,hold
2026-09-18,SOXL,mid,ETF,True,hold,hold,hold,hold,False,False,False,False,False,"confidence,risk",8,12,retained_v1_plus_zero_profile_confidence_and_declared_source_validation,"Relative Strength is lagging its relevant benchmarks.,Primary moving-average structure remains bearish.,Current price is in the neutral space between actionable price zones.,10Y yield backdrop is restrictive for rate-sensitive risk.",hold,hold
2026-09-18,SOXL,long,ETF,True,hold,hold,hold,hold,False,False,False,False,False,"confidence,risk",22,24,retained_v1_plus_zero_profile_confidence_and_declared_source_validation,"Current price is in the neutral space between actionable price zones.,10Y yield backdrop is restrictive for rate-sensitive risk.",hold,hold
2026-09-18,SOXS,short,ETF,True,hold,hold,hold,hold,False,False,True,False,False,"confidence,risk",5,11,retained_v1_plus_zero_profile_confidence_and_declared_source_validation,"Primary MACD structure still confirms downside momentum.,Primary moving-average structure remains bearish.,OBV or price-volume behavior indicates distribution.,Relative Strength is lagging its relevant benchmarks.,Trend is weak, but price has not entered a reduce zone or confirmed a breakdown.",hold,hold
2026-09-18,SOXS,mid,ETF,True,hold,hold,hold,hold,False,False,False,False,True,"confidence,landscape,risk",36,40,retained_v1_plus_zero_profile_confidence_and_declared_source_validation,"Primary moving-average structure remains bearish.,OBV or price-volume behavior indicates distribution.,Trend is weak, but price has not entered a reduce zone or confirmed a breakdown.,10Y yield backdrop is restrictive for rate-sensitive risk.",hold,hold
2026-09-18,SOXS,long,ETF,True,hold,hold,hold,hold,False,False,False,False,False,"confidence,risk",26,28,retained_v1_plus_zero_profile_confidence_and_declared_source_validation,"Relative Strength is lagging its relevant benchmarks.,Primary moving-average structure remains bearish.,OBV or price-volume behavior indicates distribution.,Price is near the opportunity range but has not entered the recommended buy/add zone.,10Y yield backdrop is restrictive for rate-sensitive risk.",hold,hold
2026-09-18,SPCX,short,stock,True,hold,hold,hold,hold,False,False,True,False,False,"confidence,risk",12,18,fixed_stock_short_v2_rebuild,v2_trend_resistance,hold,hold
2026-09-18,SPCX,mid,stock,True,trim,trim,trim,trim,False,False,False,False,False,"confidence,risk",14,18,retained_v1_plus_zero_profile_confidence_and_declared_source_validation,"Current price has reached the reduce zone; reduce exposure rather than add.,10Y yield backdrop is restrictive for rate-sensitive risk.",trim,trim
2026-09-18,SPCX,long,stock,True,hold,hold,hold,hold,False,False,False,False,False,"confidence,risk",26,28,retained_v1_plus_zero_profile_confidence_and_declared_source_validation,"Current price is in the neutral space between actionable price zones.,10Y yield backdrop is restrictive for rate-sensitive risk.",hold,hold
2026-09-18,SPMO,short,ETF,True,hold,hold,hold,hold,False,False,False,False,False,"confidence,risk",20,26,retained_v1_plus_zero_profile_confidence_and_declared_source_validation,"Current price is in the neutral space between actionable price zones.,10Y yield backdrop is restrictive for rate-sensitive risk.",hold,hold
2026-09-18,SPMO,mid,ETF,True,accumulate,accumulate,accumulate,accumulate,False,False,False,False,False,"confidence,risk",0,4,retained_v1_plus_zero_profile_confidence_and_declared_source_validation,"Relative Strength is lagging its relevant benchmarks.,Primary MACD structure still confirms downside momentum.,10Y yield backdrop is restrictive for rate-sensitive risk.",accumulate,accumulate
2026-09-18,SPMO,long,ETF,True,hold,hold,hold,hold,False,False,False,False,False,"confidence,risk",8,10,retained_v1_plus_zero_profile_confidence_and_declared_source_validation,"OBV or price-volume behavior indicates distribution.,Primary MACD structure still confirms downside momentum.,Upside is extended and marginal momentum/participation is weakening.,Current price is in the neutral space between actionable price zones.,10Y yield backdrop is restrictive for rate-sensitive risk.",hold,hold
2026-09-18,SQQQ,short,ETF,True,hold,hold,hold,hold,False,False,False,False,False,"confidence,risk",1,7,retained_v1_plus_zero_profile_confidence_and_declared_source_validation,"Primary MACD structure still confirms downside momentum.,Primary moving-average structure remains bearish.,Trend is weak, but price has not entered a reduce zone or confirmed a breakdown.,10Y yield backdrop is restrictive for rate-sensitive risk.",hold,hold
2026-09-18,SQQQ,mid,ETF,True,accumulate,accumulate,accumulate,accumulate,False,False,False,False,False,"confidence,risk",2,6,retained_v1_plus_zero_profile_confidence_and_declared_source_validation,"Primary moving-average structure remains bearish.,OBV or price-volume behavior indicates distribution.,Relative Strength is lagging its relevant benchmarks.,Primary MACD structure still confirms downside momentum.,10Y yield backdrop is restrictive for rate-sensitive risk.",accumulate,accumulate
2026-09-18,SQQQ,long,ETF,True,hold,hold,hold,hold,False,False,False,False,False,"confidence,risk",18,20,retained_v1_plus_zero_profile_confidence_and_declared_source_validation,"Relative Strength is lagging its relevant benchmarks.,OBV or price-volume behavior indicates distribution.,Primary moving-average structure remains bearish.,Price is near the opportunity range but has not entered the recommended buy/add zone.,10Y yield backdrop is restrictive for rate-sensitive risk.",hold,hold
2026-09-18,TEM,short,stock,True,hold,hold,hold,hold,False,False,True,False,False,"confidence,risk",8,14,fixed_stock_short_v2_rebuild,v2_location,hold,hold
2026-09-18,TEM,mid,stock,True,hold,hold,hold,hold,False,False,False,False,False,"confidence,risk",27,31,retained_v1_plus_zero_profile_confidence_and_declared_source_validation,10Y yield backdrop is restrictive for rate-sensitive risk.,hold,hold
2026-09-18,TEM,long,stock,True,hold,hold,hold,hold,False,False,False,False,False,"confidence,risk",32,34,retained_v1_plus_zero_profile_confidence_and_declared_source_validation,10Y yield backdrop is restrictive for rate-sensitive risk.,hold,hold
2026-09-18,TQQQ,short,ETF,True,hold,hold,hold,hold,False,False,False,False,False,"confidence,risk",22,28,retained_v1_plus_zero_profile_confidence_and_declared_source_validation,10Y yield backdrop is restrictive for rate-sensitive risk.,hold,hold
2026-09-18,TQQQ,mid,ETF,True,hold,hold,hold,hold,False,False,False,False,False,"confidence,risk",2,6,retained_v1_plus_zero_profile_confidence_and_declared_source_validation,"Primary moving-average structure remains bearish.,Relative Strength is lagging its relevant benchmarks.,Price is near the opportunity range but has not entered the recommended buy/add zone.,10Y yield backdrop is restrictive for rate-sensitive risk.",hold,hold
2026-09-18,TQQQ,long,ETF,True,hold,hold,hold,hold,False,False,False,False,False,"confidence,risk",14,16,retained_v1_plus_zero_profile_confidence_and_declared_source_validation,"Primary MACD structure still confirms downside momentum.,Current price is in the neutral space between actionable price zones.,10Y yield backdrop is restrictive for rate-sensitive risk.",hold,hold
2026-09-18,TSLA,short,stock,True,hold,hold,hold,hold,False,False,True,False,False,"confidence,risk",0,6,fixed_stock_short_v2_rebuild,v2_trend_resistance,hold,hold
2026-09-18,TSLA,mid,stock,True,hold,hold,hold,hold,False,False,False,False,False,"confidence,risk",2,6,retained_v1_plus_zero_profile_confidence_and_declared_source_validation,"Primary moving-average structure remains bearish.,Current price is in the neutral space between actionable price zones.,10Y yield backdrop is restrictive for rate-sensitive risk.",hold,hold
2026-09-18,TSLA,long,stock,True,trim,trim,trim,trim,False,False,False,False,False,"confidence,risk",7,9,retained_v1_plus_zero_profile_confidence_and_declared_source_validation,"Primary moving-average structure remains bearish.,Relative Strength is lagging its relevant benchmarks.,Current price has reached the reduce zone; reduce exposure rather than add.,10Y yield backdrop is restrictive for rate-sensitive risk.",trim,trim
2026-09-18,TSM,short,stock,True,hold,hold,hold,hold,False,False,True,False,False,"confidence,risk",20,26,fixed_stock_short_v2_rebuild,v2_location,hold,accumulate
2026-09-18,TSM,mid,stock,True,hold,hold,hold,hold,False,False,False,False,False,"confidence,risk",1,5,retained_v1_plus_zero_profile_confidence_and_declared_source_validation,"Relative Strength is lagging its relevant benchmarks.,Price is near the opportunity range but has not entered the recommended buy/add zone.,10Y yield backdrop is restrictive for rate-sensitive risk.",hold,hold
2026-09-18,TSM,long,stock,True,hold,hold,hold,hold,False,False,False,False,False,"confidence,risk",6,8,retained_v1_plus_zero_profile_confidence_and_declared_source_validation,"Current price is in the neutral space between actionable price zones.,10Y yield backdrop is restrictive for rate-sensitive risk.",hold,hold
2026-09-18,UNH,short,stock,True,accumulate,accumulate,hold,hold,False,False,True,False,False,"confidence,risk",4,10,fixed_stock_short_v2_rebuild,"v2_entry_unconfirmed,primary_moving_average_structure_remains_bearish,relative_strength_is_lagging_its_relevant_benchmarks",accumulate,hold
2026-09-18,UNH,mid,stock,True,hold,hold,hold,hold,False,False,False,False,False,"confidence,risk",1,5,retained_v1_plus_zero_profile_confidence_and_declared_source_validation,"Primary MACD structure still confirms downside momentum.,Primary moving-average structure remains bearish.,OBV or price-volume behavior indicates distribution.,Relative Strength is lagging its relevant benchmarks.,Price is extended into layered resistance rather than support.",hold,hold
2026-09-18,UNH,long,stock,True,hold,hold,hold,hold,False,False,False,False,False,"confidence,risk",4,6,retained_v1_plus_zero_profile_confidence_and_declared_source_validation,"OBV or price-volume behavior indicates distribution.,Primary MACD structure still confirms downside momentum.,Price is extended into layered resistance rather than support.,Upside is extended and marginal momentum/participation is weakening.,Price is near the opportunity range but has not entered the recommended buy/add zone.",hold,hold
2026-09-18,XE,short,stock,True,hold,hold,trim,trim,False,False,True,False,False,"confidence,risk",6,12,fixed_stock_short_v2_rebuild,"v2_weak_resistance,primary_moving_average_structure_remains_bearish,relative_strength_is_lagging_its_relevant_benchmarks",hold,trim
2026-09-18,XE,mid,stock,True,hold,hold,hold,hold,False,False,False,False,False,"confidence,risk",10,14,retained_v1_plus_zero_profile_confidence_and_declared_source_validation,"Relative Strength is lagging its relevant benchmarks.,Primary moving-average structure remains bearish.,OBV or price-volume behavior indicates distribution.,Primary MACD structure still confirms downside momentum.,Trend is weak, but price has not entered a reduce zone or confirmed a breakdown.",hold,hold
2026-09-18,XE,long,stock,True,hold,hold,hold,hold,False,False,False,False,False,"confidence,risk",21,23,retained_v1_plus_zero_profile_confidence_and_declared_source_validation,"OBV or price-volume behavior indicates distribution.,Primary moving-average structure remains bearish.,Trend is weak, but price has not entered a reduce zone or confirmed a breakdown.,10Y yield backdrop is restrictive for rate-sensitive risk.",hold,hold
2026-09-18,ZETA,short,stock,True,hold,hold,hold,hold,False,False,False,False,False,"confidence,risk",1,7,fixed_stock_short_v2_rebuild,v2_entry_unconfirmed,hold,hold
2026-09-18,ZETA,mid,stock,True,hold,hold,hold,hold,False,False,False,False,False,"confidence,risk",6,10,retained_v1_plus_zero_profile_confidence_and_declared_source_validation,"Primary MACD structure still confirms downside momentum.,Price is near the opportunity range but has not entered the recommended buy/add zone.,10Y yield backdrop is restrictive for rate-sensitive risk.",hold,hold
2026-09-18,ZETA,long,stock,True,hold,hold,hold,hold,False,False,False,False,False,"confidence,risk",20,22,retained_v1_plus_zero_profile_confidence_and_declared_source_validation,"Price is approaching the reduce range but has not entered the recommended reduce/exit zone.,10Y yield backdrop is restrictive for rate-sensitive risk.",hold,hold
2026-09-21,AAPL,short,stock,True,hold,hold,hold,hold,False,False,True,False,False,"confidence,risk",6,12,fixed_stock_short_v2_rebuild,v2_trend_resistance,hold,hold
2026-09-21,AAPL,mid,stock,True,trim,trim,trim,trim,False,False,False,False,False,"confidence,risk",11,15,retained_v1_plus_zero_profile_confidence_and_declared_source_validation,"Current price has reached the reduce zone; reduce exposure rather than add.,10Y yield backdrop is restrictive for rate-sensitive risk.",trim,trim
2026-09-21,AAPL,long,stock,True,trim,trim,trim,trim,False,False,False,False,False,"confidence,risk",8,10,retained_v1_plus_zero_profile_confidence_and_declared_source_validation,"Current price has reached the reduce zone; reduce exposure rather than add.,10Y yield backdrop is restrictive for rate-sensitive risk.",trim,trim
2026-09-21,AMD,short,stock,True,avoid,avoid,avoid,avoid,False,False,False,False,False,"confidence,risk",74,80,fixed_stock_short_v2_rebuild,v2_structure_missing,avoid,avoid
2026-09-21,AMD,mid,stock,True,avoid,avoid,avoid,avoid,False,False,False,False,False,"confidence,risk",74,78,retained_v1_plus_zero_profile_confidence_and_declared_source_validation,"Volatility or extension risk is elevated.,Price landscape quality is insufficient for an actionable recommendation.,10Y yield backdrop is restrictive for rate-sensitive risk.",avoid,avoid
2026-09-21,AMD,long,stock,True,avoid,avoid,avoid,avoid,False,False,False,False,False,"confidence,risk",13,15,retained_v1_plus_zero_profile_confidence_and_declared_source_validation,"Price landscape quality is insufficient for an actionable recommendation.,10Y yield backdrop is restrictive for rate-sensitive risk.",avoid,avoid
2026-09-21,AMZN,short,stock,True,hold,hold,hold,hold,False,False,True,False,False,"confidence,risk",20,26,fixed_stock_short_v2_rebuild,v2_location,hold,hold
2026-09-21,AMZN,mid,stock,True,accumulate,accumulate,accumulate,accumulate,False,False,False,False,False,"confidence,risk",4,8,retained_v1_plus_zero_profile_confidence_and_declared_source_validation,"OBV or price-volume behavior indicates distribution.,Primary MACD structure still confirms downside momentum.,10Y yield backdrop is restrictive for rate-sensitive risk.",accumulate,accumulate
2026-09-21,AMZN,long,stock,True,hold,hold,hold,hold,False,False,False,False,False,"confidence,risk",5,7,retained_v1_plus_zero_profile_confidence_and_declared_source_validation,"Current price is in the neutral space between actionable price zones.,10Y yield backdrop is restrictive for rate-sensitive risk.",hold,hold
2026-09-21,BABA,short,stock,True,hold,hold,hold,hold,False,False,True,False,False,"confidence,risk",21,27,fixed_stock_short_v2_rebuild,v2_location,hold,hold
2026-09-21,BABA,mid,stock,True,hold,hold,hold,hold,False,False,False,False,False,"confidence,risk",20,24,retained_v1_plus_zero_profile_confidence_and_declared_source_validation,"OBV or price-volume behavior indicates distribution.,Primary moving-average structure remains bearish.,Current price is in the neutral space between actionable price zones.,10Y yield backdrop is restrictive for rate-sensitive risk.",hold,hold
2026-09-21,BABA,long,stock,True,hold,hold,hold,hold,False,False,False,False,False,"confidence,risk",8,10,retained_v1_plus_zero_profile_confidence_and_declared_source_validation,"Relative Strength is lagging its relevant benchmarks.,Primary moving-average structure remains bearish.,Current price is in the neutral space between actionable price zones.,10Y yield backdrop is restrictive for rate-sensitive risk.",hold,hold
2026-09-21,CRCL,short,stock,True,accumulate,accumulate,accumulate,accumulate,False,False,True,False,False,"confidence,risk",8,15,fixed_stock_short_v2_rebuild,,accumulate,accumulate
2026-09-21,CRCL,mid,stock,True,hold,hold,hold,hold,False,False,False,False,False,"confidence,risk",6,11,retained_v1_plus_zero_profile_confidence_and_declared_source_validation,"Price is near the opportunity range but has not entered the recommended buy/add zone.,10Y yield backdrop is restrictive for rate-sensitive risk.",hold,hold
2026-09-21,CRCL,long,stock,True,hold,hold,hold,hold,False,False,False,False,False,"confidence,risk",19,22,retained_v1_plus_zero_profile_confidence_and_declared_source_validation,"Relative Strength is lagging its relevant benchmarks.,Current price is in the neutral space between actionable price zones.,10Y yield backdrop is restrictive for rate-sensitive risk.",hold,hold
2026-09-21,CRWV,short,stock,True,trim,trim,hold,hold,False,False,True,False,False,"confidence,risk",8,14,fixed_stock_short_v2_rebuild,"v2_trend_resistance,relative_strength_is_lagging_its_relevant_benchmarks",trim,hold
2026-09-21,CRWV,mid,stock,True,hold,hold,hold,hold,False,False,False,False,False,"confidence,risk",6,10,retained_v1_plus_zero_profile_confidence_and_declared_source_validation,"Relative Strength is lagging its relevant benchmarks.,Primary MACD structure still confirms downside momentum.,OBV or price-volume behavior indicates distribution.,Primary moving-average structure remains bearish.,Trend is weak, but price has not entered a reduce zone or confirmed a breakdown.",hold,hold
2026-09-21,CRWV,long,stock,True,hold,hold,hold,hold,False,False,False,False,False,"confidence,risk",18,21,retained_v1_plus_zero_profile_confidence_and_declared_source_validation,"OBV or price-volume behavior indicates distribution.,Primary MACD structure still confirms downside momentum.,Trend is weak, but price has not entered a reduce zone or confirmed a breakdown.,10Y yield backdrop is restrictive for rate-sensitive risk.",hold,hold
2026-09-21,GEV,short,stock,True,hold,hold,hold,hold,False,False,True,False,False,"confidence,risk",1,7,fixed_stock_short_v2_rebuild,v2_trend_resistance,hold,hold
2026-09-21,GEV,mid,stock,True,hold,hold,hold,hold,False,False,False,False,False,"confidence,risk",3,7,retained_v1_plus_zero_profile_confidence_and_declared_source_validation,"Primary moving-average structure remains bearish.,Relative Strength is lagging its relevant benchmarks.,Current price is in the neutral space between actionable price zones.,10Y yield backdrop is restrictive for rate-sensitive risk.",hold,hold
2026-09-21,GEV,long,stock,True,accumulate,accumulate,accumulate,accumulate,False,False,False,False,False,"confidence,risk",18,20,retained_v1_plus_zero_profile_confidence_and_declared_source_validation,"OBV or price-volume behavior indicates distribution.,Primary MACD structure still confirms downside momentum.,10Y yield backdrop is restrictive for rate-sensitive risk.",accumulate,accumulate
2026-09-21,GOOGL,short,stock,True,hold,hold,hold,hold,False,False,True,False,False,"confidence,risk",2,8,fixed_stock_short_v2_rebuild,v2_trend_resistance,hold,hold
2026-09-21,GOOGL,mid,stock,True,hold,hold,hold,hold,False,False,False,False,False,"confidence,risk",3,7,retained_v1_plus_zero_profile_confidence_and_declared_source_validation,"Primary moving-average structure remains bearish.,Current price is in the neutral space between actionable price zones.,10Y yield backdrop is restrictive for rate-sensitive risk.",hold,hold
2026-09-21,GOOGL,long,stock,True,hold,hold,hold,hold,False,False,False,False,False,"confidence,risk",9,11,retained_v1_plus_zero_profile_confidence_and_declared_source_validation,"OBV or price-volume behavior indicates distribution.,Current price is in the neutral space between actionable price zones.,10Y yield backdrop is restrictive for rate-sensitive risk.",hold,hold
2026-09-21,GS,short,stock,True,hold,hold,trim,trim,False,False,True,False,False,"confidence,risk",8,15,fixed_stock_short_v2_rebuild,"v2_weak_resistance,primary_moving_average_structure_remains_bearish,relative_strength_is_lagging_its_relevant_benchmarks",hold,trim
2026-09-21,GS,mid,stock,True,hold,hold,hold,hold,False,False,False,False,False,"confidence,risk",1,6,retained_v1_plus_zero_profile_confidence_and_declared_source_validation,"Primary MACD structure still confirms downside momentum.,Relative Strength is lagging its relevant benchmarks.,OBV or price-volume behavior indicates distribution.,Primary moving-average structure remains bearish.,Price is near the opportunity range but has not entered the recommended buy/add zone.",hold,hold
2026-09-21,GS,long,stock,True,accumulate,accumulate,accumulate,accumulate,False,False,False,False,False,"confidence,risk",14,17,retained_v1_plus_zero_profile_confidence_and_declared_source_validation,"OBV or price-volume behavior indicates distribution.,Primary MACD structure still confirms downside momentum.,Upside is extended and marginal momentum/participation is weakening.,10Y yield backdrop is restrictive for rate-sensitive risk.",accumulate,accumulate
2026-09-21,HIMS,short,stock,True,hold,hold,hold,hold,False,False,True,False,False,"confidence,risk",9,15,fixed_stock_short_v2_rebuild,"v2_location,relative_strength_is_lagging_its_relevant_benchmarks",hold,hold
2026-09-21,HIMS,mid,stock,True,accumulate,accumulate,accumulate,accumulate,False,False,False,False,False,"confidence,risk",4,8,retained_v1_plus_zero_profile_confidence_and_declared_source_validation,"Relative Strength is lagging its relevant benchmarks.,OBV or price-volume behavior indicates distribution.,Primary moving-average structure remains bearish.,10Y yield backdrop is restrictive for rate-sensitive risk.",accumulate,accumulate
2026-09-21,HIMS,long,stock,True,hold,hold,hold,hold,False,False,False,False,False,"confidence,risk",17,19,retained_v1_plus_zero_profile_confidence_and_declared_source_validation,"Primary MACD structure still confirms downside momentum.,OBV or price-volume behavior indicates distribution.,Upside is extended and marginal momentum/participation is weakening.,Current price is in the neutral space between actionable price zones.,10Y yield backdrop is restrictive for rate-sensitive risk.",hold,hold
2026-09-21,META,short,stock,True,hold,hold,hold,hold,False,False,True,False,False,"confidence,risk",74,80,fixed_stock_short_v2_rebuild,v2_location,hold,hold
2026-09-21,META,mid,stock,True,hold,hold,hold,hold,False,False,False,False,False,"confidence,risk",32,36,retained_v1_plus_zero_profile_confidence_and_declared_source_validation,10Y yield backdrop is restrictive for rate-sensitive risk.,hold,hold
2026-09-21,META,long,stock,True,hold,hold,hold,hold,False,False,False,False,False,"confidence,risk",11,13,retained_v1_plus_zero_profile_confidence_and_declared_source_validation,10Y yield backdrop is restrictive for rate-sensitive risk.,hold,hold
2026-09-21,MPT,short,stock,True,hold,hold,hold,hold,False,False,False,False,False,"confidence,risk",13,20,fixed_stock_short_v2_rebuild,"v2_location,primary_moving_average_structure_remains_bearish,relative_strength_is_lagging_its_relevant_benchmarks",hold,hold
2026-09-21,MPT,mid,stock,True,sell,sell,sell,sell,False,False,False,False,False,"confidence,risk",19,24,retained_v1_plus_zero_profile_confidence_and_declared_source_validation,"Primary moving-average structure remains bearish.,Relative Strength is lagging its relevant benchmarks.,OBV or price-volume behavior indicates distribution.,Primary MACD structure still confirms downside momentum.,Price is extended into layered resistance rather than support.",sell,sell
2026-09-21,MPT,long,stock,True,sell,sell,sell,sell,False,False,False,False,False,"confidence,risk",26,29,retained_v1_plus_zero_profile_confidence_and_declared_source_validation,"Relative Strength is lagging its relevant benchmarks.,Primary MACD structure still confirms downside momentum.,Primary moving-average structure remains bearish.,OBV or price-volume behavior indicates distribution.,A confirmed breakdown has invalidated the prior opportunity structure; exit is anchored near the current executable area.",sell,sell
2026-09-21,MSFT,short,stock,True,accumulate,accumulate,hold,hold,False,False,True,False,False,"confidence,risk",0,6,fixed_stock_short_v2_rebuild,v2_entry_unconfirmed,accumulate,hold
2026-09-21,MSFT,mid,stock,True,hold,hold,hold,hold,False,False,False,False,False,"confidence,risk",8,12,retained_v1_plus_zero_profile_confidence_and_declared_source_validation,"Price is approaching the reduce range but has not entered the recommended reduce/exit zone.,10Y yield backdrop is restrictive for rate-sensitive risk.",hold,hold
2026-09-21,MSFT,long,stock,True,hold,hold,hold,hold,False,False,False,False,False,"confidence,risk",12,14,retained_v1_plus_zero_profile_confidence_and_declared_source_validation,10Y yield backdrop is restrictive for rate-sensitive risk.,hold,hold
2026-09-21,MU,short,stock,True,buy,buy,buy,buy,False,False,True,False,False,"confidence,risk",20,26,fixed_stock_short_v2_rebuild,,buy,buy
2026-09-21,MU,mid,stock,True,hold,hold,hold,hold,False,False,False,False,False,"confidence,risk",4,8,retained_v1_plus_zero_profile_confidence_and_declared_source_validation,"Relative Strength is lagging its relevant benchmarks.,10Y yield backdrop is restrictive for rate-sensitive risk.",hold,hold
2026-09-21,MU,long,stock,True,hold,hold,hold,hold,False,False,False,False,False,"confidence,risk",18,20,retained_v1_plus_zero_profile_confidence_and_declared_source_validation,"OBV or price-volume behavior indicates distribution.,10Y yield backdrop is restrictive for rate-sensitive risk.",hold,hold
2026-09-21,NFLX,short,stock,True,hold,hold,hold,hold,False,False,True,False,False,"confidence,risk",6,12,fixed_stock_short_v2_rebuild,"v2_location,primary_moving_average_structure_remains_bearish,relative_strength_is_lagging_its_relevant_benchmarks",hold,hold
2026-09-21,NFLX,mid,stock,True,hold,hold,hold,hold,False,False,False,False,False,"confidence,risk",1,5,retained_v1_plus_zero_profile_confidence_and_declared_source_validation,"Primary MACD structure still confirms downside momentum.,Primary moving-average structure remains bearish.,OBV or price-volume behavior indicates distribution.,Trend is weak, but price has not entered a reduce zone or confirmed a breakdown.,10Y yield backdrop is restrictive for rate-sensitive risk.",hold,hold
2026-09-21,NFLX,long,stock,True,hold,hold,hold,hold,False,False,False,False,False,"confidence,risk",12,14,retained_v1_plus_zero_profile_confidence_and_declared_source_validation,"Relative Strength is lagging its relevant benchmarks.,Primary moving-average structure remains bearish.,Trend is weak, but price has not entered a reduce zone or confirmed a breakdown.,10Y yield backdrop is restrictive for rate-sensitive risk.",hold,hold
2026-09-21,NOK,short,stock,False,trim,trim,hold,hold,False,False,False,False,False,"confidence,risk",20,26,fixed_stock_short_v2_rebuild,v2_location,hold,hold
2026-09-21,NOK,mid,stock,False,hold,hold,hold,hold,False,False,False,False,False,"confidence,risk",3,7,retained_v1_plus_zero_profile_confidence_and_declared_source_validation,"Relative Strength is lagging its relevant benchmarks.,Primary moving-average structure remains bearish.,Current price is in the neutral space between actionable price zones.,10Y yield backdrop is restrictive for rate-sensitive risk.",hold,hold
2026-09-21,NOK,long,stock,False,hold,hold,hold,hold,False,False,False,False,False,"confidence,risk",24,26,retained_v1_plus_zero_profile_confidence_and_declared_source_validation,"OBV or price-volume behavior indicates distribution.,Current price is in the neutral space between actionable price zones.,10Y yield backdrop is restrictive for rate-sensitive risk.",hold,hold
2026-09-21,NOW,short,stock,True,accumulate,accumulate,hold,hold,False,False,True,False,False,"confidence,risk",1,7,fixed_stock_short_v2_rebuild,v2_location,accumulate,hold
2026-09-21,NOW,mid,stock,True,accumulate,accumulate,accumulate,accumulate,False,False,False,False,False,"confidence,risk",3,7,retained_v1_plus_zero_profile_confidence_and_declared_source_validation,"OBV or price-volume behavior indicates distribution.,Primary MACD structure still confirms downside momentum.,Upside is extended and marginal momentum/participation is weakening.,10Y yield backdrop is restrictive for rate-sensitive risk.",accumulate,accumulate
2026-09-21,NOW,long,stock,True,hold,hold,hold,hold,False,False,False,False,False,"confidence,risk",10,13,retained_v1_plus_zero_profile_confidence_and_declared_source_validation,10Y yield backdrop is restrictive for rate-sensitive risk.,hold,hold
2026-09-21,NVDA,short,stock,True,hold,hold,hold,hold,False,False,True,False,False,"confidence,risk",20,26,fixed_stock_short_v2_rebuild,v2_location,hold,hold
2026-09-21,NVDA,mid,stock,True,hold,hold,hold,hold,False,False,False,False,False,"confidence,risk",1,5,retained_v1_plus_zero_profile_confidence_and_declared_source_validation,10Y yield backdrop is restrictive for rate-sensitive risk.,hold,hold
2026-09-21,NVDA,long,stock,True,trim,trim,trim,trim,False,False,False,False,False,"confidence,risk",5,7,retained_v1_plus_zero_profile_confidence_and_declared_source_validation,"Current price has reached the reduce zone; reduce exposure rather than add.,10Y yield backdrop is restrictive for rate-sensitive risk.",trim,trim
2026-09-21,ORCL,short,stock,True,hold,hold,hold,hold,False,False,True,False,False,"confidence,risk",5,11,fixed_stock_short_v2_rebuild,v2_trend_resistance,hold,hold
2026-09-21,ORCL,mid,stock,True,hold,hold,hold,hold,False,False,False,False,False,"confidence,risk",2,6,retained_v1_plus_zero_profile_confidence_and_declared_source_validation,"OBV or price-volume behavior indicates distribution.,Primary moving-average structure remains bearish.,Trend is weak, but price has not entered a reduce zone or confirmed a breakdown.,10Y yield backdrop is restrictive for rate-sensitive risk.",hold,hold
2026-09-21,ORCL,long,stock,True,hold,hold,hold,hold,False,False,False,False,False,"confidence,risk",16,19,retained_v1_plus_zero_profile_confidence_and_declared_source_validation,"OBV or price-volume behavior indicates distribution.,Primary moving-average structure remains bearish.,Relative Strength is lagging its relevant benchmarks.,Price is approaching the reduce range but has not entered the recommended reduce/exit zone.,10Y yield backdrop is restrictive for rate-sensitive risk.",hold,hold
2026-09-21,PDD,short,stock,True,hold,hold,hold,hold,False,False,True,False,False,"confidence,risk",0,6,fixed_stock_short_v2_rebuild,"v2_location,primary_moving_average_structure_remains_bearish,relative_strength_is_lagging_its_relevant_benchmarks",hold,hold
2026-09-21,PDD,mid,stock,True,hold,hold,hold,hold,False,False,False,False,False,"confidence,risk",2,6,retained_v1_plus_zero_profile_confidence_and_declared_source_validation,"Primary moving-average structure remains bearish.,OBV or price-volume behavior indicates distribution.,Primary MACD structure still confirms downside momentum.,Trend is weak, but price has not entered a reduce zone or confirmed a breakdown.,10Y yield backdrop is restrictive for rate-sensitive risk.",hold,hold
2026-09-21,PDD,long,stock,True,hold,hold,hold,hold,False,False,False,False,False,"confidence,risk",7,9,retained_v1_plus_zero_profile_confidence_and_declared_source_validation,"Relative Strength is lagging its relevant benchmarks.,Primary moving-average structure remains bearish.,OBV or price-volume behavior indicates distribution.,Price is near the opportunity range but has not entered the recommended buy/add zone.,10Y yield backdrop is restrictive for rate-sensitive risk.",hold,hold
2026-09-21,PLTR,short,stock,True,hold,hold,buy,buy,False,False,True,False,False,"confidence,risk",11,17,fixed_stock_short_v2_rebuild,,hold,buy
2026-09-21,PLTR,mid,stock,True,trim,trim,trim,trim,False,False,False,False,False,"confidence,risk",23,27,retained_v1_plus_zero_profile_confidence_and_declared_source_validation,"Current price has reached the reduce zone; reduce exposure rather than add.,10Y yield backdrop is restrictive for rate-sensitive risk.",trim,trim
2026-09-21,PLTR,long,stock,True,trim,trim,trim,trim,False,False,False,False,False,"confidence,risk",11,14,retained_v1_plus_zero_profile_confidence_and_declared_source_validation,"Current price has reached the reduce zone; reduce exposure rather than add.,10Y yield backdrop is restrictive for rate-sensitive risk.",trim,trim
2026-09-21,QQQ,short,ETF,True,hold,hold,hold,hold,False,False,True,False,False,"confidence,risk",30,36,retained_v1_plus_zero_profile_confidence_and_declared_source_validation,10Y yield backdrop is restrictive for rate-sensitive risk.,hold,hold
2026-09-21,QQQ,mid,ETF,True,hold,hold,hold,hold,False,False,False,False,False,"confidence,risk",74,78,retained_v1_plus_zero_profile_confidence_and_declared_source_validation,"Volatility or extension risk is elevated.,Price is approaching the reduce range but has not entered the recommended reduce/exit zone.,10Y yield backdrop is restrictive for rate-sensitive risk.",hold,hold
2026-09-21,QQQ,long,ETF,True,accumulate,accumulate,accumulate,accumulate,False,False,False,False,False,"confidence,risk",2,4,retained_v1_plus_zero_profile_confidence_and_declared_source_validation,"Primary MACD structure still confirms downside momentum.,10Y yield backdrop is restrictive for rate-sensitive risk.",accumulate,accumulate
2026-09-21,SOFI,short,stock,True,hold,hold,trim,trim,False,False,False,False,False,"confidence,risk",0,7,fixed_stock_short_v2_rebuild,"v2_weak_resistance,primary_moving_average_structure_remains_bearish,relative_strength_is_lagging_its_relevant_benchmarks",hold,trim
2026-09-21,SOFI,mid,stock,True,hold,hold,hold,hold,False,False,False,False,False,"confidence,risk",3,8,retained_v1_plus_zero_profile_confidence_and_declared_source_validation,"Primary MACD structure still confirms downside momentum.,OBV or price-volume behavior indicates distribution.,Relative Strength is lagging its relevant benchmarks.,Trend is weak, but price has not entered a reduce zone or confirmed a breakdown.,10Y yield backdrop is restrictive for rate-sensitive risk.",hold,hold
2026-09-21,SOFI,long,stock,True,hold,hold,hold,hold,False,False,False,False,False,"confidence,risk",18,21,retained_v1_plus_zero_profile_confidence_and_declared_source_validation,"OBV or price-volume behavior indicates distribution.,Primary moving-average structure remains bearish.,Relative Strength is lagging its relevant benchmarks.,Current price is in the neutral space between actionable price zones.,10Y yield backdrop is restrictive for rate-sensitive risk.",hold,hold
2026-09-21,SOXL,short,ETF,True,hold,hold,hold,hold,False,False,True,False,False,"confidence,risk",27,33,retained_v1_plus_zero_profile_confidence_and_declared_source_validation,10Y yield backdrop is restrictive for rate-sensitive risk.,hold,hold
2026-09-21,SOXL,mid,ETF,True,hold,hold,hold,hold,False,False,False,False,False,"confidence,risk",25,29,retained_v1_plus_zero_profile_confidence_and_declared_source_validation,"Relative Strength is lagging its relevant benchmarks.,Primary moving-average structure remains bearish.,Price is extended into layered resistance rather than support.,Current price is in the neutral space between actionable price zones.,10Y yield backdrop is restrictive for rate-sensitive risk.",hold,hold
2026-09-21,SOXL,long,ETF,True,hold,hold,hold,hold,False,False,False,False,False,"confidence,risk",22,24,retained_v1_plus_zero_profile_confidence_and_declared_source_validation,"Current price is in the neutral space between actionable price zones.,10Y yield backdrop is restrictive for rate-sensitive risk.",hold,hold
2026-09-21,SOXS,short,ETF,True,sell,sell,sell,sell,False,False,False,False,False,"confidence,risk",34,40,retained_v1_plus_zero_profile_confidence_and_declared_source_validation,"Relative Strength is lagging its relevant benchmarks.,Primary MACD structure still confirms downside momentum.,Primary moving-average structure remains bearish.,OBV or price-volume behavior indicates distribution.,Price is extended into layered resistance rather than support.",sell,sell
2026-09-21,SOXS,mid,ETF,True,hold,hold,hold,hold,False,False,False,False,False,"confidence,risk",41,45,retained_v1_plus_zero_profile_confidence_and_declared_source_validation,"Primary moving-average structure remains bearish.,OBV or price-volume behavior indicates distribution.,Trend is weak, but price has not entered a reduce zone or confirmed a breakdown.,10Y yield backdrop is restrictive for rate-sensitive risk.",hold,hold
2026-09-21,SOXS,long,ETF,True,accumulate,accumulate,accumulate,accumulate,False,False,False,False,False,"confidence,risk",26,28,retained_v1_plus_zero_profile_confidence_and_declared_source_validation,"Relative Strength is lagging its relevant benchmarks.,OBV or price-volume behavior indicates distribution.,Primary moving-average structure remains bearish.,10Y yield backdrop is restrictive for rate-sensitive risk.",accumulate,accumulate
2026-09-21,SPCX,short,stock,True,hold,hold,hold,hold,False,False,True,False,False,"confidence,risk",1,7,fixed_stock_short_v2_rebuild,v2_trend_resistance,hold,hold
2026-09-21,SPCX,mid,stock,True,hold,hold,hold,hold,False,False,False,False,False,"confidence,risk",3,7,retained_v1_plus_zero_profile_confidence_and_declared_source_validation,"OBV or price-volume behavior indicates distribution.,10Y yield backdrop is restrictive for rate-sensitive risk.",hold,hold
2026-09-21,SPCX,long,stock,True,hold,hold,hold,hold,False,False,False,False,False,"confidence,risk",19,21,retained_v1_plus_zero_profile_confidence_and_declared_source_validation,"Current price is in the neutral space between actionable price zones.,10Y yield backdrop is restrictive for rate-sensitive risk.",hold,hold
2026-09-21,SPMO,short,ETF,True,hold,hold,hold,hold,False,False,False,False,False,"confidence,risk",22,28,retained_v1_plus_zero_profile_confidence_and_declared_source_validation,10Y yield backdrop is restrictive for rate-sensitive risk.,hold,hold
2026-09-21,SPMO,mid,ETF,True,hold,hold,hold,hold,False,False,False,False,False,"confidence,risk",4,8,retained_v1_plus_zero_profile_confidence_and_declared_source_validation,"Relative Strength is lagging its relevant benchmarks.,Current price is in the neutral space between actionable price zones.,10Y yield backdrop is restrictive for rate-sensitive risk.",hold,hold
2026-09-21,SPMO,long,ETF,True,hold,hold,hold,hold,False,False,False,False,False,"confidence,risk",8,10,retained_v1_plus_zero_profile_confidence_and_declared_source_validation,"Primary MACD structure still confirms downside momentum.,Upside is extended and marginal momentum/participation is weakening.,Price is approaching the reduce range but has not entered the recommended reduce/exit zone.,10Y yield backdrop is restrictive for rate-sensitive risk.",hold,hold
2026-09-21,SQQQ,short,ETF,True,avoid,avoid,avoid,avoid,False,False,False,False,False,"confidence,risk",32,38,retained_v1_plus_zero_profile_confidence_and_declared_source_validation,"Primary MACD structure still confirms downside momentum.,Primary moving-average structure remains bearish.,OBV or price-volume behavior indicates distribution.,Relative Strength is lagging its relevant benchmarks.,Price is extended into layered resistance rather than support.",avoid,avoid
2026-09-21,SQQQ,mid,ETF,True,accumulate,accumulate,accumulate,accumulate,False,False,False,False,False,"confidence,risk",26,30,retained_v1_plus_zero_profile_confidence_and_declared_source_validation,"Primary MACD structure still confirms downside momentum.,Primary moving-average structure remains bearish.,OBV or price-volume behavior indicates distribution.,Relative Strength is lagging its relevant benchmarks.,10Y yield backdrop is restrictive for rate-sensitive risk.",accumulate,accumulate
2026-09-21,SQQQ,long,ETF,True,accumulate,accumulate,accumulate,accumulate,False,False,False,False,False,"confidence,risk",18,20,retained_v1_plus_zero_profile_confidence_and_declared_source_validation,"Relative Strength is lagging its relevant benchmarks.,Primary moving-average structure remains bearish.,OBV or price-volume behavior indicates distribution.,Price is extended into layered resistance rather than support.,10Y yield backdrop is restrictive for rate-sensitive risk.",accumulate,accumulate
2026-09-21,TEM,short,stock,True,hold,hold,hold,hold,False,False,True,False,False,"confidence,risk",6,12,fixed_stock_short_v2_rebuild,v2_location,hold,hold
2026-09-21,TEM,mid,stock,True,hold,hold,hold,hold,False,False,False,False,False,"confidence,risk",17,21,retained_v1_plus_zero_profile_confidence_and_declared_source_validation,"OBV or price-volume behavior indicates distribution.,10Y yield backdrop is restrictive for rate-sensitive risk.",hold,hold
2026-09-21,TEM,long,stock,True,hold,hold,hold,hold,False,False,False,False,False,"confidence,risk",32,34,retained_v1_plus_zero_profile_confidence_and_declared_source_validation,10Y yield backdrop is restrictive for rate-sensitive risk.,hold,hold
2026-09-21,TQQQ,short,ETF,True,hold,hold,hold,hold,False,False,True,False,False,"confidence,risk",31,37,retained_v1_plus_zero_profile_confidence_and_declared_source_validation,"Price is near the opportunity range but has not entered the recommended buy/add zone.,10Y yield backdrop is restrictive for rate-sensitive risk.",hold,hold
2026-09-21,TQQQ,mid,ETF,True,hold,hold,hold,hold,False,False,False,False,False,"confidence,risk",32,36,retained_v1_plus_zero_profile_confidence_and_declared_source_validation,10Y yield backdrop is restrictive for rate-sensitive risk.,hold,hold
2026-09-21,TQQQ,long,ETF,True,hold,hold,hold,hold,False,False,False,False,False,"confidence,risk",14,16,retained_v1_plus_zero_profile_confidence_and_declared_source_validation,"Primary MACD structure still confirms downside momentum.,Current price is in the neutral space between actionable price zones.,10Y yield backdrop is restrictive for rate-sensitive risk.",hold,hold
2026-09-21,TSLA,short,stock,True,accumulate,accumulate,buy,buy,False,False,True,False,False,"confidence,risk",5,11,fixed_stock_short_v2_rebuild,,accumulate,buy
2026-09-21,TSLA,mid,stock,True,hold,hold,hold,hold,False,False,False,False,False,"confidence,risk",2,6,retained_v1_plus_zero_profile_confidence_and_declared_source_validation,"Current price is in the neutral space between actionable price zones.,10Y yield backdrop is restrictive for rate-sensitive risk.",hold,hold
2026-09-21,TSLA,long,stock,True,trim,trim,trim,trim,False,False,False,False,False,"confidence,risk",7,9,retained_v1_plus_zero_profile_confidence_and_declared_source_validation,"Primary moving-average structure remains bearish.,Relative Strength is lagging its relevant benchmarks.,Current price has reached the reduce zone; reduce exposure rather than add.,10Y yield backdrop is restrictive for rate-sensitive risk.",trim,trim
2026-09-21,TSM,short,stock,True,buy,buy,buy,buy,False,False,True,False,False,"confidence,risk",21,27,fixed_stock_short_v2_rebuild,,buy,buy
2026-09-21,TSM,mid,stock,True,hold,hold,hold,hold,False,False,False,False,False,"confidence,risk",5,9,retained_v1_plus_zero_profile_confidence_and_declared_source_validation,10Y yield backdrop is restrictive for rate-sensitive risk.,hold,hold
2026-09-21,TSM,long,stock,True,hold,hold,hold,hold,False,False,False,False,False,"confidence,risk",6,8,retained_v1_plus_zero_profile_confidence_and_declared_source_validation,"Current price is in the neutral space between actionable price zones.,10Y yield backdrop is restrictive for rate-sensitive risk.",hold,hold
2026-09-21,UNH,short,stock,True,hold,hold,accumulate,accumulate,False,False,True,False,False,"confidence,risk",3,9,fixed_stock_short_v2_rebuild,"primary_moving_average_structure_remains_bearish,relative_strength_is_lagging_its_relevant_benchmarks",hold,accumulate
2026-09-21,UNH,mid,stock,True,hold,hold,hold,hold,False,False,False,False,False,"confidence,risk",2,6,retained_v1_plus_zero_profile_confidence_and_declared_source_validation,"Primary moving-average structure remains bearish.,Primary MACD structure still confirms downside momentum.,Relative Strength is lagging its relevant benchmarks.,OBV or price-volume behavior indicates distribution.,Price is extended into layered resistance rather than support.",hold,hold
2026-09-21,UNH,long,stock,True,hold,hold,hold,hold,False,False,False,False,False,"confidence,risk",4,6,retained_v1_plus_zero_profile_confidence_and_declared_source_validation,"OBV or price-volume behavior indicates distribution.,Primary MACD structure still confirms downside momentum.,Price is extended into layered resistance rather than support.,Upside is extended and marginal momentum/participation is weakening.,Price is near the opportunity range but has not entered the recommended buy/add zone.",hold,hold
2026-09-21,XE,short,stock,True,hold,hold,hold,hold,False,False,True,False,True,"confidence,state,landscape,risk",11,17,fixed_stock_short_v2_rebuild,"v2_trend_resistance,primary_moving_average_structure_remains_bearish,relative_strength_is_lagging_its_relevant_benchmarks",hold,hold
2026-09-21,XE,mid,stock,True,hold,hold,hold,hold,False,False,False,False,False,"confidence,risk",8,12,retained_v1_plus_zero_profile_confidence_and_declared_source_validation,"Primary moving-average structure remains bearish.,Relative Strength is lagging its relevant benchmarks.,OBV or price-volume behavior indicates distribution.,Primary MACD structure still confirms downside momentum.,Trend is weak, but price has not entered a reduce zone or confirmed a breakdown.",hold,hold
2026-09-21,XE,long,stock,True,hold,hold,hold,hold,False,False,False,False,False,"confidence,risk",20,22,retained_v1_plus_zero_profile_confidence_and_declared_source_validation,"OBV or price-volume behavior indicates distribution.,Primary moving-average structure remains bearish.,Trend is weak, but price has not entered a reduce zone or confirmed a breakdown.,10Y yield backdrop is restrictive for rate-sensitive risk.",hold,hold
2026-09-21,ZETA,short,stock,True,hold,hold,hold,hold,False,False,True,False,False,"confidence,risk",1,7,fixed_stock_short_v2_rebuild,v2_location,hold,hold
2026-09-21,ZETA,mid,stock,True,hold,hold,hold,hold,False,False,False,False,False,"confidence,risk",9,13,retained_v1_plus_zero_profile_confidence_and_declared_source_validation,"Primary MACD structure still confirms downside momentum.,Price is approaching the reduce range but has not entered the recommended reduce/exit zone.,10Y yield backdrop is restrictive for rate-sensitive risk.",hold,hold
2026-09-21,ZETA,long,stock,True,trim,trim,trim,trim,False,False,False,False,False,"confidence,risk",21,23,retained_v1_plus_zero_profile_confidence_and_declared_source_validation,"Current price has reached the reduce zone; reduce exposure rather than add.,10Y yield backdrop is restrictive for rate-sensitive risk.",trim,trim
2026-09-22,AAPL,short,stock,True,hold,hold,hold,hold,False,False,True,False,False,"confidence,risk",2,8,fixed_stock_short_v2_rebuild,v2_trend_resistance,hold,hold
2026-09-22,AAPL,mid,stock,True,trim,trim,trim,trim,False,False,False,False,False,"confidence,risk",6,10,retained_v1_plus_zero_profile_confidence_and_declared_source_validation,"Current price has reached the reduce zone; reduce exposure rather than add.,10Y yield backdrop is restrictive for rate-sensitive risk.",trim,trim
2026-09-22,AAPL,long,stock,True,trim,trim,trim,trim,False,False,False,False,False,"confidence,risk",8,10,retained_v1_plus_zero_profile_confidence_and_declared_source_validation,"Current price has reached the reduce zone; reduce exposure rather than add.,10Y yield backdrop is restrictive for rate-sensitive risk.",trim,trim
2026-09-22,AMD,short,stock,True,avoid,avoid,avoid,avoid,False,False,False,False,False,"confidence,risk",31,37,fixed_stock_short_v2_rebuild,v2_structure_missing,avoid,avoid
2026-09-22,AMD,mid,stock,True,avoid,avoid,avoid,avoid,False,False,False,False,False,"confidence,risk",74,78,retained_v1_plus_zero_profile_confidence_and_declared_source_validation,"Volatility or extension risk is elevated.,Price landscape quality is insufficient for an actionable recommendation.,10Y yield backdrop is restrictive for rate-sensitive risk.",avoid,avoid
2026-09-22,AMD,long,stock,True,avoid,avoid,avoid,avoid,False,False,False,False,False,"confidence,risk",13,15,retained_v1_plus_zero_profile_confidence_and_declared_source_validation,"Price landscape quality is insufficient for an actionable recommendation.,10Y yield backdrop is restrictive for rate-sensitive risk.",avoid,avoid
2026-09-22,AMZN,short,stock,True,accumulate,accumulate,accumulate,accumulate,False,False,True,False,False,"confidence,risk",0,6,fixed_stock_short_v2_rebuild,relative_strength_is_lagging_its_relevant_benchmarks,accumulate,accumulate
2026-09-22,AMZN,mid,stock,True,hold,hold,hold,hold,False,False,False,False,False,"confidence,risk",2,6,retained_v1_plus_zero_profile_confidence_and_declared_source_validation,"OBV or price-volume behavior indicates distribution.,Current price is in the neutral space between actionable price zones.,10Y yield backdrop is restrictive for rate-sensitive risk.",hold,hold
2026-09-22,AMZN,long,stock,True,hold,hold,hold,hold,False,False,False,False,False,"confidence,risk",5,7,retained_v1_plus_zero_profile_confidence_and_declared_source_validation,"Current price is in the neutral space between actionable price zones.,10Y yield backdrop is restrictive for rate-sensitive risk.",hold,hold
2026-09-22,BABA,short,stock,True,hold,hold,hold,hold,False,False,True,False,False,"confidence,risk",8,14,fixed_stock_short_v2_rebuild,v2_location,hold,hold
2026-09-22,BABA,mid,stock,True,hold,hold,hold,hold,False,False,False,False,False,"confidence,risk",7,11,retained_v1_plus_zero_profile_confidence_and_declared_source_validation,"Primary moving-average structure remains bearish.,Current price is in the neutral space between actionable price zones.,10Y yield backdrop is restrictive for rate-sensitive risk.",hold,hold
2026-09-22,BABA,long,stock,True,hold,hold,hold,hold,False,False,False,False,False,"confidence,risk",8,10,retained_v1_plus_zero_profile_confidence_and_declared_source_validation,"Relative Strength is lagging its relevant benchmarks.,Primary moving-average structure remains bearish.,Current price is in the neutral space between actionable price zones.,10Y yield backdrop is restrictive for rate-sensitive risk.",hold,hold
2026-09-22,CRCL,short,stock,True,hold,hold,hold,hold,False,False,True,False,False,"confidence,risk",8,15,fixed_stock_short_v2_rebuild,v2_location,hold,hold
2026-09-22,CRCL,mid,stock,True,hold,hold,hold,hold,False,False,False,False,False,"confidence,risk",6,11,retained_v1_plus_zero_profile_confidence_and_declared_source_validation,"Current price is in the neutral space between actionable price zones.,10Y yield backdrop is restrictive for rate-sensitive risk.",hold,hold
2026-09-22,CRCL,long,stock,True,hold,hold,hold,hold,False,False,False,False,False,"confidence,risk",19,22,retained_v1_plus_zero_profile_confidence_and_declared_source_validation,"Relative Strength is lagging its relevant benchmarks.,Current price is in the neutral space between actionable price zones.,10Y yield backdrop is restrictive for rate-sensitive risk.",hold,hold
2026-09-22,CRWV,short,stock,True,hold,hold,hold,hold,False,False,True,False,False,"confidence,risk",6,12,fixed_stock_short_v2_rebuild,v2_location,hold,hold
2026-09-22,CRWV,mid,stock,True,hold,hold,hold,hold,False,False,False,False,False,"confidence,risk",5,9,retained_v1_plus_zero_profile_confidence_and_declared_source_validation,"OBV or price-volume behavior indicates distribution.,Primary moving-average structure remains bearish.,Relative Strength is lagging its relevant benchmarks.,Primary MACD structure still confirms downside momentum.,Trend is weak, but price has not entered a reduce zone or confirmed a breakdown.",hold,hold
2026-09-22,CRWV,long,stock,True,hold,hold,hold,hold,False,False,False,False,False,"confidence,risk",18,21,retained_v1_plus_zero_profile_confidence_and_declared_source_validation,"OBV or price-volume behavior indicates distribution.,Primary MACD structure still confirms downside momentum.,Current price is in the neutral space between actionable price zones.,10Y yield backdrop is restrictive for rate-sensitive risk.",hold,hold
2026-09-22,GEV,short,stock,True,hold,hold,hold,hold,False,False,True,False,False,"confidence,risk",0,6,fixed_stock_short_v2_rebuild,v2_trend_resistance,hold,hold
2026-09-22,GEV,mid,stock,True,hold,hold,hold,hold,False,False,False,False,False,"confidence,risk",2,6,retained_v1_plus_zero_profile_confidence_and_declared_source_validation,"Primary moving-average structure remains bearish.,Relative Strength is lagging its relevant benchmarks.,Current price is in the neutral space between actionable price zones.,10Y yield backdrop is restrictive for rate-sensitive risk.",hold,hold
2026-09-22,GEV,long,stock,True,accumulate,accumulate,accumulate,accumulate,False,False,False,False,False,"confidence,risk",18,20,retained_v1_plus_zero_profile_confidence_and_declared_source_validation,"OBV or price-volume behavior indicates distribution.,Primary MACD structure still confirms downside momentum.,10Y yield backdrop is restrictive for rate-sensitive risk.",accumulate,accumulate
2026-09-22,GOOGL,short,stock,True,hold,hold,hold,hold,False,False,True,False,False,"confidence,risk",5,11,fixed_stock_short_v2_rebuild,v2_trend_resistance,hold,hold
2026-09-22,GOOGL,mid,stock,True,accumulate,accumulate,accumulate,accumulate,False,False,False,False,False,"confidence,risk",1,5,retained_v1_plus_zero_profile_confidence_and_declared_source_validation,"OBV or price-volume behavior indicates distribution.,Primary moving-average structure remains bearish.,10Y yield backdrop is restrictive for rate-sensitive risk.",accumulate,accumulate
2026-09-22,GOOGL,long,stock,True,hold,hold,hold,hold,False,False,False,False,False,"confidence,risk",9,11,retained_v1_plus_zero_profile_confidence_and_declared_source_validation,"OBV or price-volume behavior indicates distribution.,Current price is in the neutral space between actionable price zones.,10Y yield backdrop is restrictive for rate-sensitive risk.",hold,hold
2026-09-22,GS,short,stock,True,hold,hold,hold,hold,False,False,True,False,False,"confidence,risk",8,15,fixed_stock_short_v2_rebuild,"v2_location,primary_moving_average_structure_remains_bearish,relative_strength_is_lagging_its_relevant_benchmarks",hold,hold
2026-09-22,GS,mid,stock,True,hold,hold,hold,hold,False,False,False,False,False,"confidence,risk",10,15,retained_v1_plus_zero_profile_confidence_and_declared_source_validation,"Primary MACD structure still confirms downside momentum.,Primary moving-average structure remains bearish.,OBV or price-volume behavior indicates distribution.,Relative Strength is lagging its relevant benchmarks.,Price is near the opportunity range but has not entered the recommended buy/add zone.",hold,hold
2026-09-22,GS,long,stock,True,hold,hold,hold,hold,False,False,False,False,False,"confidence,risk",14,17,retained_v1_plus_zero_profile_confidence_and_declared_source_validation,"OBV or price-volume behavior indicates distribution.,Primary MACD structure still confirms downside momentum.,Relative Strength is lagging its relevant benchmarks.,Price is extended into layered resistance rather than support.,Upside is extended and marginal momentum/participation is weakening.",hold,hold
2026-09-22,HIMS,short,stock,True,hold,hold,hold,hold,False,False,True,False,False,"confidence,risk",3,9,fixed_stock_short_v2_rebuild,"v2_location,relative_strength_is_lagging_its_relevant_benchmarks",hold,hold
2026-09-22,HIMS,mid,stock,True,accumulate,accumulate,accumulate,accumulate,False,False,False,False,False,"confidence,risk",4,8,retained_v1_plus_zero_profile_confidence_and_declared_source_validation,"Relative Strength is lagging its relevant benchmarks.,10Y yield backdrop is restrictive for rate-sensitive risk.",accumulate,accumulate
2026-09-22,HIMS,long,stock,True,hold,hold,hold,hold,False,False,False,False,False,"confidence,risk",17,19,retained_v1_plus_zero_profile_confidence_and_declared_source_validation,"Primary MACD structure still confirms downside momentum.,OBV or price-volume behavior indicates distribution.,Upside is extended and marginal momentum/participation is weakening.,Current price is in the neutral space between actionable price zones.,10Y yield backdrop is restrictive for rate-sensitive risk.",hold,hold
2026-09-22,META,short,stock,True,hold,hold,hold,hold,False,False,True,False,False,"confidence,risk",19,25,fixed_stock_short_v2_rebuild,v2_location,hold,hold
2026-09-22,META,mid,stock,True,hold,hold,hold,hold,False,False,False,False,False,"confidence,risk",27,31,retained_v1_plus_zero_profile_confidence_and_declared_source_validation,10Y yield backdrop is restrictive for rate-sensitive risk.,hold,hold
2026-09-22,META,long,stock,True,hold,hold,hold,hold,False,False,False,False,False,"confidence,risk",9,11,retained_v1_plus_zero_profile_confidence_and_declared_source_validation,10Y yield backdrop is restrictive for rate-sensitive risk.,hold,hold
2026-09-22,MPT,short,stock,True,hold,hold,hold,hold,False,False,False,False,False,"confidence,risk",12,19,fixed_stock_short_v2_rebuild,"v2_location,primary_moving_average_structure_remains_bearish,relative_strength_is_lagging_its_relevant_benchmarks",hold,hold
2026-09-22,MPT,mid,stock,True,hold,hold,hold,hold,False,False,False,False,False,"confidence,risk",19,24,retained_v1_plus_zero_profile_confidence_and_declared_source_validation,"Relative Strength is lagging its relevant benchmarks.,Primary moving-average structure remains bearish.,OBV or price-volume behavior indicates distribution.,Primary MACD structure still confirms downside momentum.,Price is extended into layered resistance rather than support.",hold,hold
2026-09-22,MPT,long,stock,True,sell,sell,sell,sell,False,False,False,False,False,"confidence,risk",26,29,retained_v1_plus_zero_profile_confidence_and_declared_source_validation,"Relative Strength is lagging its relevant benchmarks.,Primary MACD structure still confirms downside momentum.,Primary moving-average structure remains bearish.,OBV or price-volume behavior indicates distribution.,A confirmed breakdown has invalidated the prior opportunity structure; exit is anchored near the current executable area.",sell,sell
2026-09-22,MSFT,short,stock,True,hold,hold,hold,hold,False,False,True,False,False,"confidence,risk",0,6,fixed_stock_short_v2_rebuild,v2_entry_unconfirmed,hold,hold
2026-09-22,MSFT,mid,stock,True,hold,hold,hold,hold,False,False,False,False,False,"confidence,risk",5,9,retained_v1_plus_zero_profile_confidence_and_declared_source_validation,10Y yield backdrop is restrictive for rate-sensitive risk.,hold,hold
2026-09-22,MSFT,long,stock,True,hold,hold,hold,hold,False,False,False,False,False,"confidence,risk",12,14,retained_v1_plus_zero_profile_confidence_and_declared_source_validation,10Y yield backdrop is restrictive for rate-sensitive risk.,hold,hold
2026-09-22,MU,short,stock,True,hold,hold,hold,hold,False,False,True,False,False,"confidence,risk",25,31,fixed_stock_short_v2_rebuild,v2_location,hold,hold
2026-09-22,MU,mid,stock,True,hold,hold,hold,hold,False,False,False,False,False,"confidence,risk",27,31,retained_v1_plus_zero_profile_confidence_and_declared_source_validation,"Relative Strength is lagging its relevant benchmarks.,10Y yield backdrop is restrictive for rate-sensitive risk.",hold,hold
2026-09-22,MU,long,stock,True,hold,hold,hold,hold,False,False,False,False,False,"confidence,risk",18,20,retained_v1_plus_zero_profile_confidence_and_declared_source_validation,"OBV or price-volume behavior indicates distribution.,10Y yield backdrop is restrictive for rate-sensitive risk.",hold,hold
2026-09-22,NFLX,short,stock,True,hold,hold,hold,hold,False,False,True,False,False,"confidence,risk",7,13,fixed_stock_short_v2_rebuild,"v2_entry_unconfirmed,primary_moving_average_structure_remains_bearish,relative_strength_is_lagging_its_relevant_benchmarks",hold,hold
2026-09-22,NFLX,mid,stock,True,hold,hold,hold,hold,False,False,False,False,False,"confidence,risk",4,8,retained_v1_plus_zero_profile_confidence_and_declared_source_validation,"Primary MACD structure still confirms downside momentum.,Primary moving-average structure remains bearish.,OBV or price-volume behavior indicates distribution.,Trend is weak, but price has not entered a reduce zone or confirmed a breakdown.,10Y yield backdrop is restrictive for rate-sensitive risk.",hold,hold
2026-09-22,NFLX,long,stock,True,hold,hold,hold,hold,False,False,False,False,False,"confidence,risk",12,14,retained_v1_plus_zero_profile_confidence_and_declared_source_validation,"Relative Strength is lagging its relevant benchmarks.,Primary moving-average structure remains bearish.,Trend is weak, but price has not entered a reduce zone or confirmed a breakdown.,10Y yield backdrop is restrictive for rate-sensitive risk.",hold,hold
2026-09-22,NOK,short,stock,True,hold,hold,hold,hold,False,False,False,False,False,"confidence,risk",1,7,fixed_stock_short_v2_rebuild,v2_trend_resistance,hold,hold
2026-09-22,NOK,mid,stock,True,hold,hold,hold,hold,False,False,False,False,False,"confidence,risk",3,7,retained_v1_plus_zero_profile_confidence_and_declared_source_validation,"Relative Strength is lagging its relevant benchmarks.,Primary moving-average structure remains bearish.,Current price is in the neutral space between actionable price zones.,10Y yield backdrop is restrictive for rate-sensitive risk.",hold,hold
2026-09-22,NOK,long,stock,True,hold,hold,hold,hold,False,False,False,False,False,"confidence,risk",24,26,retained_v1_plus_zero_profile_confidence_and_declared_source_validation,"OBV or price-volume behavior indicates distribution.,Price is near the opportunity range but has not entered the recommended buy/add zone.,10Y yield backdrop is restrictive for rate-sensitive risk.",hold,hold
2026-09-22,NOW,short,stock,True,accumulate,accumulate,hold,hold,False,False,True,False,False,"confidence,risk",1,7,fixed_stock_short_v2_rebuild,v2_entry_unconfirmed,accumulate,hold
2026-09-22,NOW,mid,stock,True,hold,hold,hold,hold,False,False,False,False,False,"confidence,risk",3,7,retained_v1_plus_zero_profile_confidence_and_declared_source_validation,"OBV or price-volume behavior indicates distribution.,Primary MACD structure still confirms downside momentum.,Upside is extended and marginal momentum/participation is weakening.,10Y yield backdrop is restrictive for rate-sensitive risk.",hold,hold
2026-09-22,NOW,long,stock,True,hold,hold,hold,hold,False,False,False,False,False,"confidence,risk",10,13,retained_v1_plus_zero_profile_confidence_and_declared_source_validation,10Y yield backdrop is restrictive for rate-sensitive risk.,hold,hold
2026-09-22,NVDA,short,stock,True,hold,hold,hold,hold,False,False,True,False,False,"confidence,risk",20,26,fixed_stock_short_v2_rebuild,v2_location,hold,hold
2026-09-22,NVDA,mid,stock,True,hold,hold,hold,hold,False,False,False,False,False,"confidence,risk",19,23,retained_v1_plus_zero_profile_confidence_and_declared_source_validation,"Price is approaching the reduce range but has not entered the recommended reduce/exit zone.,10Y yield backdrop is restrictive for rate-sensitive risk.",hold,hold
2026-09-22,NVDA,long,stock,True,trim,trim,trim,trim,False,False,False,False,False,"confidence,risk",5,7,retained_v1_plus_zero_profile_confidence_and_declared_source_validation,"Current price has reached the reduce zone; reduce exposure rather than add.,10Y yield backdrop is restrictive for rate-sensitive risk.",trim,trim
2026-09-22,ORCL,short,stock,True,hold,hold,hold,hold,False,False,True,False,False,"confidence,risk",1,7,fixed_stock_short_v2_rebuild,v2_trend_resistance,hold,hold
2026-09-22,ORCL,mid,stock,True,hold,hold,hold,hold,False,False,False,False,False,"confidence,risk",2,6,retained_v1_plus_zero_profile_confidence_and_declared_source_validation,"OBV or price-volume behavior indicates distribution.,Primary moving-average structure remains bearish.,Current price is in the neutral space between actionable price zones.,10Y yield backdrop is restrictive for rate-sensitive risk.",hold,hold
2026-09-22,ORCL,long,stock,True,hold,hold,hold,hold,False,False,False,False,False,"confidence,risk",16,19,retained_v1_plus_zero_profile_confidence_and_declared_source_validation,"OBV or price-volume behavior indicates distribution.,Relative Strength is lagging its relevant benchmarks.,Primary moving-average structure remains bearish.,Price is approaching the reduce range but has not entered the recommended reduce/exit zone.,10Y yield backdrop is restrictive for rate-sensitive risk.",hold,hold
2026-09-22,PDD,short,stock,True,hold,hold,hold,hold,False,False,True,False,False,"confidence,risk",5,11,fixed_stock_short_v2_rebuild,"v2_trend_resistance,primary_moving_average_structure_remains_bearish,relative_strength_is_lagging_its_relevant_benchmarks",hold,hold
2026-09-22,PDD,mid,stock,True,hold,hold,hold,hold,False,False,False,False,False,"confidence,risk",4,8,retained_v1_plus_zero_profile_confidence_and_declared_source_validation,"Primary moving-average structure remains bearish.,OBV or price-volume behavior indicates distribution.,Trend is weak, but price has not entered a reduce zone or confirmed a breakdown.,10Y yield backdrop is restrictive for rate-sensitive risk.",hold,hold
2026-09-22,PDD,long,stock,True,hold,hold,hold,hold,False,False,False,False,False,"confidence,risk",7,9,retained_v1_plus_zero_profile_confidence_and_declared_source_validation,"Relative Strength is lagging its relevant benchmarks.,Primary moving-average structure remains bearish.,OBV or price-volume behavior indicates distribution.,Trend is weak, but price has not entered a reduce zone or confirmed a breakdown.,10Y yield backdrop is restrictive for rate-sensitive risk.",hold,hold
2026-09-22,PLTR,short,stock,True,hold,hold,hold,hold,False,False,True,False,False,"confidence,risk",20,26,fixed_stock_short_v2_rebuild,v2_location,hold,hold
2026-09-22,PLTR,mid,stock,True,hold,hold,hold,hold,False,False,False,False,False,"confidence,risk",23,27,retained_v1_plus_zero_profile_confidence_and_declared_source_validation,10Y yield backdrop is restrictive for rate-sensitive risk.,hold,hold
2026-09-22,PLTR,long,stock,True,hold,hold,hold,hold,False,False,False,False,False,"confidence,risk",11,14,retained_v1_plus_zero_profile_confidence_and_declared_source_validation,10Y yield backdrop is restrictive for rate-sensitive risk.,hold,hold
2026-09-22,QQQ,short,ETF,True,avoid,avoid,avoid,avoid,False,False,False,False,False,"confidence,risk",27,33,retained_v1_plus_zero_profile_confidence_and_declared_source_validation,"Price landscape quality is insufficient for an actionable recommendation.,10Y yield backdrop is restrictive for rate-sensitive risk.",avoid,avoid
2026-09-22,QQQ,mid,ETF,True,hold,hold,hold,hold,False,False,False,False,False,"confidence,risk",27,31,retained_v1_plus_zero_profile_confidence_and_declared_source_validation,10Y yield backdrop is restrictive for rate-sensitive risk.,hold,hold
2026-09-22,QQQ,long,ETF,True,accumulate,accumulate,accumulate,accumulate,False,False,False,False,False,"confidence,risk",2,4,retained_v1_plus_zero_profile_confidence_and_declared_source_validation,"Primary MACD structure still confirms downside momentum.,10Y yield backdrop is restrictive for rate-sensitive risk.",accumulate,accumulate
2026-09-22,SOFI,short,stock,True,hold,hold,hold,hold,False,False,False,False,False,"confidence,risk",3,10,fixed_stock_short_v2_rebuild,"v2_location,primary_moving_average_structure_remains_bearish,relative_strength_is_lagging_its_relevant_benchmarks",hold,hold
2026-09-22,SOFI,mid,stock,True,hold,hold,hold,hold,False,False,False,False,False,"confidence,risk",5,10,retained_v1_plus_zero_profile_confidence_and_declared_source_validation,"OBV or price-volume behavior indicates distribution.,Primary MACD structure still confirms downside momentum.,Relative Strength is lagging its relevant benchmarks.,Price is near the opportunity range but has not entered the recommended buy/add zone.,10Y yield backdrop is restrictive for rate-sensitive risk.",hold,hold
2026-09-22,SOFI,long,stock,True,hold,hold,hold,hold,False,False,False,False,False,"confidence,risk",19,22,retained_v1_plus_zero_profile_confidence_and_declared_source_validation,"OBV or price-volume behavior indicates distribution.,Primary moving-average structure remains bearish.,Relative Strength is lagging its relevant benchmarks.,Current price is in the neutral space between actionable price zones.,10Y yield backdrop is restrictive for rate-sensitive risk.",hold,hold
2026-09-22,SOXL,short,ETF,True,hold,hold,hold,hold,False,False,True,False,False,"confidence,risk",34,40,retained_v1_plus_zero_profile_confidence_and_declared_source_validation,"Price is approaching the reduce range but has not entered the recommended reduce/exit zone.,10Y yield backdrop is restrictive for rate-sensitive risk.",hold,hold
2026-09-22,SOXL,mid,ETF,True,hold,hold,hold,hold,False,False,False,False,False,"confidence,risk",33,37,retained_v1_plus_zero_profile_confidence_and_declared_source_validation,"Relative Strength is lagging its relevant benchmarks.,Primary moving-average structure remains bearish.,Price is extended into layered resistance rather than support.,Current price is in the neutral space between actionable price zones.,10Y yield backdrop is restrictive for rate-sensitive risk.",hold,hold
2026-09-22,SOXL,long,ETF,True,hold,hold,hold,hold,False,False,False,False,False,"confidence,risk",22,24,retained_v1_plus_zero_profile_confidence_and_declared_source_validation,"Current price is in the neutral space between actionable price zones.,10Y yield backdrop is restrictive for rate-sensitive risk.",hold,hold
2026-09-22,SOXS,short,ETF,True,avoid,avoid,avoid,avoid,False,False,False,False,False,"confidence,risk",36,42,retained_v1_plus_zero_profile_confidence_and_declared_source_validation,"Relative Strength is lagging its relevant benchmarks.,Primary MACD structure still confirms downside momentum.,Primary moving-average structure remains bearish.,OBV or price-volume behavior indicates distribution.,Price landscape quality is insufficient for an actionable recommendation.",avoid,avoid
2026-09-22,SOXS,mid,ETF,True,accumulate,accumulate,accumulate,accumulate,False,False,False,False,False,"confidence,risk",40,44,retained_v1_plus_zero_profile_confidence_and_declared_source_validation,"Relative Strength is lagging its relevant benchmarks.,Primary moving-average structure remains bearish.,OBV or price-volume behavior indicates distribution.,Primary MACD structure still confirms downside momentum.,10Y yield backdrop is restrictive for rate-sensitive risk.",accumulate,accumulate
2026-09-22,SOXS,long,ETF,True,hold,hold,hold,hold,False,False,False,False,False,"confidence,risk",26,28,retained_v1_plus_zero_profile_confidence_and_declared_source_validation,"Relative Strength is lagging its relevant benchmarks.,Primary moving-average structure remains bearish.,OBV or price-volume behavior indicates distribution.,Price is near the opportunity range but has not entered the recommended buy/add zone.,10Y yield backdrop is restrictive for rate-sensitive risk.",hold,hold
2026-09-22,SPCX,short,stock,True,hold,hold,hold,hold,False,False,True,False,False,"confidence,risk",1,7,fixed_stock_short_v2_rebuild,v2_location,hold,hold
2026-09-22,SPCX,mid,stock,True,hold,hold,hold,hold,False,False,False,False,False,"confidence,risk",3,7,retained_v1_plus_zero_profile_confidence_and_declared_source_validation,10Y yield backdrop is restrictive for rate-sensitive risk.,hold,hold
2026-09-22,SPCX,long,stock,True,hold,hold,hold,hold,False,False,False,False,False,"confidence,risk",19,21,retained_v1_plus_zero_profile_confidence_and_declared_source_validation,"Current price is in the neutral space between actionable price zones.,10Y yield backdrop is restrictive for rate-sensitive risk.",hold,hold
2026-09-22,SPMO,short,ETF,True,hold,hold,hold,hold,False,False,False,False,False,"confidence,risk",32,38,retained_v1_plus_zero_profile_confidence_and_declared_source_validation,10Y yield backdrop is restrictive for rate-sensitive risk.,hold,hold
2026-09-22,SPMO,mid,ETF,True,hold,hold,hold,hold,False,False,False,False,False,"confidence,risk",29,33,retained_v1_plus_zero_profile_confidence_and_declared_source_validation,"Relative Strength is lagging its relevant benchmarks.,10Y yield backdrop is restrictive for rate-sensitive risk.",hold,hold
2026-09-22,SPMO,long,ETF,True,hold,hold,hold,hold,False,False,False,False,False,"confidence,risk",18,20,retained_v1_plus_zero_profile_confidence_and_declared_source_validation,"Primary MACD structure still confirms downside momentum.,Price is approaching the reduce range but has not entered the recommended reduce/exit zone.,10Y yield backdrop is restrictive for rate-sensitive risk.",hold,hold
2026-09-22,SQQQ,short,ETF,True,avoid,avoid,avoid,avoid,False,False,False,False,False,"confidence,risk",30,36,retained_v1_plus_zero_profile_confidence_and_declared_source_validation,"Primary MACD structure still confirms downside momentum.,Primary moving-average structure remains bearish.,Relative Strength is lagging its relevant benchmarks.,OBV or price-volume behavior indicates distribution.,Price is extended into layered resistance rather than support.",avoid,avoid
2026-09-22,SQQQ,mid,ETF,True,avoid,avoid,avoid,avoid,False,False,False,False,False,"confidence,risk",24,28,retained_v1_plus_zero_profile_confidence_and_declared_source_validation,"Primary MACD structure still confirms downside momentum.,Relative Strength is lagging its relevant benchmarks.,Primary moving-average structure remains bearish.,OBV or price-volume behavior indicates distribution.,Price landscape quality is insufficient for an actionable recommendation.",avoid,avoid
2026-09-22,SQQQ,long,ETF,True,accumulate,accumulate,accumulate,accumulate,False,False,False,False,False,"confidence,risk",18,20,retained_v1_plus_zero_profile_confidence_and_declared_source_validation,"Relative Strength is lagging its relevant benchmarks.,Primary moving-average structure remains bearish.,OBV or price-volume behavior indicates distribution.,Price is extended into layered resistance rather than support.,10Y yield backdrop is restrictive for rate-sensitive risk.",accumulate,accumulate
2026-09-22,TEM,short,stock,True,hold,hold,hold,hold,False,False,True,False,False,"confidence,risk",4,10,fixed_stock_short_v2_rebuild,v2_location,hold,hold
2026-09-22,TEM,mid,stock,True,hold,hold,hold,hold,False,False,False,False,False,"confidence,risk",14,18,retained_v1_plus_zero_profile_confidence_and_declared_source_validation,"OBV or price-volume behavior indicates distribution.,10Y yield backdrop is restrictive for rate-sensitive risk.",hold,hold
2026-09-22,TEM,long,stock,True,hold,hold,hold,hold,False,False,False,False,False,"confidence,risk",32,34,retained_v1_plus_zero_profile_confidence_and_declared_source_validation,10Y yield backdrop is restrictive for rate-sensitive risk.,hold,hold
2026-09-22,TQQQ,short,ETF,True,hold,hold,hold,hold,False,False,False,False,False,"confidence,risk",29,35,retained_v1_plus_zero_profile_confidence_and_declared_source_validation,10Y yield backdrop is restrictive for rate-sensitive risk.,hold,hold
2026-09-22,TQQQ,mid,ETF,True,hold,hold,hold,hold,False,False,False,False,False,"confidence,risk",32,36,retained_v1_plus_zero_profile_confidence_and_declared_source_validation,"Price is extended into layered resistance rather than support.,10Y yield backdrop is restrictive for rate-sensitive risk.",hold,hold
2026-09-22,TQQQ,long,ETF,True,hold,hold,hold,hold,False,False,False,False,False,"confidence,risk",14,16,retained_v1_plus_zero_profile_confidence_and_declared_source_validation,"Primary MACD structure still confirms downside momentum.,Price is approaching the reduce range but has not entered the recommended reduce/exit zone.,10Y yield backdrop is restrictive for rate-sensitive risk.",hold,hold
2026-09-22,TSLA,short,stock,True,buy,buy,buy,buy,False,False,True,False,False,"confidence,risk",20,26,fixed_stock_short_v2_rebuild,,buy,buy
2026-09-22,TSLA,mid,stock,True,hold,hold,hold,hold,False,False,False,False,False,"confidence,risk",9,13,retained_v1_plus_zero_profile_confidence_and_declared_source_validation,10Y yield backdrop is restrictive for rate-sensitive risk.,hold,hold
2026-09-22,TSLA,long,stock,True,hold,hold,hold,hold,False,False,False,False,False,"confidence,risk",7,9,retained_v1_plus_zero_profile_confidence_and_declared_source_validation,"Relative Strength is lagging its relevant benchmarks.,Primary moving-average structure remains bearish.,Current price is in the neutral space between actionable price zones.,10Y yield backdrop is restrictive for rate-sensitive risk.",hold,hold
2026-09-22,TSM,short,stock,True,hold,hold,buy,buy,False,False,True,False,False,"confidence,risk",27,33,fixed_stock_short_v2_rebuild,,hold,buy
2026-09-22,TSM,mid,stock,True,hold,hold,hold,hold,False,False,False,False,False,"confidence,risk",23,27,retained_v1_plus_zero_profile_confidence_and_declared_source_validation,10Y yield backdrop is restrictive for rate-sensitive risk.,hold,hold
2026-09-22,TSM,long,stock,True,hold,hold,hold,hold,False,False,False,False,False,"confidence,risk",6,8,retained_v1_plus_zero_profile_confidence_and_declared_source_validation,"Price is approaching the reduce range but has not entered the recommended reduce/exit zone.,10Y yield backdrop is restrictive for rate-sensitive risk.",hold,hold
2026-09-22,UNH,short,stock,True,accumulate,accumulate,hold,hold,False,False,True,False,False,"confidence,risk",0,6,fixed_stock_short_v2_rebuild,"v2_entry_unconfirmed,primary_moving_average_structure_remains_bearish,relative_strength_is_lagging_its_relevant_benchmarks",accumulate,hold
2026-09-22,UNH,mid,stock,True,hold,hold,hold,hold,False,False,False,False,False,"confidence,risk",4,8,retained_v1_plus_zero_profile_confidence_and_declared_source_validation,"Relative Strength is lagging its relevant benchmarks.,Primary moving-average structure remains bearish.,Primary MACD structure still confirms downside momentum.,OBV or price-volume behavior indicates distribution.,Price is extended into layered resistance rather than support.",hold,hold
2026-09-22,UNH,long,stock,True,accumulate,accumulate,accumulate,accumulate,False,False,False,False,False,"confidence,risk",4,6,retained_v1_plus_zero_profile_confidence_and_declared_source_validation,"OBV or price-volume behavior indicates distribution.,Primary MACD structure still confirms downside momentum.,Price is extended into layered resistance rather than support.,Upside is extended and marginal momentum/participation is weakening.,10Y yield backdrop is restrictive for rate-sensitive risk.",accumulate,accumulate
2026-09-22,XE,short,stock,True,accumulate,accumulate,hold,hold,False,False,True,False,False,"confidence,risk",7,13,fixed_stock_short_v2_rebuild,"v2_entry_unconfirmed,primary_moving_average_structure_remains_bearish,relative_strength_is_lagging_its_relevant_benchmarks",accumulate,hold
2026-09-22,XE,mid,stock,True,hold,hold,hold,hold,False,False,False,False,False,"confidence,risk",8,12,retained_v1_plus_zero_profile_confidence_and_declared_source_validation,"Primary moving-average structure remains bearish.,Relative Strength is lagging its relevant benchmarks.,OBV or price-volume behavior indicates distribution.,Primary MACD structure still confirms downside momentum.,Trend is weak, but price has not entered a reduce zone or confirmed a breakdown.",hold,hold
2026-09-22,XE,long,stock,True,hold,hold,hold,hold,False,False,False,False,False,"confidence,risk",20,22,retained_v1_plus_zero_profile_confidence_and_declared_source_validation,"OBV or price-volume behavior indicates distribution.,Primary moving-average structure remains bearish.,Trend is weak, but price has not entered a reduce zone or confirmed a breakdown.,10Y yield backdrop is restrictive for rate-sensitive risk.",hold,hold
2026-09-22,ZETA,short,stock,True,accumulate,accumulate,hold,hold,False,False,True,False,False,"confidence,risk",1,7,fixed_stock_short_v2_rebuild,v2_entry_unconfirmed,accumulate,hold
2026-09-22,ZETA,mid,stock,True,hold,hold,hold,hold,False,False,False,False,False,"confidence,risk",4,8,retained_v1_plus_zero_profile_confidence_and_declared_source_validation,"Primary MACD structure still confirms downside momentum.,10Y yield backdrop is restrictive for rate-sensitive risk.",hold,hold
2026-09-22,ZETA,long,stock,True,hold,hold,hold,hold,False,False,False,False,False,"confidence,risk",19,21,retained_v1_plus_zero_profile_confidence_and_declared_source_validation,"Price is approaching the reduce range but has not entered the recommended reduce/exit zone.,10Y yield backdrop is restrictive for rate-sensitive risk.",hold,hold
2026-09-23,AAPL,short,stock,True,hold,hold,accumulate,accumulate,False,False,True,False,False,"confidence,risk",0,12,fixed_stock_short_v2_rebuild,,hold,accumulate
2026-09-23,AAPL,mid,stock,True,hold,hold,hold,hold,False,False,False,False,False,"confidence,risk",3,11,retained_v1_plus_zero_profile_confidence_and_declared_source_validation,10Y yield backdrop is restrictive for rate-sensitive risk.,hold,hold
2026-09-23,AAPL,long,stock,True,trim,trim,trim,trim,False,False,False,False,False,"confidence,risk",8,13,retained_v1_plus_zero_profile_confidence_and_declared_source_validation,"Current price has reached the reduce zone; reduce exposure rather than add.,10Y yield backdrop is restrictive for rate-sensitive risk.",trim,trim
2026-09-23,AMD,short,stock,True,hold,hold,hold,hold,False,False,True,False,False,"confidence,risk",16,28,fixed_stock_short_v2_rebuild,v2_location,hold,hold
2026-09-23,AMD,mid,stock,True,trim,trim,trim,trim,False,False,False,False,False,"confidence,risk",28,37,retained_v1_plus_zero_profile_confidence_and_declared_source_validation,"Current price has reached the reduce zone; reduce exposure rather than add.,10Y yield backdrop is restrictive for rate-sensitive risk.",trim,trim
2026-09-23,AMD,long,stock,True,avoid,avoid,avoid,avoid,False,False,False,False,False,"confidence,risk",12,17,retained_v1_plus_zero_profile_confidence_and_declared_source_validation,"Price landscape quality is insufficient for an actionable recommendation.,10Y yield backdrop is restrictive for rate-sensitive risk.",avoid,avoid
2026-09-23,AMZN,short,stock,True,hold,hold,hold,hold,False,False,True,False,False,"confidence,risk",0,12,fixed_stock_short_v2_rebuild,"v2_entry_unconfirmed,primary_moving_average_structure_remains_bearish,relative_strength_is_lagging_its_relevant_benchmarks",hold,hold
2026-09-23,AMZN,mid,stock,True,accumulate,accumulate,accumulate,accumulate,False,False,False,False,False,"confidence,risk",0,8,retained_v1_plus_zero_profile_confidence_and_declared_source_validation,"OBV or price-volume behavior indicates distribution.,Primary MACD structure still confirms downside momentum.,Primary moving-average structure remains bearish.,10Y yield backdrop is restrictive for rate-sensitive risk.",accumulate,accumulate
2026-09-23,AMZN,long,stock,True,hold,hold,hold,hold,False,False,False,False,False,"confidence,risk",5,10,retained_v1_plus_zero_profile_confidence_and_declared_source_validation,"Price is near the opportunity range but has not entered the recommended buy/add zone.,10Y yield backdrop is restrictive for rate-sensitive risk.",hold,hold
2026-09-23,BABA,short,stock,True,hold,hold,hold,hold,False,False,True,False,True,"confidence,landscape,risk",0,12,fixed_stock_short_v2_rebuild,"v2_trend_resistance,primary_moving_average_structure_remains_bearish,relative_strength_is_lagging_its_relevant_benchmarks",hold,hold
2026-09-23,BABA,mid,stock,True,hold,hold,hold,hold,False,False,False,False,False,"confidence,risk",1,9,retained_v1_plus_zero_profile_confidence_and_declared_source_validation,"Primary moving-average structure remains bearish.,Price is approaching the reduce range but has not entered the recommended reduce/exit zone.,10Y yield backdrop is restrictive for rate-sensitive risk.",hold,hold
2026-09-23,BABA,long,stock,True,hold,hold,hold,hold,False,False,False,False,False,"confidence,risk",8,13,retained_v1_plus_zero_profile_confidence_and_declared_source_validation,"Relative Strength is lagging its relevant benchmarks.,Primary moving-average structure remains bearish.,Trend is weak, but price has not entered a reduce zone or confirmed a breakdown.,10Y yield backdrop is restrictive for rate-sensitive risk.",hold,hold
2026-09-23,CRCL,short,stock,True,accumulate,accumulate,hold,hold,False,False,True,False,False,"confidence,risk",8,22,fixed_stock_short_v2_rebuild,v2_location,accumulate,accumulate
2026-09-23,CRCL,mid,stock,True,hold,hold,hold,hold,False,False,False,False,False,"confidence,risk",6,16,retained_v1_plus_zero_profile_confidence_and_declared_source_validation,"Current price is in the neutral space between actionable price zones.,10Y yield backdrop is restrictive for rate-sensitive risk.",hold,hold
2026-09-23,CRCL,long,stock,True,hold,hold,hold,hold,False,False,False,False,False,"confidence,risk",19,25,retained_v1_plus_zero_profile_confidence_and_declared_source_validation,"Relative Strength is lagging its relevant benchmarks.,Current price is in the neutral space between actionable price zones.,10Y yield backdrop is restrictive for rate-sensitive risk.",hold,hold
2026-09-23,CRWV,short,stock,True,hold,hold,hold,hold,False,False,True,False,False,"confidence,risk",2,15,fixed_stock_short_v2_rebuild,v2_location,hold,hold
2026-09-23,CRWV,mid,stock,True,hold,hold,hold,hold,False,False,False,False,False,"confidence,risk",5,14,retained_v1_plus_zero_profile_confidence_and_declared_source_validation,"Primary moving-average structure remains bearish.,Relative Strength is lagging its relevant benchmarks.,Primary MACD structure still confirms downside momentum.,Trend is weak, but price has not entered a reduce zone or confirmed a breakdown.,10Y yield backdrop is restrictive for rate-sensitive risk.",hold,hold
2026-09-23,CRWV,long,stock,True,hold,hold,hold,hold,False,False,False,False,False,"confidence,risk",18,23,retained_v1_plus_zero_profile_confidence_and_declared_source_validation,"OBV or price-volume behavior indicates distribution.,Primary MACD structure still confirms downside momentum.,Current price is in the neutral space between actionable price zones.,10Y yield backdrop is restrictive for rate-sensitive risk.",hold,hold
2026-09-23,GEV,short,stock,True,hold,hold,hold,hold,False,False,True,False,False,"confidence,risk",0,12,fixed_stock_short_v2_rebuild,v2_trend_resistance,hold,hold
2026-09-23,GEV,mid,stock,True,hold,hold,hold,hold,False,False,False,False,False,"confidence,risk",2,10,retained_v1_plus_zero_profile_confidence_and_declared_source_validation,"Primary moving-average structure remains bearish.,Relative Strength is lagging its relevant benchmarks.,Current price is in the neutral space between actionable price zones.,10Y yield backdrop is restrictive for rate-sensitive risk.",hold,hold
2026-09-23,GEV,long,stock,True,accumulate,accumulate,accumulate,accumulate,False,False,False,False,False,"confidence,risk",18,23,retained_v1_plus_zero_profile_confidence_and_declared_source_validation,"OBV or price-volume behavior indicates distribution.,Primary MACD structure still confirms downside momentum.,10Y yield backdrop is restrictive for rate-sensitive risk.",accumulate,accumulate
2026-09-23,GOOGL,short,stock,True,hold,hold,hold,hold,False,False,True,False,False,"confidence,risk",8,20,fixed_stock_short_v2_rebuild,v2_location,hold,hold
2026-09-23,GOOGL,mid,stock,True,hold,hold,hold,hold,False,False,False,False,False,"confidence,risk",1,9,retained_v1_plus_zero_profile_confidence_and_declared_source_validation,"OBV or price-volume behavior indicates distribution.,Primary moving-average structure remains bearish.,Relative Strength is lagging its relevant benchmarks.,Current price is in the neutral space between actionable price zones.,10Y yield backdrop is restrictive for rate-sensitive risk.",hold,hold
2026-09-23,GOOGL,long,stock,True,accumulate,accumulate,accumulate,accumulate,False,False,False,False,False,"confidence,risk",9,14,retained_v1_plus_zero_profile_confidence_and_declared_source_validation,"OBV or price-volume behavior indicates distribution.,10Y yield backdrop is restrictive for rate-sensitive risk.",accumulate,accumulate
2026-09-23,GS,short,stock,True,hold,hold,hold,hold,False,False,True,False,False,"confidence,risk",5,19,fixed_stock_short_v2_rebuild,"v2_entry_unconfirmed,primary_moving_average_structure_remains_bearish,relative_strength_is_lagging_its_relevant_benchmarks",hold,hold
2026-09-23,GS,mid,stock,True,sell,sell,sell,sell,False,False,False,False,False,"confidence,risk",13,23,retained_v1_plus_zero_profile_confidence_and_declared_source_validation,"Primary MACD structure still confirms downside momentum.,Primary moving-average structure remains bearish.,OBV or price-volume behavior indicates distribution.,Relative Strength is lagging its relevant benchmarks.,A confirmed breakdown has invalidated the prior opportunity structure; exit is anchored near the current executable area.",sell,sell
2026-09-23,GS,long,stock,True,hold,hold,hold,hold,False,False,False,False,False,"confidence,risk",14,20,retained_v1_plus_zero_profile_confidence_and_declared_source_validation,"OBV or price-volume behavior indicates distribution.,Primary MACD structure still confirms downside momentum.,Relative Strength is lagging its relevant benchmarks.,Price is extended into layered resistance rather than support.,Upside is extended and marginal momentum/participation is weakening.",hold,hold
2026-09-23,HIMS,short,stock,True,hold,hold,hold,hold,False,False,True,False,False,"confidence,risk",2,14,fixed_stock_short_v2_rebuild,"v2_entry_unconfirmed,relative_strength_is_lagging_its_relevant_benchmarks",hold,hold
2026-09-23,HIMS,mid,stock,True,hold,hold,hold,hold,False,False,False,False,False,"confidence,risk",5,13,retained_v1_plus_zero_profile_confidence_and_declared_source_validation,"Relative Strength is lagging its relevant benchmarks.,OBV or price-volume behavior indicates distribution.,Primary moving-average structure remains bearish.,Price is extended into layered resistance rather than support.,Price is approaching the reduce range but has not entered the recommended reduce/exit zone.",hold,hold
2026-09-23,HIMS,long,stock,True,hold,hold,hold,hold,False,False,False,False,False,"confidence,risk",17,22,retained_v1_plus_zero_profile_confidence_and_declared_source_validation,"Primary MACD structure still confirms downside momentum.,OBV or price-volume behavior indicates distribution.,Upside is extended and marginal momentum/participation is weakening.,Current price is in the neutral space between actionable price zones.,10Y yield backdrop is restrictive for rate-sensitive risk.",hold,hold
2026-09-23,META,short,stock,True,hold,hold,hold,hold,False,False,True,False,False,"confidence,risk",16,28,fixed_stock_short_v2_rebuild,v2_location,hold,hold
2026-09-23,META,mid,stock,True,hold,hold,hold,hold,False,False,False,False,False,"confidence,risk",28,37,retained_v1_plus_zero_profile_confidence_and_declared_source_validation,10Y yield backdrop is restrictive for rate-sensitive risk.,hold,hold
2026-09-23,META,long,stock,True,hold,hold,hold,hold,False,False,False,False,False,"confidence,risk",9,14,retained_v1_plus_zero_profile_confidence_and_declared_source_validation,"Price is approaching the reduce range but has not entered the recommended reduce/exit zone.,10Y yield backdrop is restrictive for rate-sensitive risk.",hold,hold
2026-09-23,MPT,short,stock,True,hold,hold,hold,hold,False,False,False,False,False,"confidence,risk",9,23,fixed_stock_short_v2_rebuild,"v2_location,primary_moving_average_structure_remains_bearish,relative_strength_is_lagging_its_relevant_benchmarks",hold,hold
2026-09-23,MPT,mid,stock,True,sell,sell,sell,sell,False,False,False,False,False,"confidence,risk",20,30,retained_v1_plus_zero_profile_confidence_and_declared_source_validation,"Primary moving-average structure remains bearish.,Relative Strength is lagging its relevant benchmarks.,OBV or price-volume behavior indicates distribution.,Primary MACD structure still confirms downside momentum.,Price is extended into layered resistance rather than support.",sell,sell
2026-09-23,MPT,long,stock,True,sell,sell,sell,sell,False,False,False,False,False,"confidence,risk",26,32,retained_v1_plus_zero_profile_confidence_and_declared_source_validation,"Relative Strength is lagging its relevant benchmarks.,Primary MACD structure still confirms downside momentum.,Primary moving-average structure remains bearish.,OBV or price-volume behavior indicates distribution.,A confirmed breakdown has invalidated the prior opportunity structure; exit is anchored near the current executable area.",sell,sell
2026-09-23,MSFT,short,stock,True,hold,hold,accumulate,accumulate,False,False,True,False,False,"confidence,risk",0,12,fixed_stock_short_v2_rebuild,,hold,hold
2026-09-23,MSFT,mid,stock,True,hold,hold,hold,hold,False,False,False,False,False,"confidence,risk",5,13,retained_v1_plus_zero_profile_confidence_and_declared_source_validation,"Price is approaching the reduce range but has not entered the recommended reduce/exit zone.,10Y yield backdrop is restrictive for rate-sensitive risk.",hold,hold
2026-09-23,MSFT,long,stock,True,hold,hold,hold,hold,False,False,False,False,False,"confidence,risk",12,17,retained_v1_plus_zero_profile_confidence_and_declared_source_validation,10Y yield backdrop is restrictive for rate-sensitive risk.,hold,hold
2026-09-23,MU,short,stock,True,hold,hold,buy,buy,False,False,True,False,False,"confidence,risk",20,32,fixed_stock_short_v2_rebuild,,hold,buy
2026-09-23,MU,mid,stock,True,hold,hold,hold,hold,False,False,False,False,False,"confidence,risk",24,33,retained_v1_plus_zero_profile_confidence_and_declared_source_validation,"Relative Strength is lagging its relevant benchmarks.,10Y yield backdrop is restrictive for rate-sensitive risk.,Earnings proximity raises event uncertainty.",hold,hold
2026-09-23,MU,long,stock,True,hold,hold,hold,hold,False,False,False,False,False,"confidence,risk",30,35,retained_v1_plus_zero_profile_confidence_and_declared_source_validation,"OBV or price-volume behavior indicates distribution.,10Y yield backdrop is restrictive for rate-sensitive risk.,Earnings proximity raises event uncertainty.",hold,hold
2026-09-23,NFLX,short,stock,True,sell,sell,hold,hold,False,False,True,False,False,"confidence,risk",8,20,fixed_stock_short_v2_rebuild,"v2_entry_unconfirmed,primary_moving_average_structure_remains_bearish,relative_strength_is_lagging_its_relevant_benchmarks",sell,hold
2026-09-23,NFLX,mid,stock,True,sell,sell,sell,sell,False,False,False,False,False,"confidence,risk",7,15,retained_v1_plus_zero_profile_confidence_and_declared_source_validation,"Primary MACD structure still confirms downside momentum.,Primary moving-average structure remains bearish.,OBV or price-volume behavior indicates distribution.,A confirmed breakdown has invalidated the prior opportunity structure; exit is anchored near the current executable area.,10Y yield backdrop is restrictive for rate-sensitive risk.",sell,sell
2026-09-23,NFLX,long,stock,True,hold,hold,hold,hold,False,False,False,False,False,"confidence,risk",12,17,retained_v1_plus_zero_profile_confidence_and_declared_source_validation,"Relative Strength is lagging its relevant benchmarks.,Primary moving-average structure remains bearish.,Price is near the opportunity range but has not entered the recommended buy/add zone.,10Y yield backdrop is restrictive for rate-sensitive risk.",hold,hold
2026-09-23,NOK,short,stock,True,hold,hold,accumulate,accumulate,False,False,False,False,False,"confidence,risk",1,13,fixed_stock_short_v2_rebuild,,hold,accumulate
2026-09-23,NOK,mid,stock,True,hold,hold,hold,hold,False,False,False,False,False,"confidence,risk",3,11,retained_v1_plus_zero_profile_confidence_and_declared_source_validation,"Relative Strength is lagging its relevant benchmarks.,Primary moving-average structure remains bearish.,Current price is in the neutral space between actionable price zones.,10Y yield backdrop is restrictive for rate-sensitive risk.",hold,hold
2026-09-23,NOK,long,stock,True,hold,hold,hold,hold,False,False,False,False,False,"confidence,risk",24,29,retained_v1_plus_zero_profile_confidence_and_declared_source_validation,"OBV or price-volume behavior indicates distribution.,Price is near the opportunity range but has not entered the recommended buy/add zone.,10Y yield backdrop is restrictive for rate-sensitive risk.",hold,hold
2026-09-23,NOW,short,stock,True,accumulate,hold,hold,hold,False,False,True,False,True,"action,confidence,state,landscape,risk",1,14,fixed_stock_short_v2_rebuild,v2_trend_resistance,hold,hold
2026-09-23,NOW,mid,stock,True,hold,hold,hold,hold,False,False,False,False,False,"confidence,risk",5,14,retained_v1_plus_zero_profile_confidence_and_declared_source_validation,10Y yield backdrop is restrictive for rate-sensitive risk.,hold,hold
2026-09-23,NOW,long,stock,True,hold,hold,hold,hold,False,False,False,False,False,"confidence,risk",10,15,retained_v1_plus_zero_profile_confidence_and_declared_source_validation,10Y yield backdrop is restrictive for rate-sensitive risk.,hold,hold
2026-09-23,NVDA,short,stock,True,hold,hold,hold,hold,False,False,True,False,False,"confidence,risk",0,12,fixed_stock_short_v2_rebuild,v2_location,hold,hold
2026-09-23,NVDA,mid,stock,True,hold,hold,hold,hold,False,False,False,False,False,"confidence,risk",9,18,retained_v1_plus_zero_profile_confidence_and_declared_source_validation,10Y yield backdrop is restrictive for rate-sensitive risk.,hold,hold
2026-09-23,NVDA,long,stock,True,trim,trim,trim,trim,False,False,False,False,False,"confidence,risk",5,10,retained_v1_plus_zero_profile_confidence_and_declared_source_validation,"Current price has reached the reduce zone; reduce exposure rather than add.,10Y yield backdrop is restrictive for rate-sensitive risk.",trim,trim
2026-09-23,ORCL,short,stock,True,hold,hold,accumulate,accumulate,False,False,True,False,False,"confidence,risk",1,14,fixed_stock_short_v2_rebuild,primary_moving_average_structure_remains_bearish,hold,accumulate
2026-09-23,ORCL,mid,stock,True,hold,hold,hold,hold,False,False,False,False,False,"confidence,risk",2,11,retained_v1_plus_zero_profile_confidence_and_declared_source_validation,"Primary moving-average structure remains bearish.,OBV or price-volume behavior indicates distribution.,Price is near the opportunity range but has not entered the recommended buy/add zone.,10Y yield backdrop is restrictive for rate-sensitive risk.",hold,hold
2026-09-23,ORCL,long,stock,True,hold,hold,hold,hold,False,False,False,False,False,"confidence,risk",16,21,retained_v1_plus_zero_profile_confidence_and_declared_source_validation,"Relative Strength is lagging its relevant benchmarks.,OBV or price-volume behavior indicates distribution.,Primary moving-average structure remains bearish.,Price is approaching the reduce range but has not entered the recommended reduce/exit zone.,10Y yield backdrop is restrictive for rate-sensitive risk.",hold,hold
2026-09-23,PDD,short,stock,True,hold,hold,trim,trim,False,False,True,False,False,"confidence,risk",0,12,fixed_stock_short_v2_rebuild,"v2_weak_resistance,primary_moving_average_structure_remains_bearish,relative_strength_is_lagging_its_relevant_benchmarks",hold,trim
2026-09-23,PDD,mid,stock,True,hold,hold,hold,hold,False,False,False,False,False,"confidence,risk",2,10,retained_v1_plus_zero_profile_confidence_and_declared_source_validation,"Primary moving-average structure remains bearish.,OBV or price-volume behavior indicates distribution.,Trend is weak, but price has not entered a reduce zone or confirmed a breakdown.,10Y yield backdrop is restrictive for rate-sensitive risk.",hold,hold
2026-09-23,PDD,long,stock,True,hold,hold,hold,hold,False,False,False,False,False,"confidence,risk",7,12,retained_v1_plus_zero_profile_confidence_and_declared_source_validation,"Relative Strength is lagging its relevant benchmarks.,Primary moving-average structure remains bearish.,OBV or price-volume behavior indicates distribution.,Price is near the opportunity range but has not entered the recommended buy/add zone.,10Y yield backdrop is restrictive for rate-sensitive risk.",hold,hold
2026-09-23,PLTR,short,stock,True,hold,hold,hold,hold,False,False,True,False,False,"confidence,risk",22,35,fixed_stock_short_v2_rebuild,v2_location,hold,hold
2026-09-23,PLTR,mid,stock,True,hold,hold,hold,hold,False,False,False,False,False,"confidence,risk",27,36,retained_v1_plus_zero_profile_confidence_and_declared_source_validation,10Y yield backdrop is restrictive for rate-sensitive risk.,hold,hold
2026-09-23,PLTR,long,stock,True,hold,hold,hold,hold,False,False,False,False,False,"confidence,risk",12,17,retained_v1_plus_zero_profile_confidence_and_declared_source_validation,10Y yield backdrop is restrictive for rate-sensitive risk.,hold,hold
2026-09-23,QQQ,short,ETF,True,hold,hold,hold,hold,False,False,True,False,False,"confidence,risk",10,22,retained_v1_plus_zero_profile_confidence_and_declared_source_validation,10Y yield backdrop is restrictive for rate-sensitive risk.,hold,hold
2026-09-23,QQQ,mid,ETF,True,hold,hold,hold,hold,False,False,False,False,False,"confidence,risk",21,29,retained_v1_plus_zero_profile_confidence_and_declared_source_validation,"Price is approaching the reduce range but has not entered the recommended reduce/exit zone.,10Y yield backdrop is restrictive for rate-sensitive risk.",hold,hold
2026-09-23,QQQ,long,ETF,True,hold,hold,hold,hold,False,False,False,False,False,"confidence,risk",2,7,retained_v1_plus_zero_profile_confidence_and_declared_source_validation,"Primary MACD structure still confirms downside momentum.,Current price is in the neutral space between actionable price zones.,10Y yield backdrop is restrictive for rate-sensitive risk.",hold,hold
2026-09-23,SOFI,short,stock,True,accumulate,accumulate,sell,sell,False,False,False,False,False,"confidence,risk",1,14,fixed_stock_short_v2_rebuild,"v2_weak_resistance,primary_moving_average_structure_remains_bearish,relative_strength_is_lagging_its_relevant_benchmarks",accumulate,hold
2026-09-23,SOFI,mid,stock,True,accumulate,accumulate,accumulate,accumulate,False,False,False,False,False,"confidence,risk",3,12,retained_v1_plus_zero_profile_confidence_and_declared_source_validation,"Primary MACD structure still confirms downside momentum.,OBV or price-volume behavior indicates distribution.,Relative Strength is lagging its relevant benchmarks.,Primary moving-average structure remains bearish.,10Y yield backdrop is restrictive for rate-sensitive risk.",accumulate,accumulate
2026-09-23,SOFI,long,stock,True,hold,hold,hold,hold,False,False,False,False,False,"confidence,risk",18,23,retained_v1_plus_zero_profile_confidence_and_declared_source_validation,"OBV or price-volume behavior indicates distribution.,Relative Strength is lagging its relevant benchmarks.,Primary moving-average structure remains bearish.,Price is near the opportunity range but has not entered the recommended buy/add zone.,10Y yield backdrop is restrictive for rate-sensitive risk.",hold,hold
2026-09-23,SOXL,short,ETF,True,hold,hold,hold,hold,False,False,True,False,False,"confidence,risk",12,24,retained_v1_plus_zero_profile_confidence_and_declared_source_validation,10Y yield backdrop is restrictive for rate-sensitive risk.,hold,hold
2026-09-23,SOXL,mid,ETF,True,hold,hold,hold,hold,False,False,False,False,False,"confidence,risk",28,36,retained_v1_plus_zero_profile_confidence_and_declared_source_validation,"Relative Strength is lagging its relevant benchmarks.,Primary moving-average structure remains bearish.,Current price is in the neutral space between actionable price zones.,10Y yield backdrop is restrictive for rate-sensitive risk.",hold,hold
2026-09-23,SOXL,long,ETF,True,hold,hold,hold,hold,False,False,False,False,False,"confidence,risk",22,27,retained_v1_plus_zero_profile_confidence_and_declared_source_validation,"Current price is in the neutral space between actionable price zones.,10Y yield backdrop is restrictive for rate-sensitive risk.",hold,hold
2026-09-23,SOXS,short,ETF,True,hold,hold,hold,hold,False,False,True,False,False,"confidence,risk",19,31,retained_v1_plus_zero_profile_confidence_and_declared_source_validation,"Relative Strength is lagging its relevant benchmarks.,Primary moving-average structure remains bearish.,Primary MACD structure still confirms downside momentum.,OBV or price-volume behavior indicates distribution.,Trend is weak, but price has not entered a reduce zone or confirmed a breakdown.",hold,hold
2026-09-23,SOXS,mid,ETF,True,avoid,avoid,avoid,avoid,False,False,False,False,False,"confidence,risk",36,44,retained_v1_plus_zero_profile_confidence_and_declared_source_validation,"Primary moving-average structure remains bearish.,Primary MACD structure still confirms downside momentum.,OBV or price-volume behavior indicates distribution.,Relative Strength is lagging its relevant benchmarks.,Price landscape quality is insufficient for an actionable recommendation.",avoid,avoid
2026-09-23,SOXS,long,ETF,True,accumulate,accumulate,accumulate,accumulate,False,False,False,False,False,"confidence,risk",26,31,retained_v1_plus_zero_profile_confidence_and_declared_source_validation,"Relative Strength is lagging its relevant benchmarks.,Primary moving-average structure remains bearish.,OBV or price-volume behavior indicates distribution.,10Y yield backdrop is restrictive for rate-sensitive risk.",accumulate,accumulate
2026-09-23,SPCX,short,stock,True,hold,hold,hold,hold,False,False,True,False,False,"confidence,risk",1,13,fixed_stock_short_v2_rebuild,v2_location,hold,accumulate
2026-09-23,SPCX,mid,stock,True,accumulate,accumulate,accumulate,accumulate,False,False,False,False,False,"confidence,risk",3,12,retained_v1_plus_zero_profile_confidence_and_declared_source_validation,"Relative Strength is lagging its relevant benchmarks.,10Y yield backdrop is restrictive for rate-sensitive risk.",accumulate,accumulate
2026-09-23,SPCX,long,stock,True,hold,hold,hold,hold,False,False,False,False,False,"confidence,risk",19,24,retained_v1_plus_zero_profile_confidence_and_declared_source_validation,"Current price is in the neutral space between actionable price zones.,10Y yield backdrop is restrictive for rate-sensitive risk.",hold,hold
2026-09-23,SPMO,short,ETF,True,hold,hold,hold,hold,False,False,False,False,False,"confidence,risk",8,20,retained_v1_plus_zero_profile_confidence_and_declared_source_validation,10Y yield backdrop is restrictive for rate-sensitive risk.,hold,hold
2026-09-23,SPMO,mid,ETF,True,hold,hold,hold,hold,False,False,False,False,False,"confidence,risk",9,17,retained_v1_plus_zero_profile_confidence_and_declared_source_validation,"Relative Strength is lagging its relevant benchmarks.,10Y yield backdrop is restrictive for rate-sensitive risk.",hold,hold
2026-09-23,SPMO,long,ETF,True,hold,hold,hold,hold,False,False,False,False,False,"confidence,risk",8,13,retained_v1_plus_zero_profile_confidence_and_declared_source_validation,"OBV or price-volume behavior indicates distribution.,Primary MACD structure still confirms downside momentum.,Upside is extended and marginal momentum/participation is weakening.,Price is approaching the reduce range but has not entered the recommended reduce/exit zone.,10Y yield backdrop is restrictive for rate-sensitive risk.",hold,hold
2026-09-23,SQQQ,short,ETF,True,hold,hold,hold,hold,False,False,False,False,False,"confidence,risk",14,26,retained_v1_plus_zero_profile_confidence_and_declared_source_validation,"Primary moving-average structure remains bearish.,Primary MACD structure still confirms downside momentum.,OBV or price-volume behavior indicates distribution.,Relative Strength is lagging its relevant benchmarks.,Trend is weak, but price has not entered a reduce zone or confirmed a breakdown.",hold,hold
2026-09-23,SQQQ,mid,ETF,True,avoid,avoid,avoid,avoid,False,False,False,False,False,"confidence,risk",12,20,retained_v1_plus_zero_profile_confidence_and_declared_source_validation,"Primary MACD structure still confirms downside momentum.,Primary moving-average structure remains bearish.,OBV or price-volume behavior indicates distribution.,Relative Strength is lagging its relevant benchmarks.,Price is extended into layered resistance rather than support.",avoid,avoid
2026-09-23,SQQQ,long,ETF,True,accumulate,accumulate,accumulate,accumulate,False,False,False,False,False,"confidence,risk",18,23,retained_v1_plus_zero_profile_confidence_and_declared_source_validation,"Relative Strength is lagging its relevant benchmarks.,Primary moving-average structure remains bearish.,OBV or price-volume behavior indicates distribution.,Price is extended into layered resistance rather than support.,10Y yield backdrop is restrictive for rate-sensitive risk.",accumulate,accumulate
2026-09-23,TEM,short,stock,True,hold,hold,hold,hold,False,False,True,False,False,"confidence,risk",2,14,fixed_stock_short_v2_rebuild,v2_location,hold,hold
2026-09-23,TEM,mid,stock,True,hold,hold,hold,hold,False,False,False,False,False,"confidence,risk",11,20,retained_v1_plus_zero_profile_confidence_and_declared_source_validation,"OBV or price-volume behavior indicates distribution.,Upside is extended and marginal momentum/participation is weakening.,10Y yield backdrop is restrictive for rate-sensitive risk.",hold,hold
2026-09-23,TEM,long,stock,True,hold,hold,hold,hold,False,False,False,False,False,"confidence,risk",32,37,retained_v1_plus_zero_profile_confidence_and_declared_source_validation,10Y yield backdrop is restrictive for rate-sensitive risk.,hold,hold
2026-09-23,TQQQ,short,ETF,True,accumulate,accumulate,accumulate,accumulate,False,False,False,False,False,"confidence,risk",8,20,retained_v1_plus_zero_profile_confidence_and_declared_source_validation,10Y yield backdrop is restrictive for rate-sensitive risk.,accumulate,accumulate
2026-09-23,TQQQ,mid,ETF,True,hold,hold,hold,hold,False,False,False,False,False,"confidence,risk",23,31,retained_v1_plus_zero_profile_confidence_and_declared_source_validation,10Y yield backdrop is restrictive for rate-sensitive risk.,hold,hold
2026-09-23,TQQQ,long,ETF,True,hold,hold,hold,hold,False,False,False,False,False,"confidence,risk",14,19,retained_v1_plus_zero_profile_confidence_and_declared_source_validation,"Primary MACD structure still confirms downside momentum.,Current price is in the neutral space between actionable price zones.,10Y yield backdrop is restrictive for rate-sensitive risk.",hold,hold
2026-09-23,TSLA,short,stock,True,hold,hold,accumulate,accumulate,False,False,True,False,False,"confidence,risk",5,17,fixed_stock_short_v2_rebuild,,hold,hold
2026-09-23,TSLA,mid,stock,True,hold,hold,hold,hold,False,False,False,False,False,"confidence,risk",7,16,retained_v1_plus_zero_profile_confidence_and_declared_source_validation,"Relative Strength is lagging its relevant benchmarks.,10Y yield backdrop is restrictive for rate-sensitive risk.",hold,hold
2026-09-23,TSLA,long,stock,True,hold,hold,hold,hold,False,False,False,False,False,"confidence,risk",7,12,retained_v1_plus_zero_profile_confidence_and_declared_source_validation,"Relative Strength is lagging its relevant benchmarks.,Primary moving-average structure remains bearish.,Current price is in the neutral space between actionable price zones.,10Y yield backdrop is restrictive for rate-sensitive risk.",hold,hold
2026-09-23,TSM,short,stock,True,accumulate,accumulate,accumulate,accumulate,False,False,True,False,False,"confidence,risk",8,20,fixed_stock_short_v2_rebuild,,accumulate,accumulate
2026-09-23,TSM,mid,stock,True,hold,hold,hold,hold,False,False,False,False,False,"confidence,risk",10,19,retained_v1_plus_zero_profile_confidence_and_declared_source_validation,"Relative Strength is lagging its relevant benchmarks.,10Y yield backdrop is restrictive for rate-sensitive risk.",hold,hold
2026-09-23,TSM,long,stock,True,hold,hold,hold,hold,False,False,False,False,False,"confidence,risk",6,11,retained_v1_plus_zero_profile_confidence_and_declared_source_validation,"Price is approaching the reduce range but has not entered the recommended reduce/exit zone.,10Y yield backdrop is restrictive for rate-sensitive risk.",hold,hold
2026-09-23,UNH,short,stock,True,accumulate,accumulate,hold,hold,False,False,True,False,False,"confidence,risk",0,12,fixed_stock_short_v2_rebuild,"v2_entry_unconfirmed,primary_moving_average_structure_remains_bearish,relative_strength_is_lagging_its_relevant_benchmarks",accumulate,hold
2026-09-23,UNH,mid,stock,True,sell,sell,sell,sell,False,False,False,False,False,"confidence,risk",5,13,retained_v1_plus_zero_profile_confidence_and_declared_source_validation,"Primary moving-average structure remains bearish.,Relative Strength is lagging its relevant benchmarks.,Primary MACD structure still confirms downside momentum.,OBV or price-volume behavior indicates distribution.,Price is extended into layered resistance rather than support.",sell,sell
2026-09-23,UNH,long,stock,True,accumulate,accumulate,accumulate,accumulate,False,False,False,False,False,"confidence,risk",4,9,retained_v1_plus_zero_profile_confidence_and_declared_source_validation,"OBV or price-volume behavior indicates distribution.,Primary MACD structure still confirms downside momentum.,Price is extended into layered resistance rather than support.,Upside is extended and marginal momentum/participation is weakening.,10Y yield backdrop is restrictive for rate-sensitive risk.",accumulate,accumulate
2026-09-23,XE,short,stock,True,accumulate,accumulate,hold,hold,False,False,True,False,False,"confidence,risk",3,15,fixed_stock_short_v2_rebuild,"v2_entry_unconfirmed,primary_moving_average_structure_remains_bearish,relative_strength_is_lagging_its_relevant_benchmarks",accumulate,hold
2026-09-23,XE,mid,stock,True,hold,hold,hold,hold,False,False,False,False,False,"confidence,risk",9,17,retained_v1_plus_zero_profile_confidence_and_declared_source_validation,"Primary moving-average structure remains bearish.,Relative Strength is lagging its relevant benchmarks.,OBV or price-volume behavior indicates distribution.,Trend is weak, but price has not entered a reduce zone or confirmed a breakdown.,10Y yield backdrop is restrictive for rate-sensitive risk.",hold,hold
2026-09-23,XE,long,stock,True,hold,hold,hold,hold,False,False,False,False,False,"confidence,risk",20,25,retained_v1_plus_zero_profile_confidence_and_declared_source_validation,"OBV or price-volume behavior indicates distribution.,Primary moving-average structure remains bearish.,Trend is weak, but price has not entered a reduce zone or confirmed a breakdown.,10Y yield backdrop is restrictive for rate-sensitive risk.",hold,hold
2026-09-23,ZETA,short,stock,True,accumulate,accumulate,hold,hold,False,False,True,False,False,"confidence,risk",1,13,fixed_stock_short_v2_rebuild,v2_entry_unconfirmed,accumulate,hold
2026-09-23,ZETA,mid,stock,True,accumulate,accumulate,accumulate,accumulate,False,False,False,False,False,"confidence,risk",3,12,retained_v1_plus_zero_profile_confidence_and_declared_source_validation,"Primary MACD structure still confirms downside momentum.,10Y yield backdrop is restrictive for rate-sensitive risk.",accumulate,accumulate
2026-09-23,ZETA,long,stock,True,hold,hold,hold,hold,False,False,False,False,False,"confidence,risk",19,24,retained_v1_plus_zero_profile_confidence_and_declared_source_validation,10Y yield backdrop is restrictive for rate-sensitive risk.,hold,hold
2026-09-24,AAPL,short,stock,True,accumulate,accumulate,avoid,avoid,False,False,False,False,False,"confidence,risk",0,12,fixed_stock_short_v2_rebuild,v2_structure_missing,accumulate,accumulate
2026-09-24,AAPL,mid,stock,True,hold,hold,hold,hold,False,False,False,False,False,"confidence,risk",2,10,retained_v1_plus_zero_profile_confidence_and_declared_source_validation,10Y yield backdrop is restrictive for rate-sensitive risk.,hold,hold
2026-09-24,AAPL,long,stock,True,trim,trim,trim,trim,False,False,False,False,False,"confidence,risk",8,13,retained_v1_plus_zero_profile_confidence_and_declared_source_validation,"Current price has reached the reduce zone; reduce exposure rather than add.,10Y yield backdrop is restrictive for rate-sensitive risk.",trim,trim
2026-09-24,AMD,short,stock,True,hold,hold,hold,hold,False,False,True,False,False,"confidence,risk",19,31,fixed_stock_short_v2_rebuild,v2_location,hold,hold
2026-09-24,AMD,mid,stock,True,avoid,avoid,avoid,avoid,False,False,False,False,False,"confidence,risk",29,38,retained_v1_plus_zero_profile_confidence_and_declared_source_validation,"Price landscape quality is insufficient for an actionable recommendation.,10Y yield backdrop is restrictive for rate-sensitive risk.",avoid,avoid
2026-09-24,AMD,long,stock,True,avoid,avoid,avoid,avoid,False,False,False,False,False,"confidence,risk",13,18,retained_v1_plus_zero_profile_confidence_and_declared_source_validation,"Price landscape quality is insufficient for an actionable recommendation.,10Y yield backdrop is restrictive for rate-sensitive risk.",avoid,avoid
2026-09-24,AMZN,short,stock,True,hold,hold,hold,hold,False,False,True,False,False,"confidence,risk",0,12,fixed_stock_short_v2_rebuild,"v2_location,primary_moving_average_structure_remains_bearish,relative_strength_is_lagging_its_relevant_benchmarks",hold,hold
2026-09-24,AMZN,mid,stock,True,hold,hold,hold,hold,False,False,False,False,False,"confidence,risk",0,8,retained_v1_plus_zero_profile_confidence_and_declared_source_validation,"Primary MACD structure still confirms downside momentum.,OBV or price-volume behavior indicates distribution.,Primary moving-average structure remains bearish.,Price is near the opportunity range but has not entered the recommended buy/add zone.,10Y yield backdrop is restrictive for rate-sensitive risk.",hold,hold
2026-09-24,AMZN,long,stock,True,hold,hold,hold,hold,False,False,False,False,False,"confidence,risk",5,10,retained_v1_plus_zero_profile_confidence_and_declared_source_validation,"Price is near the opportunity range but has not entered the recommended buy/add zone.,10Y yield backdrop is restrictive for rate-sensitive risk.",hold,hold
2026-09-24,BABA,short,stock,True,trim,trim,hold,hold,False,False,True,False,False,"confidence,risk",0,12,fixed_stock_short_v2_rebuild,"v2_location,primary_moving_average_structure_remains_bearish,relative_strength_is_lagging_its_relevant_benchmarks",trim,hold
2026-09-24,BABA,mid,stock,True,hold,hold,hold,hold,False,False,False,False,False,"confidence,risk",1,9,retained_v1_plus_zero_profile_confidence_and_declared_source_validation,"Primary moving-average structure remains bearish.,OBV or price-volume behavior indicates distribution.,Price is approaching the reduce range but has not entered the recommended reduce/exit zone.,10Y yield backdrop is restrictive for rate-sensitive risk.",hold,hold
2026-09-24,BABA,long,stock,True,hold,hold,hold,hold,False,False,False,False,False,"confidence,risk",8,13,retained_v1_plus_zero_profile_confidence_and_declared_source_validation,"Relative Strength is lagging its relevant benchmarks.,Primary moving-average structure remains bearish.,Trend is weak, but price has not entered a reduce zone or confirmed a breakdown.,10Y yield backdrop is restrictive for rate-sensitive risk.",hold,hold
2026-09-24,CRCL,short,stock,True,accumulate,accumulate,hold,hold,False,False,True,False,False,"confidence,risk",3,17,fixed_stock_short_v2_rebuild,v2_location,accumulate,accumulate
2026-09-24,CRCL,mid,stock,True,hold,hold,hold,hold,False,False,False,False,False,"confidence,risk",6,16,retained_v1_plus_zero_profile_confidence_and_declared_source_validation,"Current price is in the neutral space between actionable price zones.,10Y yield backdrop is restrictive for rate-sensitive risk.",hold,hold
2026-09-24,CRCL,long,stock,True,hold,hold,hold,hold,False,False,False,False,False,"confidence,risk",19,25,retained_v1_plus_zero_profile_confidence_and_declared_source_validation,"Relative Strength is lagging its relevant benchmarks.,Current price is in the neutral space between actionable price zones.,10Y yield backdrop is restrictive for rate-sensitive risk.",hold,hold
2026-09-24,CRWV,short,stock,True,hold,hold,buy,buy,False,False,True,False,False,"confidence,risk",11,24,fixed_stock_short_v2_rebuild,,hold,buy
2026-09-24,CRWV,mid,stock,True,hold,hold,hold,hold,False,False,False,False,False,"confidence,risk",9,18,retained_v1_plus_zero_profile_confidence_and_declared_source_validation,"Primary moving-average structure remains bearish.,Relative Strength is lagging its relevant benchmarks.,Current price is in the neutral space between actionable price zones.,10Y yield backdrop is restrictive for rate-sensitive risk.",hold,hold
2026-09-24,CRWV,long,stock,True,hold,hold,hold,hold,False,False,False,False,False,"confidence,risk",18,23,retained_v1_plus_zero_profile_confidence_and_declared_source_validation,"OBV or price-volume behavior indicates distribution.,Primary MACD structure still confirms downside momentum.,Current price is in the neutral space between actionable price zones.,10Y yield backdrop is restrictive for rate-sensitive risk.",hold,hold
2026-09-24,GEV,short,stock,True,hold,hold,hold,hold,False,False,True,False,False,"confidence,risk",0,12,fixed_stock_short_v2_rebuild,v2_location,hold,hold
2026-09-24,GEV,mid,stock,True,trim,trim,trim,trim,False,False,False,False,False,"confidence,risk",5,13,retained_v1_plus_zero_profile_confidence_and_declared_source_validation,"Primary moving-average structure remains bearish.,Relative Strength is lagging its relevant benchmarks.,Current price has reached the reduce zone; reduce exposure rather than add.,10Y yield backdrop is restrictive for rate-sensitive risk.",trim,trim
2026-09-24,GEV,long,stock,True,accumulate,accumulate,accumulate,accumulate,False,False,False,False,False,"confidence,risk",18,23,retained_v1_plus_zero_profile_confidence_and_declared_source_validation,"OBV or price-volume behavior indicates distribution.,Primary MACD structure still confirms downside momentum.,Relative Strength is lagging its relevant benchmarks.,10Y yield backdrop is restrictive for rate-sensitive risk.",accumulate,accumulate
2026-09-24,GOOGL,short,stock,True,hold,trim,accumulate,accumulate,False,False,True,False,True,"action,confidence,state,landscape,risk",5,17,fixed_stock_short_v2_rebuild,,trim,accumulate
2026-09-24,GOOGL,mid,stock,True,hold,hold,hold,hold,False,False,False,False,False,"confidence,risk",1,9,retained_v1_plus_zero_profile_confidence_and_declared_source_validation,"Primary moving-average structure remains bearish.,Current price is in the neutral space between actionable price zones.,10Y yield backdrop is restrictive for rate-sensitive risk.",hold,hold
2026-09-24,GOOGL,long,stock,True,accumulate,accumulate,accumulate,accumulate,False,False,False,False,False,"confidence,risk",9,14,retained_v1_plus_zero_profile_confidence_and_declared_source_validation,"OBV or price-volume behavior indicates distribution.,10Y yield backdrop is restrictive for rate-sensitive risk.",accumulate,accumulate
2026-09-24,GS,short,stock,True,sell,sell,hold,hold,False,False,True,False,False,"confidence,risk",7,21,fixed_stock_short_v2_rebuild,"v2_entry_unconfirmed,primary_moving_average_structure_remains_bearish,relative_strength_is_lagging_its_relevant_benchmarks",sell,hold
2026-09-24,GS,mid,stock,True,sell,sell,sell,sell,False,False,False,False,False,"confidence,risk",15,25,retained_v1_plus_zero_profile_confidence_and_declared_source_validation,"Primary MACD structure still confirms downside momentum.,Primary moving-average structure remains bearish.,OBV or price-volume behavior indicates distribution.,Relative Strength is lagging its relevant benchmarks.,A confirmed breakdown has invalidated the prior opportunity structure; exit is anchored near the current executable area.",sell,sell
2026-09-24,GS,long,stock,True,hold,hold,hold,hold,False,False,False,False,False,"confidence,risk",14,20,retained_v1_plus_zero_profile_confidence_and_declared_source_validation,"OBV or price-volume behavior indicates distribution.,Primary MACD structure still confirms downside momentum.,Relative Strength is lagging its relevant benchmarks.,Price is extended into layered resistance rather than support.,Upside is extended and marginal momentum/participation is weakening.",hold,hold
2026-09-24,HIMS,short,stock,True,hold,hold,hold,hold,False,False,True,False,False,"confidence,risk",2,14,fixed_stock_short_v2_rebuild,"v2_location,relative_strength_is_lagging_its_relevant_benchmarks",hold,hold
2026-09-24,HIMS,mid,stock,True,accumulate,accumulate,accumulate,accumulate,False,False,False,False,False,"confidence,risk",5,13,retained_v1_plus_zero_profile_confidence_and_declared_source_validation,"Relative Strength is lagging its relevant benchmarks.,10Y yield backdrop is restrictive for rate-sensitive risk.",accumulate,accumulate
2026-09-24,HIMS,long,stock,True,hold,hold,hold,hold,False,False,False,False,False,"confidence,risk",17,22,retained_v1_plus_zero_profile_confidence_and_declared_source_validation,"Primary MACD structure still confirms downside momentum.,OBV or price-volume behavior indicates distribution.,Upside is extended and marginal momentum/participation is weakening.,Current price is in the neutral space between actionable price zones.,10Y yield backdrop is restrictive for rate-sensitive risk.",hold,hold
2026-09-24,META,short,stock,True,hold,hold,hold,hold,False,False,True,False,False,"confidence,risk",32,44,fixed_stock_short_v2_rebuild,v2_trend_resistance,hold,hold
2026-09-24,META,mid,stock,True,hold,hold,hold,hold,False,False,False,False,False,"confidence,risk",29,38,retained_v1_plus_zero_profile_confidence_and_declared_source_validation,"Price is approaching the reduce range but has not entered the recommended reduce/exit zone.,10Y yield backdrop is restrictive for rate-sensitive risk.",hold,hold
2026-09-24,META,long,stock,True,trim,trim,trim,trim,False,False,False,False,False,"confidence,risk",13,18,retained_v1_plus_zero_profile_confidence_and_declared_source_validation,"Current price has reached the reduce zone; reduce exposure rather than add.,10Y yield backdrop is restrictive for rate-sensitive risk.",trim,trim
2026-09-24,MPT,short,stock,True,accumulate,accumulate,accumulate,accumulate,False,False,False,False,False,"confidence,risk",6,20,fixed_stock_short_v2_rebuild,"primary_moving_average_structure_remains_bearish,relative_strength_is_lagging_its_relevant_benchmarks",accumulate,accumulate
2026-09-24,MPT,mid,stock,True,hold,hold,hold,hold,False,False,False,False,False,"confidence,risk",20,30,retained_v1_plus_zero_profile_confidence_and_declared_source_validation,"Primary moving-average structure remains bearish.,Relative Strength is lagging its relevant benchmarks.,OBV or price-volume behavior indicates distribution.,Price is extended into layered resistance rather than support.,Trend is weak, but price has not entered a reduce zone or confirmed a breakdown.",hold,hold
2026-09-24,MPT,long,stock,True,sell,sell,sell,sell,False,False,False,False,False,"confidence,risk",26,32,retained_v1_plus_zero_profile_confidence_and_declared_source_validation,"Relative Strength is lagging its relevant benchmarks.,Primary MACD structure still confirms downside momentum.,Primary moving-average structure remains bearish.,OBV or price-volume behavior indicates distribution.,A confirmed breakdown has invalidated the prior opportunity structure; exit is anchored near the current executable area.",sell,sell
2026-09-24,MSFT,short,stock,True,hold,hold,hold,hold,False,False,True,False,False,"confidence,risk",0,12,fixed_stock_short_v2_rebuild,v2_location,hold,accumulate
2026-09-24,MSFT,mid,stock,True,hold,hold,hold,hold,False,False,False,False,False,"confidence,risk",4,12,retained_v1_plus_zero_profile_confidence_and_declared_source_validation,"OBV or price-volume behavior indicates distribution.,Upside is extended and marginal momentum/participation is weakening.,10Y yield backdrop is restrictive for rate-sensitive risk.",hold,hold
2026-09-24,MSFT,long,stock,True,hold,hold,hold,hold,False,False,False,False,False,"confidence,risk",12,17,retained_v1_plus_zero_profile_confidence_and_declared_source_validation,10Y yield backdrop is restrictive for rate-sensitive risk.,hold,hold
2026-09-24,MU,short,stock,True,hold,hold,hold,hold,False,False,True,False,False,"confidence,risk",20,32,fixed_stock_short_v2_rebuild,v2_trend_resistance,hold,hold
2026-09-24,MU,mid,stock,True,hold,hold,hold,hold,False,False,False,False,False,"confidence,risk",23,32,retained_v1_plus_zero_profile_confidence_and_declared_source_validation,"Relative Strength is lagging its relevant benchmarks.,10Y yield backdrop is restrictive for rate-sensitive risk.,Earnings proximity raises event uncertainty.",hold,hold
2026-09-24,MU,long,stock,True,hold,hold,hold,hold,False,False,False,False,False,"confidence,risk",30,35,retained_v1_plus_zero_profile_confidence_and_declared_source_validation,"OBV or price-volume behavior indicates distribution.,10Y yield backdrop is restrictive for rate-sensitive risk.,Earnings proximity raises event uncertainty.",hold,hold
2026-09-24,NFLX,short,stock,True,accumulate,accumulate,hold,hold,False,False,True,False,False,"confidence,risk",6,18,fixed_stock_short_v2_rebuild,"v2_entry_unconfirmed,primary_moving_average_structure_remains_bearish,relative_strength_is_lagging_its_relevant_benchmarks",accumulate,hold
2026-09-24,NFLX,mid,stock,True,sell,sell,sell,sell,False,False,False,False,False,"confidence,risk",7,15,retained_v1_plus_zero_profile_confidence_and_declared_source_validation,"Primary MACD structure still confirms downside momentum.,Primary moving-average structure remains bearish.,OBV or price-volume behavior indicates distribution.,A confirmed breakdown has invalidated the prior opportunity structure; exit is anchored near the current executable area.,10Y yield backdrop is restrictive for rate-sensitive risk.",sell,sell
2026-09-24,NFLX,long,stock,True,hold,hold,hold,hold,False,False,False,False,False,"confidence,risk",12,17,retained_v1_plus_zero_profile_confidence_and_declared_source_validation,"Relative Strength is lagging its relevant benchmarks.,Primary moving-average structure remains bearish.,Price is near the opportunity range but has not entered the recommended buy/add zone.,10Y yield backdrop is restrictive for rate-sensitive risk.",hold,hold
2026-09-24,NOK,short,stock,True,accumulate,accumulate,hold,hold,False,False,False,False,False,"confidence,risk",1,13,fixed_stock_short_v2_rebuild,v2_location,accumulate,accumulate
2026-09-24,NOK,mid,stock,True,hold,hold,hold,hold,False,False,False,False,False,"confidence,risk",3,11,retained_v1_plus_zero_profile_confidence_and_declared_source_validation,"Relative Strength is lagging its relevant benchmarks.,Primary moving-average structure remains bearish.,Current price is in the neutral space between actionable price zones.,10Y yield backdrop is restrictive for rate-sensitive risk.",hold,hold
2026-09-24,NOK,long,stock,True,hold,hold,hold,hold,False,False,False,False,False,"confidence,risk",24,29,retained_v1_plus_zero_profile_confidence_and_declared_source_validation,"OBV or price-volume behavior indicates distribution.,Price is near the opportunity range but has not entered the recommended buy/add zone.,10Y yield backdrop is restrictive for rate-sensitive risk.",hold,hold
2026-09-24,NOW,short,stock,True,hold,hold,hold,hold,False,False,True,False,False,"confidence,risk",1,14,fixed_stock_short_v2_rebuild,v2_entry_unconfirmed,hold,hold
2026-09-24,NOW,mid,stock,True,hold,hold,hold,hold,False,False,False,False,False,"confidence,risk",3,12,retained_v1_plus_zero_profile_confidence_and_declared_source_validation,"Primary MACD structure still confirms downside momentum.,10Y yield backdrop is restrictive for rate-sensitive risk.",hold,hold
2026-09-24,NOW,long,stock,True,hold,hold,hold,hold,False,False,False,False,False,"confidence,risk",10,15,retained_v1_plus_zero_profile_confidence_and_declared_source_validation,10Y yield backdrop is restrictive for rate-sensitive risk.,hold,hold
2026-09-24,NVDA,short,stock,True,hold,hold,accumulate,accumulate,False,False,True,False,False,"confidence,risk",0,12,fixed_stock_short_v2_rebuild,,hold,accumulate
2026-09-24,NVDA,mid,stock,True,hold,hold,hold,hold,False,False,False,False,False,"confidence,risk",4,13,retained_v1_plus_zero_profile_confidence_and_declared_source_validation,10Y yield backdrop is restrictive for rate-sensitive risk.,hold,hold
2026-09-24,NVDA,long,stock,True,trim,trim,trim,trim,False,False,False,False,False,"confidence,risk",5,10,retained_v1_plus_zero_profile_confidence_and_declared_source_validation,"Current price has reached the reduce zone; reduce exposure rather than add.,10Y yield backdrop is restrictive for rate-sensitive risk.",trim,trim
2026-09-24,ORCL,short,stock,True,accumulate,accumulate,hold,hold,False,False,True,False,False,"confidence,risk",6,19,fixed_stock_short_v2_rebuild,"v2_entry_unconfirmed,primary_moving_average_structure_remains_bearish,relative_strength_is_lagging_its_relevant_benchmarks",accumulate,hold
2026-09-24,ORCL,mid,stock,True,accumulate,accumulate,accumulate,accumulate,False,False,False,False,False,"confidence,risk",3,12,retained_v1_plus_zero_profile_confidence_and_declared_source_validation,"Primary MACD structure still confirms downside momentum.,Primary moving-average structure remains bearish.,OBV or price-volume behavior indicates distribution.,10Y yield backdrop is restrictive for rate-sensitive risk.",accumulate,accumulate
2026-09-24,ORCL,long,stock,True,hold,hold,hold,hold,False,False,False,False,False,"confidence,risk",16,21,retained_v1_plus_zero_profile_confidence_and_declared_source_validation,"Relative Strength is lagging its relevant benchmarks.,OBV or price-volume behavior indicates distribution.,Primary moving-average structure remains bearish.,Current price is in the neutral space between actionable price zones.,10Y yield backdrop is restrictive for rate-sensitive risk.",hold,hold
2026-09-24,PDD,short,stock,True,hold,hold,hold,hold,False,False,True,False,False,"confidence,risk",0,12,fixed_stock_short_v2_rebuild,"v2_entry_unconfirmed,primary_moving_average_structure_remains_bearish,relative_strength_is_lagging_its_relevant_benchmarks",hold,hold
2026-09-24,PDD,mid,stock,True,hold,hold,hold,hold,False,False,False,False,False,"confidence,risk",5,13,retained_v1_plus_zero_profile_confidence_and_declared_source_validation,"Primary moving-average structure remains bearish.,OBV or price-volume behavior indicates distribution.,Trend is weak, but price has not entered a reduce zone or confirmed a breakdown.,10Y yield backdrop is restrictive for rate-sensitive risk.",hold,hold
2026-09-24,PDD,long,stock,True,hold,hold,hold,hold,False,False,False,False,False,"confidence,risk",7,12,retained_v1_plus_zero_profile_confidence_and_declared_source_validation,"Relative Strength is lagging its relevant benchmarks.,Primary moving-average structure remains bearish.,OBV or price-volume behavior indicates distribution.,Price is near the opportunity range but has not entered the recommended buy/add zone.,10Y yield backdrop is restrictive for rate-sensitive risk.",hold,hold
2026-09-24,PLTR,short,stock,True,hold,hold,hold,hold,False,False,True,False,False,"confidence,risk",23,36,fixed_stock_short_v2_rebuild,v2_location,hold,hold
2026-09-24,PLTR,mid,stock,True,hold,hold,hold,hold,False,False,False,False,False,"confidence,risk",27,36,retained_v1_plus_zero_profile_confidence_and_declared_source_validation,10Y yield backdrop is restrictive for rate-sensitive risk.,hold,hold
2026-09-24,PLTR,long,stock,True,hold,hold,hold,hold,False,False,False,False,False,"confidence,risk",12,17,retained_v1_plus_zero_profile_confidence_and_declared_source_validation,10Y yield backdrop is restrictive for rate-sensitive risk.,hold,hold
2026-09-24,QQQ,short,ETF,True,hold,hold,hold,hold,False,False,True,False,False,"confidence,risk",8,20,retained_v1_plus_zero_profile_confidence_and_declared_source_validation,10Y yield backdrop is restrictive for rate-sensitive risk.,hold,hold
2026-09-24,QQQ,mid,ETF,True,hold,hold,hold,hold,False,False,False,False,False,"confidence,risk",8,16,retained_v1_plus_zero_profile_confidence_and_declared_source_validation,"Price is approaching the reduce range but has not entered the recommended reduce/exit zone.,10Y yield backdrop is restrictive for rate-sensitive risk.",hold,hold
2026-09-24,QQQ,long,ETF,True,hold,hold,hold,hold,False,False,False,False,False,"confidence,risk",2,7,retained_v1_plus_zero_profile_confidence_and_declared_source_validation,"Primary MACD structure still confirms downside momentum.,Current price is in the neutral space between actionable price zones.,10Y yield backdrop is restrictive for rate-sensitive risk.",hold,hold
2026-09-24,SOFI,short,stock,True,hold,hold,accumulate,accumulate,False,False,False,False,False,"confidence,risk",1,14,fixed_stock_short_v2_rebuild,"primary_moving_average_structure_remains_bearish,relative_strength_is_lagging_its_relevant_benchmarks",hold,accumulate
2026-09-24,SOFI,mid,stock,True,accumulate,accumulate,accumulate,accumulate,False,False,False,False,False,"confidence,risk",3,12,retained_v1_plus_zero_profile_confidence_and_declared_source_validation,"Primary MACD structure still confirms downside momentum.,OBV or price-volume behavior indicates distribution.,Relative Strength is lagging its relevant benchmarks.,10Y yield backdrop is restrictive for rate-sensitive risk.",accumulate,accumulate
2026-09-24,SOFI,long,stock,True,hold,hold,hold,hold,False,False,False,False,False,"confidence,risk",18,23,retained_v1_plus_zero_profile_confidence_and_declared_source_validation,"OBV or price-volume behavior indicates distribution.,Relative Strength is lagging its relevant benchmarks.,Primary moving-average structure remains bearish.,Current price is in the neutral space between actionable price zones.,10Y yield backdrop is restrictive for rate-sensitive risk.",hold,hold
2026-09-24,SOXL,short,ETF,True,hold,hold,hold,hold,False,False,True,False,False,"confidence,risk",11,23,retained_v1_plus_zero_profile_confidence_and_declared_source_validation,10Y yield backdrop is restrictive for rate-sensitive risk.,hold,hold
2026-09-24,SOXL,mid,ETF,True,hold,hold,hold,hold,False,False,False,False,False,"confidence,risk",18,26,retained_v1_plus_zero_profile_confidence_and_declared_source_validation,"Relative Strength is lagging its relevant benchmarks.,Primary moving-average structure remains bearish.,Price is extended into layered resistance rather than support.,Current price is in the neutral space between actionable price zones.,10Y yield backdrop is restrictive for rate-sensitive risk.",hold,hold
2026-09-24,SOXL,long,ETF,True,hold,hold,hold,hold,False,False,False,False,False,"confidence,risk",22,27,retained_v1_plus_zero_profile_confidence_and_declared_source_validation,"Current price is in the neutral space between actionable price zones.,10Y yield backdrop is restrictive for rate-sensitive risk.",hold,hold
2026-09-24,SOXS,short,ETF,True,hold,hold,hold,hold,False,False,True,False,False,"confidence,risk",16,28,retained_v1_plus_zero_profile_confidence_and_declared_source_validation,"Relative Strength is lagging its relevant benchmarks.,Primary moving-average structure remains bearish.,Primary MACD structure still confirms downside momentum.,OBV or price-volume behavior indicates distribution.,Trend is weak, but price has not entered a reduce zone or confirmed a breakdown.",hold,hold
2026-09-24,SOXS,mid,ETF,True,avoid,avoid,avoid,avoid,False,False,False,False,False,"confidence,risk",36,44,retained_v1_plus_zero_profile_confidence_and_declared_source_validation,"Primary moving-average structure remains bearish.,Primary MACD structure still confirms downside momentum.,OBV or price-volume behavior indicates distribution.,Price landscape quality is insufficient for an actionable recommendation.,10Y yield backdrop is restrictive for rate-sensitive risk.",avoid,avoid
2026-09-24,SOXS,long,ETF,True,accumulate,accumulate,accumulate,accumulate,False,False,False,False,False,"confidence,risk",26,31,retained_v1_plus_zero_profile_confidence_and_declared_source_validation,"Relative Strength is lagging its relevant benchmarks.,Primary moving-average structure remains bearish.,OBV or price-volume behavior indicates distribution.,10Y yield backdrop is restrictive for rate-sensitive risk.",accumulate,accumulate
2026-09-24,SPCX,short,stock,True,hold,hold,accumulate,accumulate,False,False,True,False,False,"confidence,risk",1,13,fixed_stock_short_v2_rebuild,,hold,accumulate
2026-09-24,SPCX,mid,stock,True,accumulate,accumulate,accumulate,accumulate,False,False,False,False,False,"confidence,risk",3,12,retained_v1_plus_zero_profile_confidence_and_declared_source_validation,"Relative Strength is lagging its relevant benchmarks.,OBV or price-volume behavior indicates distribution.,Upside is extended and marginal momentum/participation is weakening.,10Y yield backdrop is restrictive for rate-sensitive risk.",accumulate,accumulate
2026-09-24,SPCX,long,stock,True,hold,hold,hold,hold,False,False,False,False,False,"confidence,risk",19,24,retained_v1_plus_zero_profile_confidence_and_declared_source_validation,"Current price is in the neutral space between actionable price zones.,10Y yield backdrop is restrictive for rate-sensitive risk.",hold,hold
2026-09-24,SPMO,short,ETF,True,hold,hold,hold,hold,False,False,False,False,False,"confidence,risk",8,20,retained_v1_plus_zero_profile_confidence_and_declared_source_validation,10Y yield backdrop is restrictive for rate-sensitive risk.,hold,hold
2026-09-24,SPMO,mid,ETF,True,hold,hold,hold,hold,False,False,False,False,False,"confidence,risk",20,28,retained_v1_plus_zero_profile_confidence_and_declared_source_validation,"Relative Strength is lagging its relevant benchmarks.,10Y yield backdrop is restrictive for rate-sensitive risk.",hold,hold
2026-09-24,SPMO,long,ETF,True,hold,hold,hold,hold,False,False,False,False,False,"confidence,risk",8,13,retained_v1_plus_zero_profile_confidence_and_declared_source_validation,"Primary MACD structure still confirms downside momentum.,Price is approaching the reduce range but has not entered the recommended reduce/exit zone.,10Y yield backdrop is restrictive for rate-sensitive risk.",hold,hold
2026-09-24,SQQQ,short,ETF,True,hold,hold,hold,hold,False,False,False,False,False,"confidence,risk",12,24,retained_v1_plus_zero_profile_confidence_and_declared_source_validation,"Primary moving-average structure remains bearish.,Primary MACD structure still confirms downside momentum.,OBV or price-volume behavior indicates distribution.,Relative Strength is lagging its relevant benchmarks.,Trend is weak, but price has not entered a reduce zone or confirmed a breakdown.",hold,hold
2026-09-24,SQQQ,mid,ETF,True,avoid,avoid,avoid,avoid,False,False,False,False,False,"confidence,risk",10,18,retained_v1_plus_zero_profile_confidence_and_declared_source_validation,"Primary MACD structure still confirms downside momentum.,Primary moving-average structure remains bearish.,OBV or price-volume behavior indicates distribution.,Price landscape quality is insufficient for an actionable recommendation.,10Y yield backdrop is restrictive for rate-sensitive risk.",avoid,avoid
2026-09-24,SQQQ,long,ETF,True,accumulate,accumulate,accumulate,accumulate,False,False,False,False,False,"confidence,risk",18,23,retained_v1_plus_zero_profile_confidence_and_declared_source_validation,"Relative Strength is lagging its relevant benchmarks.,Primary moving-average structure remains bearish.,OBV or price-volume behavior indicates distribution.,Price is extended into layered resistance rather than support.,10Y yield backdrop is restrictive for rate-sensitive risk.",accumulate,accumulate
2026-09-24,TEM,short,stock,True,hold,hold,hold,hold,False,False,True,False,False,"confidence,risk",14,26,fixed_stock_short_v2_rebuild,v2_location,hold,hold
2026-09-24,TEM,mid,stock,True,hold,hold,hold,hold,False,False,False,False,False,"confidence,risk",26,35,retained_v1_plus_zero_profile_confidence_and_declared_source_validation,"OBV or price-volume behavior indicates distribution.,Upside is extended and marginal momentum/participation is weakening.,10Y yield backdrop is restrictive for rate-sensitive risk.",hold,hold
2026-09-24,TEM,long,stock,True,hold,hold,hold,hold,False,False,False,False,False,"confidence,risk",33,38,retained_v1_plus_zero_profile_confidence_and_declared_source_validation,10Y yield backdrop is restrictive for rate-sensitive risk.,hold,hold
2026-09-24,TQQQ,short,ETF,True,hold,hold,hold,hold,False,False,True,False,False,"confidence,risk",8,20,retained_v1_plus_zero_profile_confidence_and_declared_source_validation,10Y yield backdrop is restrictive for rate-sensitive risk.,hold,hold
2026-09-24,TQQQ,mid,ETF,True,hold,hold,hold,hold,False,False,False,False,False,"confidence,risk",9,17,retained_v1_plus_zero_profile_confidence_and_declared_source_validation,"Relative Strength is lagging its relevant benchmarks.,10Y yield backdrop is restrictive for rate-sensitive risk.",hold,hold
2026-09-24,TQQQ,long,ETF,True,hold,hold,hold,hold,False,False,False,False,False,"confidence,risk",14,19,retained_v1_plus_zero_profile_confidence_and_declared_source_validation,"Primary MACD structure still confirms downside momentum.,Current price is in the neutral space between actionable price zones.,10Y yield backdrop is restrictive for rate-sensitive risk.",hold,hold
2026-09-24,TSLA,short,stock,True,hold,hold,hold,hold,False,False,True,False,False,"confidence,risk",0,12,fixed_stock_short_v2_rebuild,v2_location,hold,hold
2026-09-24,TSLA,mid,stock,True,hold,hold,hold,hold,False,False,False,False,False,"confidence,risk",1,10,retained_v1_plus_zero_profile_confidence_and_declared_source_validation,"Relative Strength is lagging its relevant benchmarks.,10Y yield backdrop is restrictive for rate-sensitive risk.",hold,hold
2026-09-24,TSLA,long,stock,True,hold,hold,hold,hold,False,False,False,False,False,"confidence,risk",7,12,retained_v1_plus_zero_profile_confidence_and_declared_source_validation,"Primary moving-average structure remains bearish.,Relative Strength is lagging its relevant benchmarks.,Current price is in the neutral space between actionable price zones.,10Y yield backdrop is restrictive for rate-sensitive risk.",hold,hold
2026-09-24,TSM,short,stock,True,hold,hold,hold,hold,False,False,True,False,False,"confidence,risk",10,22,fixed_stock_short_v2_rebuild,v2_location,hold,hold
2026-09-24,TSM,mid,stock,True,hold,hold,hold,hold,False,False,False,False,False,"confidence,risk",21,30,retained_v1_plus_zero_profile_confidence_and_declared_source_validation,"Relative Strength is lagging its relevant benchmarks.,10Y yield backdrop is restrictive for rate-sensitive risk.",hold,hold
2026-09-24,TSM,long,stock,True,hold,hold,hold,hold,False,False,False,False,False,"confidence,risk",6,11,retained_v1_plus_zero_profile_confidence_and_declared_source_validation,"Price is approaching the reduce range but has not entered the recommended reduce/exit zone.,10Y yield backdrop is restrictive for rate-sensitive risk.",hold,hold
2026-09-24,UNH,short,stock,True,hold,hold,accumulate,accumulate,False,False,True,False,False,"confidence,risk",0,12,fixed_stock_short_v2_rebuild,"primary_moving_average_structure_remains_bearish,relative_strength_is_lagging_its_relevant_benchmarks",hold,accumulate
2026-09-24,UNH,mid,stock,True,hold,hold,hold,hold,False,False,False,False,False,"confidence,risk",4,12,retained_v1_plus_zero_profile_confidence_and_declared_source_validation,"Primary moving-average structure remains bearish.,Relative Strength is lagging its relevant benchmarks.,OBV or price-volume behavior indicates distribution.,Primary MACD structure still confirms downside momentum.,Price is extended into layered resistance rather than support.",hold,hold
2026-09-24,UNH,long,stock,True,hold,hold,hold,hold,False,False,False,False,False,"confidence,risk",4,9,retained_v1_plus_zero_profile_confidence_and_declared_source_validation,"OBV or price-volume behavior indicates distribution.,Primary MACD structure still confirms downside momentum.,Price is extended into layered resistance rather than support.,Upside is extended and marginal momentum/participation is weakening.,Price is near the opportunity range but has not entered the recommended buy/add zone.",hold,hold
2026-09-24,XE,short,stock,True,hold,hold,trim,trim,False,False,False,False,False,"confidence,risk",3,15,fixed_stock_short_v2_rebuild,"v2_weak_resistance,primary_moving_average_structure_remains_bearish,relative_strength_is_lagging_its_relevant_benchmarks",hold,trim
2026-09-24,XE,mid,stock,True,hold,hold,hold,hold,False,False,False,False,False,"confidence,risk",8,16,retained_v1_plus_zero_profile_confidence_and_declared_source_validation,"Primary moving-average structure remains bearish.,Relative Strength is lagging its relevant benchmarks.,OBV or price-volume behavior indicates distribution.,Trend is weak, but price has not entered a reduce zone or confirmed a breakdown.,10Y yield backdrop is restrictive for rate-sensitive risk.",hold,hold
2026-09-24,XE,long,stock,True,hold,hold,hold,hold,False,False,False,False,False,"confidence,risk",20,25,retained_v1_plus_zero_profile_confidence_and_declared_source_validation,"OBV or price-volume behavior indicates distribution.,Primary moving-average structure remains bearish.,Trend is weak, but price has not entered a reduce zone or confirmed a breakdown.,10Y yield backdrop is restrictive for rate-sensitive risk.",hold,hold
2026-09-24,ZETA,short,stock,True,accumulate,accumulate,hold,hold,False,False,True,False,False,"confidence,risk",1,13,fixed_stock_short_v2_rebuild,v2_entry_unconfirmed,accumulate,hold
2026-09-24,ZETA,mid,stock,True,hold,hold,hold,hold,False,False,False,False,False,"confidence,risk",3,12,retained_v1_plus_zero_profile_confidence_and_declared_source_validation,"Primary MACD structure still confirms downside momentum.,Price is extended into layered resistance rather than support.,Current price is in the neutral space between actionable price zones.,10Y yield backdrop is restrictive for rate-sensitive risk.",hold,hold
2026-09-24,ZETA,long,stock,True,hold,hold,hold,hold,False,False,False,False,False,"confidence,risk",19,24,retained_v1_plus_zero_profile_confidence_and_declared_source_validation,10Y yield backdrop is restrictive for rate-sensitive risk.,hold,hold
2026-09-25,AAPL,short,stock,True,hold,hold,hold,hold,False,False,True,False,False,"confidence,risk",0,12,fixed_stock_short_v2_rebuild,v2_trend_resistance,hold,hold
2026-09-25,AAPL,mid,stock,True,trim,trim,trim,trim,False,False,False,False,False,"confidence,risk",5,13,retained_v1_plus_zero_profile_confidence_and_declared_source_validation,"Current price has reached the reduce zone; reduce exposure rather than add.,10Y yield backdrop is restrictive for rate-sensitive risk.",trim,trim
2026-09-25,AAPL,long,stock,True,hold,hold,hold,hold,False,False,False,False,False,"confidence,risk",3,8,retained_v1_plus_zero_profile_confidence_and_declared_source_validation,10Y yield backdrop is restrictive for rate-sensitive risk.,hold,hold
2026-09-25,AMD,short,stock,True,hold,hold,hold,hold,False,False,True,False,False,"confidence,risk",18,30,fixed_stock_short_v2_rebuild,v2_location,hold,hold
2026-09-25,AMD,mid,stock,True,trim,trim,trim,trim,False,False,False,False,False,"confidence,risk",28,37,retained_v1_plus_zero_profile_confidence_and_declared_source_validation,"Current price has reached the reduce zone; reduce exposure rather than add.,10Y yield backdrop is restrictive for rate-sensitive risk.",trim,trim
2026-09-25,AMD,long,stock,True,avoid,avoid,avoid,avoid,False,False,False,False,False,"confidence,risk",24,29,retained_v1_plus_zero_profile_confidence_and_declared_source_validation,"Price landscape quality is insufficient for an actionable recommendation.,10Y yield backdrop is restrictive for rate-sensitive risk.",avoid,avoid
2026-09-25,AMZN,short,stock,True,hold,hold,hold,hold,False,False,True,False,False,"confidence,risk",0,12,fixed_stock_short_v2_rebuild,"v2_location,primary_moving_average_structure_remains_bearish,relative_strength_is_lagging_its_relevant_benchmarks",hold,hold
2026-09-25,AMZN,mid,stock,True,trim,trim,trim,trim,False,False,False,False,False,"confidence,risk",0,8,retained_v1_plus_zero_profile_confidence_and_declared_source_validation,"Primary MACD structure still confirms downside momentum.,OBV or price-volume behavior indicates distribution.,Primary moving-average structure remains bearish.,Current price has reached the reduce zone; reduce exposure rather than add.,10Y yield backdrop is restrictive for rate-sensitive risk.",trim,trim
2026-09-25,AMZN,long,stock,True,hold,hold,hold,hold,False,False,False,False,False,"confidence,risk",5,10,retained_v1_plus_zero_profile_confidence_and_declared_source_validation,"OBV or price-volume behavior indicates distribution.,Primary MACD structure still confirms downside momentum.,Upside is extended and marginal momentum/participation is weakening.,Price is near the opportunity range but has not entered the recommended buy/add zone.,10Y yield backdrop is restrictive for rate-sensitive risk.",hold,hold
2026-09-25,BABA,short,stock,True,hold,hold,hold,hold,False,False,True,False,False,"confidence,risk",0,12,fixed_stock_short_v2_rebuild,"v2_location,primary_moving_average_structure_remains_bearish",hold,hold
2026-09-25,BABA,mid,stock,True,hold,hold,hold,hold,False,False,False,False,False,"confidence,risk",1,9,retained_v1_plus_zero_profile_confidence_and_declared_source_validation,"Primary moving-average structure remains bearish.,OBV or price-volume behavior indicates distribution.,Trend is weak, but price has not entered a reduce zone or confirmed a breakdown.,10Y yield backdrop is restrictive for rate-sensitive risk.",hold,hold
2026-09-25,BABA,long,stock,True,hold,hold,hold,hold,False,False,False,False,False,"confidence,risk",9,14,retained_v1_plus_zero_profile_confidence_and_declared_source_validation,"Relative Strength is lagging its relevant benchmarks.,Primary moving-average structure remains bearish.,OBV or price-volume behavior indicates distribution.,Trend is weak, but price has not entered a reduce zone or confirmed a breakdown.,10Y yield backdrop is restrictive for rate-sensitive risk.",hold,hold
2026-09-25,CRCL,short,stock,True,hold,hold,hold,hold,False,False,True,False,False,"confidence,risk",3,17,fixed_stock_short_v2_rebuild,v2_location,hold,hold
2026-09-25,CRCL,mid,stock,True,hold,hold,hold,hold,False,False,False,False,False,"confidence,risk",6,16,retained_v1_plus_zero_profile_confidence_and_declared_source_validation,"Primary MACD structure still confirms downside momentum.,Price is near the opportunity range but has not entered the recommended buy/add zone.,10Y yield backdrop is restrictive for rate-sensitive risk.",hold,hold
2026-09-25,CRCL,long,stock,True,hold,hold,hold,hold,False,False,False,False,False,"confidence,risk",19,25,retained_v1_plus_zero_profile_confidence_and_declared_source_validation,"Relative Strength is lagging its relevant benchmarks.,Current price is in the neutral space between actionable price zones.,10Y yield backdrop is restrictive for rate-sensitive risk.",hold,hold
2026-09-25,CRWV,short,stock,True,accumulate,accumulate,accumulate,accumulate,False,False,True,False,False,"confidence,risk",2,15,fixed_stock_short_v2_rebuild,,accumulate,accumulate
2026-09-25,CRWV,mid,stock,True,hold,hold,hold,hold,False,False,False,False,False,"confidence,risk",8,17,retained_v1_plus_zero_profile_confidence_and_declared_source_validation,"Primary moving-average structure remains bearish.,Current price is in the neutral space between actionable price zones.,10Y yield backdrop is restrictive for rate-sensitive risk.",hold,hold
2026-09-25,CRWV,long,stock,True,hold,hold,hold,hold,False,False,False,False,False,"confidence,risk",18,23,retained_v1_plus_zero_profile_confidence_and_declared_source_validation,"OBV or price-volume behavior indicates distribution.,Primary MACD structure still confirms downside momentum.,Current price is in the neutral space between actionable price zones.,10Y yield backdrop is restrictive for rate-sensitive risk.",hold,hold
2026-09-25,GEV,short,stock,True,hold,hold,hold,hold,False,False,True,False,False,"confidence,risk",0,12,fixed_stock_short_v2_rebuild,v2_location,hold,hold
2026-09-25,GEV,mid,stock,True,trim,trim,trim,trim,False,False,False,False,False,"confidence,risk",7,15,retained_v1_plus_zero_profile_confidence_and_declared_source_validation,"Relative Strength is lagging its relevant benchmarks.,Primary moving-average structure remains bearish.,Current price has reached the reduce zone; reduce exposure rather than add.,10Y yield backdrop is restrictive for rate-sensitive risk.",trim,trim
2026-09-25,GEV,long,stock,True,hold,hold,hold,hold,False,False,False,False,False,"confidence,risk",14,19,retained_v1_plus_zero_profile_confidence_and_declared_source_validation,"OBV or price-volume behavior indicates distribution.,Relative Strength is lagging its relevant benchmarks.,Price is near the opportunity range but has not entered the recommended buy/add zone.,10Y yield backdrop is restrictive for rate-sensitive risk.",hold,hold
2026-09-25,GOOGL,short,stock,True,hold,hold,hold,hold,False,False,True,False,False,"confidence,risk",5,17,fixed_stock_short_v2_rebuild,v2_entry_unconfirmed,hold,hold
2026-09-25,GOOGL,mid,stock,True,hold,hold,hold,hold,False,False,False,False,False,"confidence,risk",1,9,retained_v1_plus_zero_profile_confidence_and_declared_source_validation,"Primary moving-average structure remains bearish.,Current price is in the neutral space between actionable price zones.,10Y yield backdrop is restrictive for rate-sensitive risk.",hold,hold
2026-09-25,GOOGL,long,stock,True,hold,hold,hold,hold,False,False,False,False,False,"confidence,risk",9,14,retained_v1_plus_zero_profile_confidence_and_declared_source_validation,"OBV or price-volume behavior indicates distribution.,Price is near the opportunity range but has not entered the recommended buy/add zone.,10Y yield backdrop is restrictive for rate-sensitive risk.",hold,hold
2026-09-25,GS,short,stock,True,hold,hold,hold,hold,False,False,True,False,False,"confidence,risk",5,19,fixed_stock_short_v2_rebuild,"v2_entry_unconfirmed,primary_moving_average_structure_remains_bearish,relative_strength_is_lagging_its_relevant_benchmarks",hold,hold
2026-09-25,GS,mid,stock,True,sell,sell,sell,sell,False,False,False,False,False,"confidence,risk",12,22,retained_v1_plus_zero_profile_confidence_and_declared_source_validation,"Primary moving-average structure remains bearish.,Primary MACD structure still confirms downside momentum.,OBV or price-volume behavior indicates distribution.,Relative Strength is lagging its relevant benchmarks.,A confirmed breakdown has invalidated the prior opportunity structure; exit is anchored near the current executable area.",sell,sell
2026-09-25,GS,long,stock,True,hold,hold,hold,hold,False,False,False,False,False,"confidence,risk",17,23,retained_v1_plus_zero_profile_confidence_and_declared_source_validation,"OBV or price-volume behavior indicates distribution.,Primary MACD structure still confirms downside momentum.,Relative Strength is lagging its relevant benchmarks.,Upside is extended and marginal momentum/participation is weakening.,Trend is weak, but price has not entered a reduce zone or confirmed a breakdown.",hold,hold
2026-09-25,HIMS,short,stock,True,hold,hold,hold,hold,False,False,True,False,False,"confidence,risk",2,14,fixed_stock_short_v2_rebuild,"v2_location,relative_strength_is_lagging_its_relevant_benchmarks",hold,hold
2026-09-25,HIMS,mid,stock,True,accumulate,accumulate,accumulate,accumulate,False,False,False,False,False,"confidence,risk",5,13,retained_v1_plus_zero_profile_confidence_and_declared_source_validation,"Relative Strength is lagging its relevant benchmarks.,10Y yield backdrop is restrictive for rate-sensitive risk.",accumulate,accumulate
2026-09-25,HIMS,long,stock,True,accumulate,accumulate,accumulate,accumulate,False,False,False,False,False,"confidence,risk",17,22,retained_v1_plus_zero_profile_confidence_and_declared_source_validation,"Primary MACD structure still confirms downside momentum.,OBV or price-volume behavior indicates distribution.,Upside is extended and marginal momentum/participation is weakening.,10Y yield backdrop is restrictive for rate-sensitive risk.",accumulate,accumulate
2026-09-25,META,short,stock,True,hold,hold,hold,hold,False,False,True,False,False,"confidence,risk",11,23,fixed_stock_short_v2_rebuild,v2_location,hold,hold
2026-09-25,META,mid,stock,True,hold,hold,hold,hold,False,False,False,False,False,"confidence,risk",27,36,retained_v1_plus_zero_profile_confidence_and_declared_source_validation,10Y yield backdrop is restrictive for rate-sensitive risk.,hold,hold
2026-09-25,META,long,stock,True,hold,hold,hold,hold,False,False,False,False,False,"confidence,risk",25,30,retained_v1_plus_zero_profile_confidence_and_declared_source_validation,"Price is extended into layered resistance rather than support.,Price is approaching the reduce range but has not entered the recommended reduce/exit zone.,10Y yield backdrop is restrictive for rate-sensitive risk.",hold,hold
2026-09-25,MPT,short,stock,True,accumulate,accumulate,hold,hold,False,False,False,False,False,"confidence,risk",6,20,fixed_stock_short_v2_rebuild,"v2_entry_unconfirmed,primary_moving_average_structure_remains_bearish,relative_strength_is_lagging_its_relevant_benchmarks",accumulate,hold
2026-09-25,MPT,mid,stock,True,hold,hold,hold,hold,False,False,False,False,False,"confidence,risk",19,29,retained_v1_plus_zero_profile_confidence_and_declared_source_validation,"Relative Strength is lagging its relevant benchmarks.,Primary moving-average structure remains bearish.,OBV or price-volume behavior indicates distribution.,Trend is weak, but price has not entered a reduce zone or confirmed a breakdown.,10Y yield backdrop is restrictive for rate-sensitive risk.",hold,hold
2026-09-25,MPT,long,stock,True,sell,sell,sell,sell,False,False,False,False,False,"confidence,risk",21,27,retained_v1_plus_zero_profile_confidence_and_declared_source_validation,"Relative Strength is lagging its relevant benchmarks.,Primary MACD structure still confirms downside momentum.,Primary moving-average structure remains bearish.,OBV or price-volume behavior indicates distribution.,Price is extended into layered resistance rather than support.",sell,sell
2026-09-25,MSFT,short,stock,True,hold,hold,hold,hold,False,False,True,False,False,"confidence,risk",13,25,fixed_stock_short_v2_rebuild,v2_location,hold,hold
2026-09-25,MSFT,mid,stock,True,accumulate,accumulate,accumulate,accumulate,False,False,False,False,False,"confidence,risk",21,29,retained_v1_plus_zero_profile_confidence_and_declared_source_validation,"OBV or price-volume behavior indicates distribution.,10Y yield backdrop is restrictive for rate-sensitive risk.",accumulate,accumulate
2026-09-25,MSFT,long,stock,True,hold,hold,hold,hold,False,False,False,False,False,"confidence,risk",13,18,retained_v1_plus_zero_profile_confidence_and_declared_source_validation,10Y yield backdrop is restrictive for rate-sensitive risk.,hold,hold
2026-09-25,MU,short,stock,True,hold,hold,hold,hold,False,False,True,False,False,"confidence,risk",19,31,fixed_stock_short_v2_rebuild,v2_trend_resistance,hold,hold
2026-09-25,MU,mid,stock,True,hold,hold,hold,hold,False,False,False,False,False,"confidence,risk",21,30,retained_v1_plus_zero_profile_confidence_and_declared_source_validation,"10Y yield backdrop is restrictive for rate-sensitive risk.,Earnings proximity raises event uncertainty.",hold,hold
2026-09-25,MU,long,stock,True,hold,hold,hold,hold,False,False,False,False,False,"confidence,risk",30,35,retained_v1_plus_zero_profile_confidence_and_declared_source_validation,"10Y yield backdrop is restrictive for rate-sensitive risk.,Earnings proximity raises event uncertainty.",hold,hold
2026-09-25,NFLX,short,stock,True,accumulate,accumulate,hold,hold,False,False,True,False,False,"confidence,risk",7,19,fixed_stock_short_v2_rebuild,"v2_entry_unconfirmed,primary_moving_average_structure_remains_bearish,relative_strength_is_lagging_its_relevant_benchmarks",accumulate,hold
2026-09-25,NFLX,mid,stock,True,accumulate,accumulate,accumulate,accumulate,False,False,False,False,False,"confidence,risk",11,19,retained_v1_plus_zero_profile_confidence_and_declared_source_validation,"Primary moving-average structure remains bearish.,Primary MACD structure still confirms downside momentum.,OBV or price-volume behavior indicates distribution.,10Y yield backdrop is restrictive for rate-sensitive risk.",accumulate,accumulate
2026-09-25,NFLX,long,stock,True,hold,hold,hold,hold,False,False,False,False,False,"confidence,risk",9,14,retained_v1_plus_zero_profile_confidence_and_declared_source_validation,"Relative Strength is lagging its relevant benchmarks.,Primary moving-average structure remains bearish.,OBV or price-volume behavior indicates distribution.,Price is near the opportunity range but has not entered the recommended buy/add zone.,10Y yield backdrop is restrictive for rate-sensitive risk.",hold,hold
2026-09-25,NOK,short,stock,True,hold,hold,hold,hold,False,False,False,False,False,"confidence,risk",1,13,fixed_stock_short_v2_rebuild,"v2_entry_unconfirmed,relative_strength_is_lagging_its_relevant_benchmarks",hold,hold
2026-09-25,NOK,mid,stock,True,accumulate,accumulate,accumulate,accumulate,False,False,False,False,False,"confidence,risk",3,11,retained_v1_plus_zero_profile_confidence_and_declared_source_validation,"Relative Strength is lagging its relevant benchmarks.,Primary moving-average structure remains bearish.,10Y yield backdrop is restrictive for rate-sensitive risk.",accumulate,accumulate
2026-09-25,NOK,long,stock,True,hold,hold,hold,hold,False,False,False,False,False,"confidence,risk",24,29,retained_v1_plus_zero_profile_confidence_and_declared_source_validation,"OBV or price-volume behavior indicates distribution.,Current price is in the neutral space between actionable price zones.,10Y yield backdrop is restrictive for rate-sensitive risk.",hold,hold
2026-09-25,NOW,short,stock,True,accumulate,accumulate,hold,hold,False,False,True,False,False,"confidence,risk",1,14,fixed_stock_short_v2_rebuild,"v2_entry_unconfirmed,relative_strength_is_lagging_its_relevant_benchmarks",accumulate,hold
2026-09-25,NOW,mid,stock,True,accumulate,accumulate,accumulate,accumulate,False,False,False,False,False,"confidence,risk",3,12,retained_v1_plus_zero_profile_confidence_and_declared_source_validation,"OBV or price-volume behavior indicates distribution.,Primary MACD structure still confirms downside momentum.,10Y yield backdrop is restrictive for rate-sensitive risk.",accumulate,accumulate
2026-09-25,NOW,long,stock,True,hold,hold,hold,hold,False,False,False,False,True,"confidence,landscape,risk",10,15,retained_v1_plus_zero_profile_confidence_and_declared_source_validation,10Y yield backdrop is restrictive for rate-sensitive risk.,hold,hold
2026-09-25,NVDA,short,stock,True,hold,hold,accumulate,accumulate,False,False,True,False,False,"confidence,risk",0,12,fixed_stock_short_v2_rebuild,relative_strength_is_lagging_its_relevant_benchmarks,hold,accumulate
2026-09-25,NVDA,mid,stock,True,hold,hold,hold,hold,False,False,False,False,False,"confidence,risk",1,10,retained_v1_plus_zero_profile_confidence_and_declared_source_validation,10Y yield backdrop is restrictive for rate-sensitive risk.,hold,hold
2026-09-25,NVDA,long,stock,True,trim,trim,trim,trim,False,False,False,False,False,"confidence,risk",5,10,retained_v1_plus_zero_profile_confidence_and_declared_source_validation,"Current price has reached the reduce zone; reduce exposure rather than add.,10Y yield backdrop is restrictive for rate-sensitive risk.",trim,trim
2026-09-25,ORCL,short,stock,True,hold,hold,hold,hold,False,False,True,False,False,"confidence,risk",11,24,fixed_stock_short_v2_rebuild,"v2_entry_unconfirmed,primary_moving_average_structure_remains_bearish,relative_strength_is_lagging_its_relevant_benchmarks",hold,hold
2026-09-25,ORCL,mid,stock,True,hold,hold,hold,hold,False,False,False,False,False,"confidence,risk",3,12,retained_v1_plus_zero_profile_confidence_and_declared_source_validation,"Primary MACD structure still confirms downside momentum.,Primary moving-average structure remains bearish.,OBV or price-volume behavior indicates distribution.,Price is extended into layered resistance rather than support.,Trend is weak, but price has not entered a reduce zone or confirmed a breakdown.",hold,hold
2026-09-25,ORCL,long,stock,True,hold,hold,hold,hold,False,False,False,False,False,"confidence,risk",20,25,retained_v1_plus_zero_profile_confidence_and_declared_source_validation,"Relative Strength is lagging its relevant benchmarks.,OBV or price-volume behavior indicates distribution.,Primary moving-average structure remains bearish.,Trend is weak, but price has not entered a reduce zone or confirmed a breakdown.,10Y yield backdrop is restrictive for rate-sensitive risk.",hold,hold
2026-09-25,PDD,short,stock,True,accumulate,accumulate,hold,hold,False,False,True,False,False,"confidence,risk",0,12,fixed_stock_short_v2_rebuild,"v2_entry_unconfirmed,primary_moving_average_structure_remains_bearish,relative_strength_is_lagging_its_relevant_benchmarks",accumulate,hold
2026-09-25,PDD,mid,stock,True,hold,hold,hold,hold,False,False,False,False,False,"confidence,risk",6,14,retained_v1_plus_zero_profile_confidence_and_declared_source_validation,"Primary moving-average structure remains bearish.,OBV or price-volume behavior indicates distribution.,Relative Strength is lagging its relevant benchmarks.,Trend is weak, but price has not entered a reduce zone or confirmed a breakdown.,10Y yield backdrop is restrictive for rate-sensitive risk.",hold,hold
2026-09-25,PDD,long,stock,True,accumulate,accumulate,accumulate,accumulate,False,False,False,False,False,"confidence,risk",7,12,retained_v1_plus_zero_profile_confidence_and_declared_source_validation,"Relative Strength is lagging its relevant benchmarks.,Primary moving-average structure remains bearish.,OBV or price-volume behavior indicates distribution.,Primary MACD structure still confirms downside momentum.,10Y yield backdrop is restrictive for rate-sensitive risk.",accumulate,accumulate
2026-09-25,PLTR,short,stock,True,hold,hold,hold,hold,False,False,True,False,False,"confidence,risk",1,14,fixed_stock_short_v2_rebuild,v2_location,hold,hold
2026-09-25,PLTR,mid,stock,True,buy,buy,buy,buy,False,False,False,False,False,"confidence,risk",12,21,retained_v1_plus_zero_profile_confidence_and_declared_source_validation,10Y yield backdrop is restrictive for rate-sensitive risk.,buy,buy
2026-09-25,PLTR,long,stock,True,hold,hold,hold,hold,False,False,False,False,False,"confidence,risk",11,16,retained_v1_plus_zero_profile_confidence_and_declared_source_validation,"Price is approaching the reduce range but has not entered the recommended reduce/exit zone.,10Y yield backdrop is restrictive for rate-sensitive risk.",hold,hold
2026-09-25,QQQ,short,ETF,True,hold,hold,hold,hold,False,False,True,False,False,"confidence,risk",9,21,retained_v1_plus_zero_profile_confidence_and_declared_source_validation,"Price is approaching the reduce range but has not entered the recommended reduce/exit zone.,10Y yield backdrop is restrictive for rate-sensitive risk.",hold,hold
2026-09-25,QQQ,mid,ETF,True,trim,trim,trim,trim,False,False,False,False,False,"confidence,risk",10,18,retained_v1_plus_zero_profile_confidence_and_declared_source_validation,"Current price has reached the reduce zone; reduce exposure rather than add.,10Y yield backdrop is restrictive for rate-sensitive risk.",trim,trim
2026-09-25,QQQ,long,ETF,True,hold,hold,hold,hold,False,False,False,False,False,"confidence,risk",2,7,retained_v1_plus_zero_profile_confidence_and_declared_source_validation,"Price is near the opportunity range but has not entered the recommended buy/add zone.,10Y yield backdrop is restrictive for rate-sensitive risk.",hold,hold
2026-09-25,SOFI,short,stock,True,hold,hold,hold,hold,False,False,False,False,False,"confidence,risk",0,13,fixed_stock_short_v2_rebuild,"v2_location,primary_moving_average_structure_remains_bearish,relative_strength_is_lagging_its_relevant_benchmarks",hold,hold
2026-09-25,SOFI,mid,stock,True,accumulate,accumulate,accumulate,accumulate,False,False,False,False,False,"confidence,risk",3,12,retained_v1_plus_zero_profile_confidence_and_declared_source_validation,"Primary MACD structure still confirms downside momentum.,OBV or price-volume behavior indicates distribution.,Relative Strength is lagging its relevant benchmarks.,Primary moving-average structure remains bearish.,10Y yield backdrop is restrictive for rate-sensitive risk.",accumulate,accumulate
2026-09-25,SOFI,long,stock,True,hold,hold,hold,hold,False,False,False,False,False,"confidence,risk",18,23,retained_v1_plus_zero_profile_confidence_and_declared_source_validation,"OBV or price-volume behavior indicates distribution.,Relative Strength is lagging its relevant benchmarks.,Primary moving-average structure remains bearish.,Price is near the opportunity range but has not entered the recommended buy/add zone.,10Y yield backdrop is restrictive for rate-sensitive risk.",hold,hold
2026-09-25,SOXL,short,ETF,True,hold,hold,hold,hold,False,False,True,False,False,"confidence,risk",12,24,retained_v1_plus_zero_profile_confidence_and_declared_source_validation,10Y yield backdrop is restrictive for rate-sensitive risk.,hold,hold
2026-09-25,SOXL,mid,ETF,True,hold,hold,hold,hold,False,False,False,False,False,"confidence,risk",27,35,retained_v1_plus_zero_profile_confidence_and_declared_source_validation,"Relative Strength is lagging its relevant benchmarks.,Price is extended into layered resistance rather than support.,Primary moving-average structure remains bearish.,Current price is in the neutral space between actionable price zones.,10Y yield backdrop is restrictive for rate-sensitive risk.",hold,hold
2026-09-25,SOXL,long,ETF,True,hold,hold,hold,hold,False,False,False,False,False,"confidence,risk",22,27,retained_v1_plus_zero_profile_confidence_and_declared_source_validation,"Current price is in the neutral space between actionable price zones.,10Y yield backdrop is restrictive for rate-sensitive risk.",hold,hold
2026-09-25,SOXS,short,ETF,True,sell,sell,sell,sell,False,False,False,False,False,"confidence,risk",18,30,retained_v1_plus_zero_profile_confidence_and_declared_source_validation,"Relative Strength is lagging its relevant benchmarks.,Primary moving-average structure remains bearish.,Primary MACD structure still confirms downside momentum.,OBV or price-volume behavior indicates distribution.,A confirmed breakdown has invalidated the prior opportunity structure; exit is anchored near the current executable area.",sell,accumulate
2026-09-25,SOXS,mid,ETF,True,avoid,avoid,avoid,avoid,False,False,False,False,False,"confidence,risk",36,44,retained_v1_plus_zero_profile_confidence_and_declared_source_validation,"Primary moving-average structure remains bearish.,Primary MACD structure still confirms downside momentum.,Relative Strength is lagging its relevant benchmarks.,OBV or price-volume behavior indicates distribution.,Price landscape quality is insufficient for an actionable recommendation.",avoid,avoid
2026-09-25,SOXS,long,ETF,True,hold,hold,hold,hold,False,False,False,False,False,"confidence,risk",26,31,retained_v1_plus_zero_profile_confidence_and_declared_source_validation,"Relative Strength is lagging its relevant benchmarks.,Primary moving-average structure remains bearish.,OBV or price-volume behavior indicates distribution.,Price is near the opportunity range but has not entered the recommended buy/add zone.,10Y yield backdrop is restrictive for rate-sensitive risk.",hold,hold
2026-09-25,SPCX,short,stock,True,hold,hold,accumulate,accumulate,False,False,True,False,False,"confidence,risk",1,13,fixed_stock_short_v2_rebuild,,hold,accumulate
2026-09-25,SPCX,mid,stock,True,hold,hold,hold,hold,False,False,False,False,False,"confidence,risk",3,12,retained_v1_plus_zero_profile_confidence_and_declared_source_validation,"OBV or price-volume behavior indicates distribution.,Relative Strength is lagging its relevant benchmarks.,Primary MACD structure still confirms downside momentum.,Upside is extended and marginal momentum/participation is weakening.,Current price is in the neutral space between actionable price zones.",hold,hold
2026-09-25,SPCX,long,stock,True,hold,hold,hold,hold,False,False,False,False,False,"confidence,risk",19,24,retained_v1_plus_zero_profile_confidence_and_declared_source_validation,"Current price is in the neutral space between actionable price zones.,10Y yield backdrop is restrictive for rate-sensitive risk.",hold,hold
2026-09-25,SPMO,short,ETF,True,hold,hold,hold,hold,False,False,False,False,False,"confidence,risk",8,20,retained_v1_plus_zero_profile_confidence_and_declared_source_validation,10Y yield backdrop is restrictive for rate-sensitive risk.,hold,hold
2026-09-25,SPMO,mid,ETF,True,hold,hold,hold,hold,False,False,False,False,False,"confidence,risk",20,28,retained_v1_plus_zero_profile_confidence_and_declared_source_validation,"Relative Strength is lagging its relevant benchmarks.,10Y yield backdrop is restrictive for rate-sensitive risk.",hold,hold
2026-09-25,SPMO,long,ETF,True,hold,hold,hold,hold,False,False,False,False,False,"confidence,risk",8,13,retained_v1_plus_zero_profile_confidence_and_declared_source_validation,"Price is approaching the reduce range but has not entered the recommended reduce/exit zone.,10Y yield backdrop is restrictive for rate-sensitive risk.",hold,hold
2026-09-25,SQQQ,short,ETF,True,sell,sell,sell,sell,False,False,False,False,False,"confidence,risk",13,25,retained_v1_plus_zero_profile_confidence_and_declared_source_validation,"Primary moving-average structure remains bearish.,Primary MACD structure still confirms downside momentum.,OBV or price-volume behavior indicates distribution.,Relative Strength is lagging its relevant benchmarks.,A confirmed breakdown has invalidated the prior opportunity structure; exit is anchored near the current executable area.",sell,accumulate
2026-09-25,SQQQ,mid,ETF,True,avoid,avoid,avoid,avoid,False,False,False,False,False,"confidence,risk",11,19,retained_v1_plus_zero_profile_confidence_and_declared_source_validation,"Primary MACD structure still confirms downside momentum.,Primary moving-average structure remains bearish.,OBV or price-volume behavior indicates distribution.,Relative Strength is lagging its relevant benchmarks.,Price landscape quality is insufficient for an actionable recommendation.",avoid,avoid
2026-09-25,SQQQ,long,ETF,True,accumulate,accumulate,accumulate,accumulate,False,False,False,False,False,"confidence,risk",19,24,retained_v1_plus_zero_profile_confidence_and_declared_source_validation,"Relative Strength is lagging its relevant benchmarks.,Primary moving-average structure remains bearish.,OBV or price-volume behavior indicates distribution.,Price is extended into layered resistance rather than support.,10Y yield backdrop is restrictive for rate-sensitive risk.",accumulate,accumulate
2026-09-25,TEM,short,stock,True,hold,hold,hold,hold,False,False,True,False,False,"confidence,risk",23,35,fixed_stock_short_v2_rebuild,v2_location,hold,hold
2026-09-25,TEM,mid,stock,True,hold,hold,hold,hold,False,False,False,False,False,"confidence,risk",30,39,retained_v1_plus_zero_profile_confidence_and_declared_source_validation,10Y yield backdrop is restrictive for rate-sensitive risk.,hold,hold
2026-09-25,TEM,long,stock,True,hold,hold,hold,hold,False,False,False,False,False,"confidence,risk",34,39,retained_v1_plus_zero_profile_confidence_and_declared_source_validation,10Y yield backdrop is restrictive for rate-sensitive risk.,hold,hold
2026-09-25,TQQQ,short,ETF,True,hold,hold,hold,hold,False,False,True,False,True,"confidence,landscape,risk",8,20,retained_v1_plus_zero_profile_confidence_and_declared_source_validation,10Y yield backdrop is restrictive for rate-sensitive risk.,hold,hold
2026-09-25,TQQQ,mid,ETF,True,hold,hold,hold,hold,False,False,False,False,False,"confidence,risk",9,17,retained_v1_plus_zero_profile_confidence_and_declared_source_validation,10Y yield backdrop is restrictive for rate-sensitive risk.,hold,hold
2026-09-25,TQQQ,long,ETF,True,hold,hold,hold,hold,False,False,False,False,False,"confidence,risk",8,13,retained_v1_plus_zero_profile_confidence_and_declared_source_validation,"Price is approaching the reduce range but has not entered the recommended reduce/exit zone.,10Y yield backdrop is restrictive for rate-sensitive risk.",hold,hold
2026-09-25,TSLA,short,stock,True,accumulate,accumulate,hold,hold,False,False,True,False,False,"confidence,risk",0,12,fixed_stock_short_v2_rebuild,v2_entry_unconfirmed,accumulate,hold
2026-09-25,TSLA,mid,stock,True,hold,hold,hold,hold,False,False,False,False,True,"confidence,landscape,risk",2,11,retained_v1_plus_zero_profile_confidence_and_declared_source_validation,"Relative Strength is lagging its relevant benchmarks.,Current price is in the neutral space between actionable price zones.,10Y yield backdrop is restrictive for rate-sensitive risk.",hold,hold
2026-09-25,TSLA,long,stock,True,trim,trim,trim,trim,False,False,False,False,False,"confidence,risk",7,12,retained_v1_plus_zero_profile_confidence_and_declared_source_validation,"Primary moving-average structure remains bearish.,Relative Strength is lagging its relevant benchmarks.,Current price has reached the reduce zone; reduce exposure rather than add.,10Y yield backdrop is restrictive for rate-sensitive risk.",trim,trim
2026-09-25,TSM,short,stock,True,hold,hold,hold,hold,False,False,True,False,False,"confidence,risk",8,20,fixed_stock_short_v2_rebuild,v2_location,hold,hold
2026-09-25,TSM,mid,stock,True,hold,hold,hold,hold,False,False,False,False,False,"confidence,risk",11,20,retained_v1_plus_zero_profile_confidence_and_declared_source_validation,10Y yield backdrop is restrictive for rate-sensitive risk.,hold,hold
2026-09-25,TSM,long,stock,True,hold,hold,hold,hold,False,False,False,False,False,"confidence,risk",5,10,retained_v1_plus_zero_profile_confidence_and_declared_source_validation,"Price is approaching the reduce range but has not entered the recommended reduce/exit zone.,10Y yield backdrop is restrictive for rate-sensitive risk.",hold,hold
2026-09-25,UNH,short,stock,True,hold,hold,hold,hold,False,False,True,False,False,"confidence,risk",0,12,fixed_stock_short_v2_rebuild,"v2_location,primary_moving_average_structure_remains_bearish,relative_strength_is_lagging_its_relevant_benchmarks",hold,hold
2026-09-25,UNH,mid,stock,True,hold,hold,hold,hold,False,False,False,False,False,"confidence,risk",4,12,retained_v1_plus_zero_profile_confidence_and_declared_source_validation,"Primary moving-average structure remains bearish.,Relative Strength is lagging its relevant benchmarks.,OBV or price-volume behavior indicates distribution.,Primary MACD structure still confirms downside momentum.,Price is extended into layered resistance rather than support.",hold,hold
2026-09-25,UNH,long,stock,True,hold,hold,hold,hold,False,False,False,False,False,"confidence,risk",4,9,retained_v1_plus_zero_profile_confidence_and_declared_source_validation,"OBV or price-volume behavior indicates distribution.,Primary MACD structure still confirms downside momentum.,Upside is extended and marginal momentum/participation is weakening.,Current price is in the neutral space between actionable price zones.,10Y yield backdrop is restrictive for rate-sensitive risk.",hold,hold
2026-09-25,XE,short,stock,True,hold,hold,hold,hold,False,False,False,False,False,"confidence,risk",3,15,fixed_stock_short_v2_rebuild,"v2_entry_unconfirmed,primary_moving_average_structure_remains_bearish,relative_strength_is_lagging_its_relevant_benchmarks",hold,hold
2026-09-25,XE,mid,stock,True,hold,hold,hold,hold,False,False,False,False,False,"confidence,risk",10,18,retained_v1_plus_zero_profile_confidence_and_declared_source_validation,"Relative Strength is lagging its relevant benchmarks.,Primary moving-average structure remains bearish.,OBV or price-volume behavior indicates distribution.,Primary MACD structure still confirms downside momentum.,Trend is weak, but price has not entered a reduce zone or confirmed a breakdown.",hold,hold
2026-09-25,XE,long,stock,True,hold,hold,hold,hold,False,False,False,False,False,"confidence,risk",20,25,retained_v1_plus_zero_profile_confidence_and_declared_source_validation,"Primary moving-average structure remains bearish.,OBV or price-volume behavior indicates distribution.,Trend is weak, but price has not entered a reduce zone or confirmed a breakdown.,10Y yield backdrop is restrictive for rate-sensitive risk.",hold,hold
2026-09-25,ZETA,short,stock,True,hold,hold,hold,hold,False,False,True,False,False,"confidence,risk",1,13,fixed_stock_short_v2_rebuild,"v2_entry_unconfirmed,relative_strength_is_lagging_its_relevant_benchmarks",hold,hold
2026-09-25,ZETA,mid,stock,True,hold,hold,hold,hold,False,False,False,False,False,"confidence,risk",3,12,retained_v1_plus_zero_profile_confidence_and_declared_source_validation,"OBV or price-volume behavior indicates distribution.,Primary MACD structure still confirms downside momentum.,Price is extended into layered resistance rather than support.,Upside is extended and marginal momentum/participation is weakening.,Current price is in the neutral space between actionable price zones.",hold,hold
2026-09-25,ZETA,long,stock,True,hold,hold,hold,hold,False,False,False,False,False,"confidence,risk",15,20,retained_v1_plus_zero_profile_confidence_and_declared_source_validation,10Y yield backdrop is restrictive for rate-sensitive risk.,hold,hold
